Attack_ID,Company_Name,Industry,Country,Attack_Date,Ransomware_Group,Attack_Vector,Ransom_Amount_USD,Payment_Status,Data_Exfiltration,Downtime_Days,Records_Affected,Estimated_Total_Loss_USD,Severity_Score
RA-100000,Mcdonald-Smith,Government,United Kingdom,2024-08-02,BlackCat,Drive-by Download,938912,Paid,No,2,2307213,1462487,3.55
RA-100001,Lopez and Sons,Transportation,Japan,2021-03-07,LockBit,Credential Theft,254957,Not Paid,No,6,1834168,752882,2.99
RA-100002,Anthony Group,Healthcare,United Kingdom,2022-03-28,Ryuk,Malicious Attachment,3773238,Negotiated,Yes,38,2333732,5480736,11.81
RA-100003,"Rodriguez, Romero and Mills",Finance,Australia,2022-03-17,Maze,Credential Theft,2828559,Negotiated,Yes,7,778108,3635324,4.66
RA-100004,Brown LLC,Technology,South Africa,2025-02-03,Hive,Malicious Attachment,3858935,Negotiated,Yes,35,1047217,5803128,10.16
RA-100005,"Reed, Wilcox and Smith",Retail,South Africa,2024-12-13,Conti,Phishing Email,588470,Unknown,No,3,1911849,2219711,2.95
RA-100006,"Mann, Diaz and Davis",Government,Canada,2023-07-18,BlackCat,Credential Theft,3065434,Not Paid,Yes,11,3105403,3820490,7.82
RA-100007,Thomas-Dunn,Transportation,Germany,2021-12-01,Maze,Phishing Email,3882719,Not Paid,Yes,25,2264586,5833404,9.9
RA-100008,Farley-Leblanc,Government,Japan,2025-07-07,Maze,RDP Exploit,2651211,Unknown,No,26,2246073,2800018,8.8
RA-100009,"Mccarthy, Butler and Perry",Government,France,2025-12-17,Hive,Malicious Attachment,3854128,Unknown,No,10,2222075,4156954,7.58
RA-100010,"Kelly, Campbell and Dunn",Finance,United States,2023-01-12,BlackCat,RDP Exploit,1844795,Not Paid,No,9,4274316,2889772,7.47
RA-100011,Olson-Ellis,Energy,France,2024-05-06,REvil,Credential Theft,537909,Paid,Yes,25,3201354,1797577,7.49
RA-100012,Thomas-Hull,Manufacturing,South Africa,2024-10-28,REvil,Zero-Day Exploit,4509433,Not Paid,No,49,2238391,6131301,14.1
RA-100013,Mitchell Inc,Finance,Canada,2021-01-07,Hive,Credential Theft,2214467,Not Paid,Yes,33,1498740,3289152,8.66
RA-100014,Savage-Lamb,Healthcare,Japan,2023-02-05,Maze,Zero-Day Exploit,1360171,Paid,Yes,35,4449029,3296391,11.06
RA-100015,"Morgan, Bell and Rose",Hospitality,South Africa,2023-01-14,BlackCat,Drive-by Download,2584615,Unknown,Yes,16,486011,3099759,5.47
RA-100016,Butler-Little,Energy,France,2025-04-07,Clop,Malicious Attachment,4473663,Unknown,Yes,50,1055055,4752919,13.03
RA-100017,"Carter, Brown and Parsons",Manufacturing,Brazil,2024-01-10,Hive,Zero-Day Exploit,1692377,Paid,Yes,46,2614965,2539124,11.21
RA-100018,Morris Ltd,Transportation,Germany,2022-04-06,Akira,RDP Exploit,542088,Paid,Yes,22,176548,1785860,4.02
RA-100019,Stephenson and Sons,Healthcare,Australia,2024-12-20,BlackCat,Credential Theft,498868,Not Paid,No,15,565494,2407671,3.31
RA-100020,Graves-Frederick,Hospitality,Japan,2024-10-02,DarkSide,RDP Exploit,4076951,Unknown,No,14,4523522,4364429,10.7
RA-100021,Eaton-Cunningham,Technology,India,2022-01-25,DarkSide,Drive-by Download,796262,Paid,Yes,7,3616019,1549277,5.46
RA-100022,Brown LLC,Finance,Germany,2021-05-05,Conti,RDP Exploit,3382432,Unknown,Yes,47,2846376,5071396,13.28
RA-100023,"Fisher, Smith and Brown",Finance,Brazil,2023-05-15,Hive,Phishing Email,1544209,Paid,Yes,18,3880905,2078091,8.13
RA-100024,"Murphy, Mendoza and Brandt",Energy,Germany,2021-07-11,Ryuk,Phishing Email,1987894,Not Paid,No,11,3409348,3016357,7.05
RA-100025,Cooke-Jones,Technology,France,2021-01-05,DarkSide,RDP Exploit,3280095,Not Paid,No,17,3816986,3888305,9.65
RA-100026,Nelson and Sons,Manufacturing,United States,2022-03-22,LockBit,Credential Theft,495593,Unknown,Yes,38,4548363,633430,10.74
RA-100027,Johnson Inc,Hospitality,South Africa,2021-04-27,Conti,Zero-Day Exploit,4264974,Paid,Yes,6,1558912,4418673,6.72
RA-100028,Joyce PLC,Hospitality,Japan,2024-03-31,Hive,Malicious Attachment,4992188,Negotiated,Yes,3,687826,5881366,6.13
RA-100029,Rodriguez-Howe,Education,Canada,2024-10-03,DarkSide,Malicious Attachment,2640565,Paid,Yes,16,2228236,3480588,7.27
RA-100030,"Murray, Hawkins and Gallagher",Government,France,2023-07-28,REvil,RDP Exploit,4727732,Negotiated,Yes,7,614655,5865233,6.39
RA-100031,"May, David and Jacobs",Energy,France,2025-12-06,REvil,Credential Theft,2054206,Paid,No,24,2390747,2395025,8.04
RA-100032,Jenkins LLC,Finance,South Africa,2024-09-20,Hive,RDP Exploit,873946,Negotiated,No,57,1126615,1438571,10.55
RA-100033,Schmidt-Allen,Retail,France,2024-05-23,DarkSide,Malicious Attachment,1771889,Paid,Yes,46,2876388,2208863,11.55
RA-100034,Smith-Walker,Healthcare,Australia,2024-07-23,Clop,Drive-by Download,3558211,Negotiated,Yes,54,2321061,3660667,13.98
RA-100035,Torres PLC,Healthcare,South Africa,2025-02-27,BlackCat,Drive-by Download,3711384,Not Paid,Yes,36,3587797,4897690,12.7
RA-100036,Conner PLC,Technology,United Kingdom,2025-09-06,LockBit,Malicious Attachment,3102208,Negotiated,Yes,38,4635016,3422783,13.44
RA-100037,Sheppard-Lee,Finance,Australia,2026-01-15,Hive,Zero-Day Exploit,3006521,Not Paid,Yes,14,2093307,4415181,7.2
RA-100038,Fleming Group,Technology,United States,2025-11-06,Clop,Drive-by Download,1368163,Negotiated,No,52,1485322,3226626,10.65
RA-100039,Caldwell Ltd,Finance,India,2025-07-01,LockBit,Zero-Day Exploit,2086777,Not Paid,Yes,18,1335548,3748021,6.12
RA-100040,Holland PLC,Government,Germany,2025-07-31,LockBit,Drive-by Download,3866303,Not Paid,No,23,2560226,5597092,9.88
RA-100041,"Stephenson, Booth and Johnson",Retail,Australia,2022-11-04,Hive,Zero-Day Exploit,2342091,Negotiated,Yes,56,582443,3973874,11.32
RA-100042,Brown LLC,Healthcare,South Africa,2021-08-25,Akira,Zero-Day Exploit,2196231,Negotiated,No,12,4870439,2762954,8.87
RA-100043,Henry Group,Hospitality,Germany,2023-06-13,REvil,Phishing Email,4295127,Unknown,Yes,8,3231353,6191525,8.73
RA-100044,Brown-Carter,Technology,South Africa,2023-12-01,Maze,Credential Theft,4521862,Negotiated,Yes,44,1652950,5295689,12.77
RA-100045,Davis-Martinez,Technology,Australia,2025-01-14,Ryuk,Drive-by Download,2524285,Negotiated,Yes,33,2594567,3932860,10.07
RA-100046,Torres-Glover,Education,Japan,2022-01-28,Akira,Malicious Attachment,3531959,Unknown,Yes,43,3180601,4962397,13.16
RA-100047,Patel Ltd,Hospitality,Japan,2022-09-15,Maze,Zero-Day Exploit,2411806,Unknown,No,14,3606263,4069661,8.12
RA-100048,Wade-Steele,Education,South Africa,2024-10-15,REvil,Credential Theft,1797657,Negotiated,Yes,33,3969473,3472240,10.72
RA-100049,Horn Inc,Government,United Kingdom,2025-08-04,LockBit,Phishing Email,1975220,Not Paid,No,44,2604087,2456325,11.18
RA-100050,Long Inc,Hospitality,Germany,2024-06-05,Ryuk,Zero-Day Exploit,615927,Unknown,Yes,30,3476683,2484290,8.59
RA-100051,Edwards Ltd,Technology,Germany,2021-10-30,Clop,Drive-by Download,51513,Unknown,Yes,58,894219,1693978,9.65
RA-100052,Miller-Donovan,Education,Brazil,2024-02-16,Hive,Credential Theft,2095426,Negotiated,No,59,1018129,3062695,11.96
RA-100053,Howard LLC,Education,Brazil,2024-06-08,DarkSide,Malicious Attachment,4239386,Not Paid,No,28,4595983,5184534,13.04
RA-100054,Huff-Reyes,Energy,South Africa,2025-04-18,REvil,RDP Exploit,4377979,Negotiated,No,32,2007039,4963851,11.19
RA-100055,"Adkins, Peterson and Sutton",Government,India,2022-10-17,Clop,Drive-by Download,4536125,Not Paid,Yes,6,1160865,4862439,6.6
RA-100056,Rich Ltd,Technology,United States,2023-04-30,Conti,Zero-Day Exploit,3424191,Unknown,Yes,22,4551852,4411305,11.28
RA-100057,Kirk-Miller,Manufacturing,Canada,2025-10-21,Ryuk,Zero-Day Exploit,4834240,Not Paid,No,25,4001296,4856604,12.59
RA-100058,"Mills, Pena and Simmons",Technology,Australia,2022-03-26,Ryuk,Drive-by Download,2294547,Not Paid,No,28,4073960,2365416,10.57
RA-100059,"Shaw, Hines and Benton",Technology,Japan,2026-02-27,Akira,Drive-by Download,1075619,Paid,Yes,40,4480653,1142171,11.56
RA-100060,Williams and Sons,Healthcare,Canada,2024-08-09,Ryuk,Malicious Attachment,3600464,Not Paid,No,9,3873107,3991577,8.82
RA-100061,"Jackson, Allison and Johnson",Technology,Canada,2022-11-01,BlackCat,Zero-Day Exploit,2836159,Paid,Yes,49,3180441,3429705,13.37
RA-100062,"Baker, Barrera and Houston",Healthcare,United States,2022-12-18,Conti,RDP Exploit,1885911,Paid,Yes,42,575712,3534275,8.76
RA-100063,"Jones, Burgess and Martin",Government,Brazil,2022-05-04,REvil,Malicious Attachment,1063818,Not Paid,Yes,31,959668,2256547,6.67
RA-100064,Rodriguez-Noble,Healthcare,Canada,2025-05-12,Akira,Drive-by Download,1378767,Unknown,No,20,906898,2602356,5.29
RA-100065,Wilkins-Hawkins,Government,South Africa,2025-01-04,REvil,Drive-by Download,1668710,Paid,Yes,5,4966976,3127033,7.39
RA-100066,Newton-Griffin,Transportation,Australia,2022-12-13,LockBit,Zero-Day Exploit,4473991,Unknown,Yes,28,3108673,4628603,11.78
RA-100067,Jones-Harmon,Education,India,2023-06-07,Clop,Drive-by Download,3043253,Negotiated,No,41,3856673,4536586,13.05
RA-100068,Gibson Group,Manufacturing,Germany,2023-08-11,BlackCat,Malicious Attachment,3658863,Unknown,Yes,53,4970137,4231729,16.58
RA-100069,"Cox, Harris and Rivera",Healthcare,Brazil,2025-03-17,Maze,RDP Exploit,3903257,Unknown,Yes,37,3179292,4618731,12.63
RA-100070,Travis-Reynolds,Hospitality,Canada,2022-12-28,Hive,Phishing Email,2172217,Not Paid,Yes,22,2346045,4028381,7.82
RA-100071,Gross-Rodriguez,Government,Brazil,2022-05-10,DarkSide,Zero-Day Exploit,3414366,Paid,Yes,32,4657255,5014352,12.87
RA-100072,Simon-Fitzpatrick,Hospitality,Australia,2022-08-26,DarkSide,Credential Theft,1863885,Negotiated,No,26,2041091,2516045,7.8
RA-100073,Myers Group,Energy,Canada,2025-03-08,REvil,Malicious Attachment,4621993,Not Paid,Yes,22,2951300,6105986,10.87
RA-100074,"Valdez, Walton and Foster",Transportation,United Kingdom,2025-01-17,Conti,RDP Exploit,1620514,Unknown,No,21,1002997,3188448,5.77
RA-100075,Lewis-Harrington,Retail,South Africa,2025-01-23,Conti,Malicious Attachment,4950813,Not Paid,No,49,4401073,6212373,16.7
RA-100076,Dickerson-Griffin,Retail,United States,2022-01-03,LockBit,Credential Theft,2540604,Negotiated,Yes,1,4480749,2816067,7.17
RA-100077,"Garcia, Thompson and Gay",Retail,Brazil,2024-07-30,DarkSide,Zero-Day Exploit,4122788,Negotiated,Yes,7,102989,5336687,5.28
RA-100078,Hardin and Sons,Finance,India,2021-04-16,DarkSide,Phishing Email,2122942,Paid,Yes,56,4007582,2372200,14.53
RA-100079,"Madden, Mann and Wright",Finance,France,2021-11-02,Ryuk,Credential Theft,4726440,Not Paid,No,20,714649,5256934,8.44
RA-100080,Harris-Green,Retail,Japan,2023-07-12,Akira,Phishing Email,3718812,Paid,Yes,20,4937006,4628133,11.66
RA-100081,Allen-Ellis,Government,United Kingdom,2024-07-05,Hive,Phishing Email,1775207,Not Paid,Yes,17,681149,2114579,5.01
RA-100082,Ortiz PLC,Retail,United States,2023-04-17,Conti,Malicious Attachment,3784098,Negotiated,No,45,4981349,4779575,15.52
RA-100083,"Morgan, Jones and Arnold",Hospitality,Germany,2021-05-26,Ryuk,Phishing Email,1963100,Not Paid,Yes,60,2219345,3625295,13.18
RA-100084,Smith and Sons,Healthcare,United Kingdom,2026-02-04,REvil,Credential Theft,2233286,Negotiated,No,53,1193264,2393043,11.38
RA-100085,"Welch, Weaver and Stark",Technology,Canada,2021-09-12,Hive,Credential Theft,3936723,Unknown,No,45,2551001,5414170,13.24
RA-100086,Vega-Cobb,Manufacturing,Japan,2021-06-14,REvil,Phishing Email,339376,Paid,Yes,57,3624219,1889805,12.51
RA-100087,Thompson Group,Retail,Japan,2024-10-12,LockBit,RDP Exploit,4830119,Unknown,No,38,174125,6443937,10.7
RA-100088,Kane-Blair,Energy,South Africa,2026-02-20,DarkSide,Malicious Attachment,2338346,Unknown,No,12,4910200,3262463,9.05
RA-100089,"Reed, Duncan and Jones",Technology,Brazil,2022-10-20,REvil,Drive-by Download,882447,Unknown,Yes,55,1349196,1584095,10.48
RA-100090,"Gates, Mills and Spencer",Finance,India,2023-07-21,Hive,Phishing Email,743699,Unknown,No,21,2117375,1431653,6.01
RA-100091,Murphy Group,Energy,Brazil,2021-04-22,LockBit,RDP Exploit,1578556,Negotiated,Yes,34,3034925,2894313,9.71
RA-100092,Fleming-Garcia,Healthcare,Japan,2026-03-15,Conti,Drive-by Download,2421163,Not Paid,No,29,4066157,2685811,10.84
RA-100093,"Adams, Peters and Robinson",Government,South Africa,2024-02-03,DarkSide,Phishing Email,119709,Not Paid,No,36,3422573,325182,8.94
RA-100094,Glenn Inc,Energy,Brazil,2025-01-07,Conti,Zero-Day Exploit,2453312,Not Paid,No,33,2293754,3334658,9.7
RA-100095,Contreras-Thornton,Finance,Canada,2022-01-26,Ryuk,Malicious Attachment,4268433,Negotiated,Yes,48,1145214,6090428,12.61
RA-100096,"Cooper, Mckinney and Henderson",Energy,United Kingdom,2022-08-03,DarkSide,Credential Theft,2509467,Unknown,No,54,4923690,3735654,15.53
RA-100097,Clark-Lane,Energy,Australia,2022-11-12,Conti,Drive-by Download,4634818,Not Paid,No,49,4558721,5435884,16.54
RA-100098,"Anderson, Cruz and Davis",Energy,India,2022-04-24,Ryuk,Drive-by Download,3450831,Not Paid,No,3,2669156,5022590,6.57
RA-100099,Gordon-Morales,Finance,Brazil,2021-03-17,BlackCat,Credential Theft,1064030,Unknown,Yes,33,4950892,1770273,10.96
RA-100100,"Martinez, Lin and Kane",Energy,Canada,2025-01-19,Maze,Credential Theft,1214263,Unknown,Yes,27,1294975,1381189,6.56
RA-100101,"Simpson, Robles and Luna",Manufacturing,Brazil,2025-10-11,Hive,Phishing Email,2761207,Paid,Yes,55,4476448,3568144,15.49
RA-100102,Stephenson Group,Finance,South Africa,2024-07-16,DarkSide,RDP Exploit,2415709,Negotiated,Yes,15,758256,3335813,5.42
RA-100103,"Walker, Butler and Mendoza",Manufacturing,Australia,2021-04-05,Ryuk,RDP Exploit,2726051,Not Paid,No,51,470862,3351287,10.85
RA-100104,Palmer PLC,Hospitality,India,2024-03-05,Akira,Drive-by Download,1515426,Not Paid,No,11,1468688,1691034,4.63
RA-100105,"Johnson, Davis and Espinoza",Retail,Brazil,2026-02-13,REvil,Drive-by Download,4896876,Paid,No,10,1947837,5873977,8.34
RA-100106,Dodson-Johnston,Finance,Brazil,2026-01-20,Maze,Credential Theft,2417829,Negotiated,No,44,4585297,2759127,13.6
RA-100107,"Castillo, Hendricks and Rich",Technology,Brazil,2024-11-14,BlackCat,RDP Exploit,2102975,Unknown,No,30,2534480,2530763,9.14
RA-100108,Johnson Inc,Technology,Canada,2024-03-23,LockBit,Credential Theft,2486957,Paid,No,45,2476675,2542967,11.71
RA-100109,"Romero, Hall and Medina",Manufacturing,Germany,2025-09-02,Conti,Credential Theft,2405770,Negotiated,Yes,50,1930472,3688877,11.84
RA-100110,"Fisher, Davis and Porter",Energy,United States,2024-07-10,Akira,Malicious Attachment,820070,Not Paid,Yes,58,330800,1477949,9.85
RA-100111,Nelson and Sons,Government,United Kingdom,2026-02-06,Hive,Malicious Attachment,2480565,Negotiated,Yes,21,3485592,2858908,9.12
RA-100112,"Taylor, Harris and Hughes",Manufacturing,South Africa,2022-06-11,DarkSide,Phishing Email,4047032,Not Paid,Yes,52,2475925,5622680,14.32
RA-100113,Smith and Sons,Finance,India,2025-10-28,LockBit,Malicious Attachment,3338729,Paid,No,55,4675177,4115814,16.26
RA-100114,Weaver-Williams,Manufacturing,South Africa,2023-01-25,Conti,Zero-Day Exploit,2204169,Paid,No,38,3196373,3938903,11.1
RA-100115,Dennis Ltd,Energy,Canada,2026-02-18,Ryuk,Phishing Email,1861962,Not Paid,Yes,42,530402,3204500,8.69
RA-100116,"Garcia, Love and Murphy",Government,France,2021-03-18,Clop,Zero-Day Exploit,2558195,Unknown,No,32,974189,2772021,8.33
RA-100117,"Morris, Sutton and Ward",Education,India,2024-10-05,BlackCat,Zero-Day Exploit,4536463,Unknown,No,27,4927067,6103113,13.51
RA-100118,Baker Group,Government,Australia,2021-03-09,BlackCat,Drive-by Download,3113230,Negotiated,No,14,3719466,4055824,8.93
RA-100119,Goodman-Taylor,Energy,South Africa,2021-05-05,Conti,Drive-by Download,3344837,Paid,Yes,18,1592329,3611024,7.64
RA-100120,Jimenez-Eaton,Hospitality,Germany,2025-05-31,BlackCat,Credential Theft,2802677,Not Paid,Yes,16,1056426,4463089,6.26
RA-100121,Rowland-Mora,Hospitality,United States,2025-07-24,REvil,RDP Exploit,1959534,Not Paid,No,22,1237874,3623439,6.5
RA-100122,Brown Ltd,Healthcare,Australia,2025-06-24,Conti,Credential Theft,1468787,Negotiated,Yes,8,216359,1755198,2.89
RA-100123,Moore Inc,Technology,France,2021-12-23,BlackCat,Drive-by Download,2231064,Paid,No,4,1063427,3796559,3.89
RA-100124,Anderson-Smith,Energy,France,2023-07-08,Conti,Credential Theft,3042003,Paid,No,33,4980131,3280705,12.97
RA-100125,Flores Group,Technology,India,2023-07-28,BlackCat,Zero-Day Exploit,266310,Unknown,Yes,4,4018091,2053223,4.88
RA-100126,Lee Ltd,Education,Canada,2026-01-16,Akira,Drive-by Download,682719,Negotiated,No,21,1244414,830464,5.08
RA-100127,Smith-Wallace,Hospitality,India,2024-05-08,BlackCat,Drive-by Download,4455633,Paid,Yes,19,3806140,5525850,11.11
RA-100128,"Stewart, Harvey and Moore",Manufacturing,Brazil,2023-05-31,Ryuk,Zero-Day Exploit,3792917,Paid,No,57,1916843,4670746,14.26
RA-100129,Robinson-Mitchell,Education,Brazil,2023-05-25,BlackCat,Phishing Email,2626637,Paid,Yes,43,2138270,3421603,11.21
RA-100130,Higgins PLC,Education,France,2023-06-04,LockBit,Credential Theft,815041,Negotiated,Yes,48,3126088,2527444,11.14
RA-100131,"Morris, Simmons and Phillips",Healthcare,Canada,2023-04-22,Akira,Malicious Attachment,2971195,Negotiated,Yes,56,3547951,4801716,14.92
RA-100132,"Blackburn, Herrera and Vasquez",Energy,Germany,2024-03-29,BlackCat,Malicious Attachment,4261484,Negotiated,Yes,14,1298070,5648759,7.66
RA-100133,Johnson-Riddle,Technology,France,2025-04-11,Akira,Credential Theft,2341799,Paid,No,37,1897259,4044664,9.79
RA-100134,Williams-Miller,Manufacturing,Australia,2021-03-01,LockBit,RDP Exploit,1518439,Not Paid,No,18,2592051,3461043,6.81
RA-100135,"Moore, Jordan and Jones",Transportation,Germany,2021-05-23,Ryuk,Zero-Day Exploit,1195130,Unknown,No,48,257270,1397559,8.65
RA-100136,Ross and Sons,Hospitality,Japan,2021-11-19,BlackCat,Phishing Email,3109230,Not Paid,Yes,20,2721220,4748372,8.83
RA-100137,Smith-Pittman,Energy,India,2025-03-26,DarkSide,Credential Theft,422438,Unknown,No,44,684455,1003079,7.71
RA-100138,Paul Ltd,Manufacturing,India,2022-07-14,BlackCat,Malicious Attachment,1813323,Unknown,No,49,4297972,2062015,13.46
RA-100139,"Barry, Walker and Baker",Government,Canada,2021-04-04,Conti,RDP Exploit,1854842,Negotiated,No,26,459644,1880962,6.21
RA-100140,Anderson PLC,Technology,United Kingdom,2022-11-03,Clop,Zero-Day Exploit,1011501,Not Paid,No,1,4172470,2588103,5.33
RA-100141,Lamb PLC,Healthcare,Brazil,2021-05-28,BlackCat,Malicious Attachment,3335874,Unknown,No,56,354957,4260692,12.09
RA-100142,Turner and Sons,Healthcare,Australia,2024-12-24,Clop,Credential Theft,3508870,Unknown,No,19,966244,4368284,7.33
RA-100143,Keller-Erickson,Technology,Japan,2021-06-30,Ryuk,Credential Theft,3668403,Paid,No,55,888144,4188674,12.81
RA-100144,Hoover-Cook,Manufacturing,United Kingdom,2025-11-18,BlackCat,Credential Theft,2607771,Paid,Yes,48,2848143,3082441,12.66
RA-100145,"Garcia, Wilson and Jones",Finance,United Kingdom,2026-01-30,REvil,RDP Exploit,2935772,Not Paid,Yes,23,1239012,3441263,7.62
RA-100146,"Bishop, Levy and Schultz",Hospitality,Japan,2025-04-06,DarkSide,Drive-by Download,637109,Negotiated,No,12,4145054,1620089,6.58
RA-100147,Anderson Ltd,Retail,Canada,2021-11-06,Akira,Phishing Email,3693997,Negotiated,Yes,5,3933695,4631374,8.38
RA-100148,Graves Inc,Manufacturing,Canada,2022-09-28,BlackCat,Drive-by Download,3878376,Paid,No,29,315572,4007683,8.54
RA-100149,"Gordon, Lloyd and Dalton",Hospitality,Germany,2023-08-06,Maze,Credential Theft,4873155,Unknown,Yes,36,344223,5826314,10.62
RA-100150,Murphy-Wilcox,Finance,France,2021-05-07,Clop,Phishing Email,3784261,Not Paid,No,7,2881064,5292289,7.72
RA-100151,Becker Group,Manufacturing,Canada,2023-06-19,Ryuk,Zero-Day Exploit,4401205,Negotiated,Yes,34,1331759,5174354,10.83
RA-100152,Blake Group,Transportation,India,2025-06-05,REvil,Malicious Attachment,2812242,Not Paid,No,5,2765746,3020435,6.33
RA-100153,Wyatt PLC,Manufacturing,Canada,2021-06-16,Ryuk,RDP Exploit,4893373,Paid,No,43,1186487,6825929,12.53
RA-100154,"Frey, Noble and Jones",Education,France,2024-02-19,BlackCat,Drive-by Download,3164815,Unknown,No,42,2755561,4880187,12.22
RA-100155,"Ramirez, George and Gutierrez",Manufacturing,Brazil,2021-02-07,Conti,RDP Exploit,3046689,Not Paid,Yes,20,1512254,3505883,7.56
RA-100156,Cox-Leblanc,Transportation,France,2021-06-08,LockBit,Drive-by Download,2486283,Negotiated,Yes,55,848530,3560985,11.58
RA-100157,Diaz and Sons,Hospitality,United Kingdom,2024-05-08,DarkSide,Phishing Email,3165155,Unknown,No,10,1361128,3554416,6.03
RA-100158,"Moore, York and Tucker",Energy,Germany,2024-10-17,Hive,RDP Exploit,1997547,Negotiated,No,29,2390248,3585425,8.74
RA-100159,Mcdowell-Rodriguez,Energy,Canada,2026-01-26,Ryuk,Credential Theft,1632525,Unknown,Yes,24,4785124,2566524,10.02
RA-100160,"Whitaker, Lewis and Holland",Retail,United States,2025-07-31,DarkSide,Malicious Attachment,1680185,Paid,Yes,52,1161071,3521002,10.64
RA-100161,"West, Leonard and Howe",Energy,France,2022-08-07,Clop,Zero-Day Exploit,708595,Paid,Yes,49,1344897,1290679,9.4
RA-100162,Calhoun-Kirby,Healthcare,India,2025-07-31,LockBit,Zero-Day Exploit,3789335,Negotiated,Yes,57,2932632,5750676,15.27
RA-100163,Holmes Ltd,Manufacturing,South Africa,2023-03-02,Maze,RDP Exploit,689556,Not Paid,Yes,24,1883667,758669,6.17
RA-100164,"Hall, Atkins and Johnson",Energy,Brazil,2022-08-11,Akira,Phishing Email,3968239,Paid,Yes,45,1164377,5569644,11.88
RA-100165,Ingram and Sons,Hospitality,France,2022-06-09,Ryuk,Phishing Email,1814043,Negotiated,Yes,54,1254361,2974968,11.17
RA-100166,Green PLC,Hospitality,Brazil,2022-09-09,BlackCat,Phishing Email,1027138,Unknown,Yes,4,2000275,1917575,3.63
RA-100167,Sherman-Alexander,Education,Canada,2024-07-18,Ryuk,Phishing Email,4328284,Negotiated,Yes,37,2029624,5845180,11.91
RA-100168,Adkins LLC,Manufacturing,South Africa,2024-03-14,Hive,Credential Theft,3499422,Paid,No,12,718281,4607248,6.02
RA-100169,Watson-Patterson,Retail,United States,2025-11-24,Maze,Phishing Email,3948778,Negotiated,Yes,3,3245495,4741649,7.64
RA-100170,Davis-Grimes,Manufacturing,United Kingdom,2025-02-10,LockBit,Malicious Attachment,874595,Negotiated,Yes,50,4881458,2426393,13.26
RA-100171,Sanchez-Vazquez,Education,United Kingdom,2025-08-28,BlackCat,Drive-by Download,3902539,Unknown,Yes,45,4014310,5237385,14.67
RA-100172,Long-Mitchell,Healthcare,Australia,2022-08-24,REvil,Credential Theft,1696067,Unknown,No,3,1673374,3563704,3.82
RA-100173,Farrell Ltd,Manufacturing,United States,2022-06-03,Maze,Malicious Attachment,312197,Paid,No,49,1603191,922215,9.27
RA-100174,Webb-Mcmillan,Technology,Australia,2023-06-14,Clop,Zero-Day Exploit,3360625,Unknown,No,48,3688878,5246815,14.25
RA-100175,Williams PLC,Technology,South Africa,2026-03-08,Ryuk,Credential Theft,4361001,Not Paid,No,18,693095,5895801,7.75
RA-100176,Lee and Sons,Retail,Canada,2022-10-20,DarkSide,Credential Theft,865653,Unknown,Yes,6,2750891,2261701,4.52
RA-100177,Rice PLC,Manufacturing,Japan,2024-11-13,Ryuk,Malicious Attachment,3728773,Paid,Yes,23,3750895,3827598,10.93
RA-100178,Bell LLC,Education,United States,2024-10-06,Clop,Credential Theft,3412538,Unknown,Yes,24,4304177,5102558,11.32
RA-100179,Alvarado Inc,Technology,Japan,2021-09-16,LockBit,Credential Theft,568994,Not Paid,No,16,3073085,1338478,6.04
RA-100180,Brown and Sons,Education,France,2023-01-30,Maze,Zero-Day Exploit,3125674,Negotiated,No,29,645061,4339275,8.12
RA-100181,Mcdaniel and Sons,Transportation,India,2022-05-27,Hive,Phishing Email,956675,Negotiated,No,2,1560784,2013246,2.82
RA-100182,"Carson, Jackson and Boyer",Energy,Germany,2024-12-12,BlackCat,RDP Exploit,3748610,Paid,No,14,2395692,5213992,8.24
RA-100183,Campos and Sons,Manufacturing,South Africa,2021-12-20,Hive,Credential Theft,3738863,Negotiated,No,6,2680996,5149424,7.32
RA-100184,Walker-Kaufman,Manufacturing,France,2025-10-10,Conti,Phishing Email,1326249,Not Paid,Yes,46,1460481,3000750,9.69
RA-100185,Gutierrez Group,Hospitality,Australia,2022-04-30,DarkSide,Credential Theft,4149156,Not Paid,Yes,2,3027519,5321023,7.48
RA-100186,Wright Inc,Technology,India,2021-05-15,Akira,Phishing Email,2599518,Not Paid,No,26,4015433,3711981,10.51
RA-100187,Delacruz PLC,Transportation,Australia,2024-08-08,Clop,Credential Theft,627141,Not Paid,Yes,29,3907792,2063432,8.88
RA-100188,Lester-Mills,Finance,France,2023-06-06,Clop,Malicious Attachment,4223327,Not Paid,Yes,59,464936,5976879,13.54
RA-100189,Kramer Group,Retail,South Africa,2022-10-23,REvil,RDP Exploit,1896381,Negotiated,Yes,23,4352930,3783176,9.7
RA-100190,Newman Group,Transportation,United Kingdom,2024-07-04,Akira,Credential Theft,2545276,Not Paid,Yes,40,4475238,2751209,13.02
RA-100191,Watkins-White,Healthcare,South Africa,2024-09-11,LockBit,Drive-by Download,2837158,Negotiated,Yes,54,4728070,2933548,15.67
RA-100192,Carroll-Garcia,Transportation,Canada,2025-04-20,REvil,Zero-Day Exploit,4804434,Not Paid,No,27,254156,5858895,9.11
RA-100193,"Casey, Steele and Santiago",Energy,India,2022-09-02,DarkSide,Zero-Day Exploit,3809603,Not Paid,No,5,502686,4151121,5.06
RA-100194,Duncan Ltd,Manufacturing,India,2024-05-27,Clop,Malicious Attachment,1210180,Paid,No,21,2678720,2759908,7.04
RA-100195,"Simmons, Fleming and Tran",Government,United Kingdom,2022-05-11,BlackCat,Phishing Email,3918055,Negotiated,No,8,2243815,4870926,7.36
RA-100196,Ortega PLC,Manufacturing,Japan,2025-11-05,Maze,RDP Exploit,3512568,Not Paid,No,16,1339757,5228554,7.25
RA-100197,"Meyers, Dixon and Valenzuela",Healthcare,South Africa,2023-11-21,Ryuk,Credential Theft,3920929,Unknown,Yes,32,2588325,4973990,11.31
RA-100198,"Carter, Miller and Shaw",Retail,Brazil,2022-03-17,Akira,Drive-by Download,4898445,Unknown,No,23,408274,5014435,8.76
RA-100199,Powers-Jones,Education,Canada,2024-01-05,Maze,Zero-Day Exploit,73597,Negotiated,Yes,55,901850,987318,9.23
RA-100200,Perez-Walker,Manufacturing,France,2023-04-01,REvil,Phishing Email,434141,Unknown,No,37,4712961,852362,10.7
RA-100201,Roy-Russell,Finance,India,2025-04-15,Maze,Malicious Attachment,4617535,Negotiated,Yes,18,996759,4897361,8.31
RA-100202,"Francis, Espinoza and Patterson",Healthcare,United States,2022-02-12,Clop,Drive-by Download,4275829,Negotiated,No,26,4195057,4370249,12.37
RA-100203,Haney Group,Manufacturing,Japan,2023-11-30,Maze,RDP Exploit,3838497,Unknown,No,10,4324475,4141638,9.66
RA-100204,Benitez Group,Energy,Japan,2024-04-30,REvil,Zero-Day Exploit,2826705,Paid,No,33,4275891,3953102,12.05
RA-100205,Herrera-Guzman,Healthcare,Japan,2022-11-10,DarkSide,Malicious Attachment,924429,Not Paid,Yes,27,4896548,1579676,9.87
RA-100206,Klein LLC,Hospitality,India,2024-04-10,Clop,Drive-by Download,4035296,Not Paid,Yes,11,4397679,5364457,10.08
RA-100207,Cohen-Sanders,Manufacturing,India,2024-03-18,Clop,Zero-Day Exploit,926870,Not Paid,No,13,158958,1861794,3.04
RA-100208,"Burns, Johnson and Dawson",Education,France,2023-10-25,Conti,Credential Theft,3961113,Negotiated,No,56,522553,5451230,12.88
RA-100209,Church Ltd,Transportation,Australia,2023-12-13,Hive,Malicious Attachment,3166035,Negotiated,No,21,1452859,4140019,7.77
RA-100210,"Watts, Graham and Stone",Government,Canada,2022-01-29,REvil,Drive-by Download,2072952,Not Paid,No,18,4681670,2708950,9.45
RA-100211,Schmidt-Hamilton,Retail,Canada,2022-10-12,BlackCat,Credential Theft,4029882,Unknown,No,23,4701810,5997993,12.18
RA-100212,"Peters, Hardy and Williams",Healthcare,Canada,2025-08-04,BlackCat,Malicious Attachment,2900199,Unknown,No,50,1228830,3519322,11.63
RA-100213,"Wallace, Hernandez and Guerrero",Transportation,Canada,2025-03-11,Hive,Drive-by Download,4023808,Negotiated,Yes,14,1695169,5770148,7.82
RA-100214,Moore-Johnson,Transportation,Germany,2021-08-12,Conti,Phishing Email,4927691,Paid,No,16,2033985,5044153,9.36
RA-100215,"Knox, Miller and Hunter",Transportation,United Kingdom,2022-11-08,Ryuk,Drive-by Download,3967811,Unknown,No,7,1153257,3988677,6.17
RA-100216,Thompson Group,Retail,United States,2024-08-25,BlackCat,Drive-by Download,1678157,Not Paid,Yes,49,2409686,2361694,11.44
RA-100217,Gould-Dominguez,Healthcare,India,2026-02-14,DarkSide,RDP Exploit,1473549,Negotiated,Yes,27,1474722,3442126,7.0
RA-100218,Hernandez-Jones,Manufacturing,Canada,2021-01-19,DarkSide,Drive-by Download,2508095,Unknown,Yes,37,900203,4465205,8.96
RA-100219,Ruiz-Collins,Finance,Australia,2025-10-09,Clop,Drive-by Download,4234642,Unknown,No,30,2288823,4648996,11.02
RA-100220,Jackson-Evans,Retail,Japan,2025-01-11,Conti,RDP Exploit,1566951,Unknown,No,1,2828001,3235310,4.54
RA-100221,"Smith, Brown and Martinez",Finance,United Kingdom,2023-11-22,Clop,Zero-Day Exploit,2755848,Negotiated,Yes,6,3362532,4169379,7.02
RA-100222,Scott LLC,Retail,Australia,2021-01-14,REvil,Credential Theft,2192625,Paid,No,25,1975795,3139497,7.92
RA-100223,Peters-Winters,Finance,Brazil,2024-08-31,REvil,RDP Exploit,3021141,Unknown,No,45,1982349,3161425,11.75
RA-100224,Howard-Green,Hospitality,Germany,2024-11-14,Conti,RDP Exploit,989954,Unknown,Yes,41,2475054,1770749,9.62
RA-100225,"Wall, Daniel and Berry",Energy,France,2023-07-21,Conti,RDP Exploit,3139192,Paid,No,27,4607412,5063465,11.8
RA-100226,Fitzgerald-Colon,Healthcare,France,2023-12-18,Hive,RDP Exploit,3039871,Not Paid,Yes,5,4732690,3285189,8.52
RA-100227,Jones-Brown,Government,Japan,2022-11-03,DarkSide,Phishing Email,4369941,Unknown,Yes,29,975191,5806623,9.7
RA-100228,"Moran, Mendez and Smith",Hospitality,United States,2023-07-18,Hive,Zero-Day Exploit,1111829,Negotiated,Yes,33,3484933,2079804,9.55
RA-100229,Rivera-Burton,Government,Japan,2023-03-22,BlackCat,Phishing Email,2139541,Unknown,No,53,25395,3713606,10.11
RA-100230,Stewart Group,Finance,Brazil,2024-12-05,LockBit,Malicious Attachment,539856,Unknown,Yes,35,505560,2509818,6.3
RA-100231,"Richard, Bowman and Hall",Technology,Brazil,2025-04-24,Ryuk,Zero-Day Exploit,1141059,Paid,Yes,50,3526351,1936360,12.17
RA-100232,Rush Group,Technology,France,2024-08-31,Clop,Drive-by Download,2922305,Not Paid,Yes,8,1497245,4059017,5.62
RA-100233,"Martinez, Gordon and Waller",Transportation,India,2025-03-29,Hive,Zero-Day Exploit,195717,Not Paid,Yes,20,3884058,1618148,7.08
RA-100234,"Reed, Peterson and Johnson",Finance,United States,2023-08-02,Ryuk,Credential Theft,2908798,Paid,Yes,10,2312417,3314070,6.72
RA-100235,Norman-Byrd,Energy,Japan,2022-02-27,LockBit,RDP Exploit,569477,Paid,No,7,4982464,649891,6.6
RA-100236,Lee Group,Healthcare,United Kingdom,2023-06-18,Hive,Malicious Attachment,1970780,Not Paid,No,35,1822686,3562841,9.04
RA-100237,"Miller, Freeman and Guerrero",Education,France,2024-03-28,Conti,Zero-Day Exploit,2694933,Negotiated,No,16,2531483,4542579,7.63
RA-100238,Harmon-Vazquez,Technology,France,2021-05-05,DarkSide,Phishing Email,4675090,Negotiated,No,38,1469223,5997892,11.84
RA-100239,Wallace Inc,Education,Canada,2025-05-29,Ryuk,RDP Exploit,4404515,Unknown,Yes,21,3492484,5270696,11.05
RA-100240,Weiss-Hall,Energy,United States,2025-10-06,Hive,Zero-Day Exploit,1895327,Unknown,Yes,20,1211010,3595162,6.11
RA-100241,"White, Lyons and Stein",Finance,Brazil,2023-03-07,Maze,Phishing Email,2042244,Not Paid,Yes,17,1705812,2744855,6.3
RA-100242,Vasquez-Hunter,Finance,Germany,2022-07-04,Akira,Drive-by Download,3168914,Not Paid,No,44,331848,5011028,10.1
RA-100243,Stevens-Duke,Government,South Africa,2022-03-04,DarkSide,RDP Exploit,2798107,Not Paid,No,20,128728,3252300,5.93
RA-100244,Scott-Lyons,Retail,India,2026-02-18,DarkSide,Credential Theft,2012653,Negotiated,No,36,2698002,3649023,10.11
RA-100245,Munoz-Hurley,Finance,Brazil,2022-06-20,Maze,RDP Exploit,3021917,Negotiated,No,33,4171564,4009198,12.14
RA-100246,"Rowland, Jones and Lamb",Education,United States,2023-04-28,REvil,Credential Theft,388488,Unknown,No,37,1856281,1953006,7.79
RA-100247,Thomas PLC,Hospitality,Germany,2021-11-09,DarkSide,Credential Theft,1650775,Negotiated,No,22,1929636,2457356,6.88
RA-100248,Hogan Ltd,Education,Australia,2025-04-13,Clop,RDP Exploit,4103850,Unknown,Yes,47,4115514,5080278,15.27
RA-100249,Pitts-Taylor,Healthcare,South Africa,2026-02-21,LockBit,Phishing Email,4552773,Unknown,Yes,42,492780,5661564,11.35
RA-100250,"Holloway, Hill and English",Government,France,2025-09-22,DarkSide,Malicious Attachment,1946404,Paid,No,5,1267028,1975575,3.96
RA-100251,Mccullough and Sons,Transportation,India,2024-09-12,LockBit,Phishing Email,4097419,Negotiated,No,2,55568,5223549,4.45
RA-100252,"Diaz, Mathews and Herrera",Education,South Africa,2021-02-05,BlackCat,Credential Theft,4217893,Not Paid,Yes,53,3612009,5918549,15.78
RA-100253,Villa Inc,Technology,South Africa,2022-01-29,Maze,Zero-Day Exploit,4421232,Unknown,Yes,17,2973367,4991852,9.94
RA-100254,Freeman-Oneill,Healthcare,South Africa,2024-11-28,Ryuk,Zero-Day Exploit,1899627,Unknown,No,20,676363,3280610,5.58
RA-100255,Terry PLC,Energy,India,2021-04-25,Maze,Credential Theft,84273,Paid,Yes,45,1437769,267678,8.27
RA-100256,Miller-Benson,Retail,United States,2022-04-16,BlackCat,Drive-by Download,1778494,Negotiated,Yes,58,4754630,2785690,15.23
RA-100257,"Jordan, Taylor and Lopez",Education,India,2022-01-03,BlackCat,Malicious Attachment,2643088,Not Paid,Yes,2,1737868,3884191,4.68
RA-100258,Landry PLC,Technology,United Kingdom,2024-03-06,BlackCat,Credential Theft,3269482,Negotiated,Yes,44,4534666,3975169,14.4
RA-100259,Cline-Harvey,Hospitality,Japan,2021-07-20,Akira,Zero-Day Exploit,3671562,Negotiated,Yes,15,637787,4395836,6.56
RA-100260,Herrera-Perry,Government,Australia,2024-07-22,Hive,Zero-Day Exploit,2297833,Unknown,Yes,51,3779588,3336703,13.73
RA-100261,Richardson-Thomas,Hospitality,Canada,2024-10-24,Conti,Drive-by Download,4919676,Paid,Yes,43,3188381,5109389,14.56
RA-100262,May Ltd,Technology,Australia,2022-07-03,Maze,Phishing Email,1298699,Paid,Yes,25,1294268,2859868,6.34
RA-100263,Pham-Hernandez,Education,South Africa,2022-09-24,Clop,Zero-Day Exploit,3735714,Unknown,No,24,2263064,3960108,9.6
RA-100264,"Martin, Greer and Flores",Finance,Japan,2021-07-31,Akira,Malicious Attachment,225300,Unknown,Yes,6,2968948,1397583,4.09
RA-100265,"Callahan, Leon and Banks",Transportation,Germany,2022-08-21,Akira,Credential Theft,3476290,Not Paid,No,25,710611,5006397,7.94
RA-100266,Stewart and Sons,Energy,United Kingdom,2021-12-14,BlackCat,RDP Exploit,1169674,Unknown,No,18,2526172,1742563,6.4
RA-100267,Fernandez-Wilson,Retail,Germany,2023-05-13,DarkSide,Credential Theft,2519504,Not Paid,No,31,645363,3286837,7.81
RA-100268,Johnson-Craig,Technology,Australia,2021-08-08,Akira,Zero-Day Exploit,1141568,Negotiated,No,20,56868,3141395,4.2
RA-100269,Bridges-Brown,Retail,Australia,2022-11-17,Akira,Drive-by Download,3617270,Not Paid,No,53,4986229,3912743,16.55
RA-100270,Mcdowell Group,Energy,Japan,2022-10-06,Conti,Malicious Attachment,1495129,Unknown,No,26,2677220,2116340,8.07
RA-100271,"Weber, Harmon and Johnson",Hospitality,Germany,2025-07-31,Akira,Credential Theft,3301178,Not Paid,Yes,24,955460,5265864,7.86
RA-100272,Williams and Sons,Retail,South Africa,2025-01-29,Ryuk,Drive-by Download,3877367,Unknown,Yes,46,1758758,4806873,12.54
RA-100273,Bolton PLC,Education,India,2024-07-21,Ryuk,Phishing Email,2545344,Unknown,No,16,2119747,3936660,7.07
RA-100274,"Oliver, Miller and Page",Technology,France,2024-04-07,LockBit,Malicious Attachment,3367196,Paid,Yes,35,4249874,5313906,12.87
RA-100275,Alexander-Long,Hospitality,United States,2025-04-24,Akira,Drive-by Download,2087312,Unknown,No,43,2978129,2446149,11.52
RA-100276,Green-Thompson,Retail,Germany,2025-06-19,Hive,Drive-by Download,3615922,Not Paid,No,7,88581,3832714,4.75
RA-100277,Lyons-Walters,Transportation,United Kingdom,2023-02-06,Maze,Phishing Email,3286071,Unknown,Yes,30,4937550,4744022,12.72
RA-100278,Williams-Miller,Education,Australia,2022-08-29,REvil,Malicious Attachment,3494454,Unknown,Yes,59,720302,3747869,13.06
RA-100279,Carter-Mahoney,Energy,Brazil,2023-12-04,Maze,Phishing Email,4056076,Negotiated,Yes,23,3994440,4270806,11.5
RA-100280,Wong and Sons,Finance,United Kingdom,2025-07-18,Conti,Credential Theft,970405,Not Paid,Yes,2,2878046,2339296,4.15
RA-100281,"Reeves, Smith and Black",Technology,United Kingdom,2022-11-09,Clop,Drive-by Download,4701353,Unknown,No,28,3876091,5197589,12.78
RA-100282,Miller Group,Technology,United States,2021-03-01,Conti,RDP Exploit,1660277,Negotiated,Yes,29,4967860,2571114,10.98
RA-100283,Russell-Branch,Manufacturing,Australia,2024-03-28,Conti,Zero-Day Exploit,858558,Paid,No,52,4503851,1260641,13.16
RA-100284,"Smith, Kirk and Dixon",Technology,Japan,2024-10-05,Ryuk,Credential Theft,4111089,Paid,No,34,2629124,5373027,11.84
RA-100285,Collins-Cross,Retail,Japan,2022-12-22,Akira,Phishing Email,3845812,Not Paid,No,40,1447365,5562344,11.29
RA-100286,Tran LLC,Manufacturing,United Kingdom,2021-08-30,Hive,Zero-Day Exploit,2006293,Unknown,Yes,20,981138,2400165,5.99
RA-100287,Barron Group,Transportation,United Kingdom,2024-03-23,Hive,RDP Exploit,3223792,Unknown,No,28,1558314,4254413,8.98
RA-100288,Jordan-Sparks,Healthcare,Australia,2021-10-15,LockBit,Zero-Day Exploit,1574496,Not Paid,Yes,21,3783370,2883492,8.51
RA-100289,Elliott Group,Energy,India,2025-07-28,DarkSide,Zero-Day Exploit,3225757,Unknown,No,36,4240021,4605343,12.87
RA-100290,"Poole, Hopkins and Brown",Government,Canada,2021-12-09,LockBit,Malicious Attachment,698491,Not Paid,No,37,258978,2377574,6.51
RA-100291,Carney Group,Transportation,South Africa,2021-12-11,Akira,Phishing Email,3841289,Negotiated,No,37,4155089,5004148,13.55
RA-100292,Guerra-Mcdonald,Government,India,2024-01-16,BlackCat,Drive-by Download,354054,Not Paid,No,49,3702551,1509839,11.41
RA-100293,Freeman-Miller,Finance,Brazil,2025-11-27,BlackCat,RDP Exploit,275368,Not Paid,No,29,2204753,1016386,6.83
RA-100294,Williams-Johnston,Government,Germany,2025-10-30,LockBit,Credential Theft,3596725,Negotiated,No,11,1168087,5252673,6.41
RA-100295,Andrews LLC,Retail,Canada,2024-05-07,Akira,Malicious Attachment,4524518,Paid,Yes,11,2715103,6011025,8.89
RA-100296,Roberts-Martinez,Education,United Kingdom,2025-03-17,Conti,RDP Exploit,3457719,Negotiated,Yes,59,497426,4049308,12.81
RA-100297,Mcdaniel Inc,Retail,India,2025-04-09,Ryuk,Zero-Day Exploit,3299212,Paid,Yes,32,1192722,4520161,9.29
RA-100298,"Ray, Williams and Anderson",Manufacturing,Brazil,2023-04-06,DarkSide,Malicious Attachment,4330279,Paid,Yes,48,2334026,5797178,13.86
RA-100299,Briggs-Walters,Finance,France,2025-02-05,Ryuk,RDP Exploit,3850751,Unknown,Yes,41,3005090,5643553,13.01
RA-100300,"Casey, Joseph and Kim",Transportation,Japan,2023-10-11,Clop,Credential Theft,2257650,Unknown,No,21,2379051,2975973,7.79
RA-100301,Ryan and Sons,Energy,United States,2026-01-06,BlackCat,RDP Exploit,411086,Unknown,No,3,835393,1734279,1.7
RA-100302,Hunt Inc,Retail,United Kingdom,2021-01-02,REvil,Phishing Email,3593640,Negotiated,No,13,1106667,5453637,6.65
RA-100303,Garza LLC,Technology,Canada,2021-06-18,Conti,Zero-Day Exploit,3124251,Paid,Yes,43,1388625,3242856,10.96
RA-100304,Jordan-Rodriguez,Hospitality,Germany,2021-01-03,Hive,Drive-by Download,1795306,Unknown,Yes,31,653897,2083597,7.1
RA-100305,Robinson LLC,Technology,United Kingdom,2021-01-17,DarkSide,Phishing Email,2887108,Not Paid,No,53,1011713,4701372,11.85
RA-100306,White-Owen,Retail,United Kingdom,2021-07-02,Ryuk,RDP Exploit,864221,Not Paid,Yes,7,2628682,1645053,4.54
RA-100307,"Parker, Reynolds and Poole",Manufacturing,Germany,2023-12-23,Clop,Zero-Day Exploit,4730229,Unknown,Yes,1,1376809,5663184,6.26
RA-100308,"Smith, Jordan and Rogers",Technology,Australia,2021-06-27,Ryuk,Malicious Attachment,847762,Not Paid,Yes,9,1033217,2094188,3.23
RA-100309,"Dominguez, Martin and Price",Hospitality,Japan,2022-07-22,REvil,Drive-by Download,711729,Paid,No,16,4642327,1982115,7.75
RA-100310,Torres-Moran,Technology,Canada,2022-02-25,LockBit,RDP Exploit,4348194,Unknown,No,39,4274285,4753814,14.47
RA-100311,Hutchinson Ltd,Transportation,United States,2021-08-19,Maze,Malicious Attachment,2027340,Not Paid,No,32,4982344,2186262,11.81
RA-100312,Trujillo-Phillips,Education,Brazil,2025-10-29,BlackCat,Phishing Email,4772920,Paid,Yes,27,3065401,5928712,11.89
RA-100313,Morris Inc,Technology,France,2022-06-21,REvil,Drive-by Download,1814782,Unknown,No,3,507349,3814308,2.77
RA-100314,Gonzalez Group,Hospitality,United Kingdom,2024-12-08,REvil,Phishing Email,3379547,Negotiated,Yes,6,4501131,4517092,8.78
RA-100315,"Brown, Black and Orr",Manufacturing,India,2023-11-14,Akira,Drive-by Download,1709544,Paid,No,52,1303497,2844435,10.81
RA-100316,Davila-Cisneros,Government,South Africa,2024-12-01,Ryuk,Phishing Email,3674898,Unknown,Yes,47,2001935,3806335,12.73
RA-100317,Conley Inc,Education,United States,2022-09-26,Clop,Zero-Day Exploit,1478424,Negotiated,No,8,106341,2972999,2.78
RA-100318,Reyes Inc,Finance,United States,2021-12-08,Maze,Zero-Day Exploit,3124466,Negotiated,Yes,9,2254659,4671543,6.73
RA-100319,Gonzalez LLC,Energy,France,2022-06-23,Maze,Phishing Email,4842304,Unknown,Yes,41,646610,5892800,11.64
RA-100320,Long-Oconnor,Hospitality,South Africa,2023-01-24,Conti,Drive-by Download,1324611,Paid,Yes,17,863328,3210027,4.74
RA-100321,Young Group,Manufacturing,India,2025-10-25,Clop,RDP Exploit,108079,Paid,No,16,385821,1107441,2.89
RA-100322,"Edwards, Miranda and Cooper",Manufacturing,Canada,2022-04-05,BlackCat,Credential Theft,2704470,Negotiated,Yes,16,3491913,4635156,8.6
RA-100323,Green-Wiggins,Transportation,United States,2023-10-26,Ryuk,Phishing Email,446846,Unknown,No,12,1872311,2143665,4.12
RA-100324,"Brown, Johnson and Alvarez",Energy,United States,2025-05-04,Maze,RDP Exploit,2611321,Negotiated,No,21,724754,3781237,6.49
RA-100325,Davis Group,Energy,Germany,2025-02-23,Hive,RDP Exploit,2039942,Not Paid,Yes,30,3089403,3290807,9.63
RA-100326,"Benson, Cook and Mcmillan",Healthcare,Australia,2023-04-20,LockBit,Drive-by Download,205573,Unknown,No,15,4542910,942076,7.0
RA-100327,Harris and Sons,Energy,United States,2021-08-01,Clop,Drive-by Download,1726295,Negotiated,Yes,34,1997994,2616712,8.82
RA-100328,Phillips-Garrison,Manufacturing,Brazil,2021-03-31,BlackCat,Credential Theft,1946732,Paid,Yes,58,4360156,2822974,15.01
RA-100329,Schultz Inc,Healthcare,India,2024-07-29,Clop,RDP Exploit,3313058,Negotiated,No,5,4965281,4513864,9.03
RA-100330,Carpenter-Duffy,Manufacturing,Australia,2025-10-09,DarkSide,Malicious Attachment,2647486,Not Paid,Yes,60,3296425,4127014,14.94
RA-100331,"Williams, Hart and Wilson",Education,South Africa,2022-02-20,Clop,Zero-Day Exploit,1146788,Unknown,No,50,4904986,1385320,13.55
RA-100332,Rodriguez-Evans,Government,Brazil,2023-04-13,REvil,Zero-Day Exploit,1017813,Negotiated,Yes,35,3005632,2643326,9.27
RA-100333,Foster PLC,Hospitality,United States,2021-07-05,Conti,Malicious Attachment,1327173,Not Paid,Yes,52,2552040,3070231,11.68
RA-100334,Thompson Ltd,Healthcare,Canada,2024-12-27,REvil,RDP Exploit,2087210,Paid,No,23,3324039,3174012,8.86
RA-100335,"Arellano, Steele and Carroll",Finance,Brazil,2025-10-17,BlackCat,RDP Exploit,3798338,Paid,Yes,36,4614848,4332316,13.81
RA-100336,Rodriguez-Patrick,Technology,Australia,2021-05-07,BlackCat,Credential Theft,1869688,Negotiated,Yes,9,1662160,3607056,4.88
RA-100337,Johnson Group,Education,South Africa,2021-02-14,Maze,Phishing Email,545830,Paid,No,13,3719871,2253052,6.22
RA-100338,Mason Ltd,Technology,Brazil,2021-04-14,LockBit,Zero-Day Exploit,1414195,Unknown,Yes,60,4814189,2332589,15.23
RA-100339,"Kelley, Hancock and Hill",Retail,Brazil,2022-12-26,Clop,Phishing Email,1806169,Not Paid,No,59,1570037,2392847,12.23
RA-100340,"Kim, Hernandez and Spencer",Healthcare,South Africa,2023-10-19,REvil,Zero-Day Exploit,3461041,Not Paid,No,57,4619611,4475641,16.63
RA-100341,Silva Group,Healthcare,India,2022-02-13,Maze,Zero-Day Exploit,4415848,Unknown,No,16,4560622,6092761,11.38
RA-100342,"Hernandez, Martinez and Vasquez",Retail,United Kingdom,2026-02-13,LockBit,Malicious Attachment,4750025,Not Paid,Yes,33,2697913,5574519,12.4
RA-100343,"Marshall, Martinez and Wilson",Manufacturing,Japan,2026-01-09,Conti,RDP Exploit,2361634,Paid,Yes,4,3956875,3481933,6.92
RA-100344,Barrett-Gallagher,Healthcare,Germany,2024-09-07,Akira,Zero-Day Exploit,2027936,Negotiated,Yes,18,4477012,3749810,9.2
RA-100345,"Reilly, Zavala and Rhodes",Manufacturing,Japan,2021-12-27,LockBit,Drive-by Download,1989334,Negotiated,Yes,38,2667713,3690079,10.36
RA-100346,Montgomery LLC,Retail,United Kingdom,2024-02-28,DarkSide,Phishing Email,1584018,Paid,Yes,54,4129197,2730935,13.81
RA-100347,Mcdonald-Brewer,Healthcare,Australia,2022-04-22,Akira,RDP Exploit,1840502,Not Paid,No,2,4416270,2852917,6.56
RA-100348,"Grant, Hernandez and Potts",Healthcare,United Kingdom,2025-01-08,Akira,Drive-by Download,1493641,Not Paid,Yes,59,2714559,1628538,13.06
RA-100349,Molina-Oliver,Manufacturing,India,2025-09-30,Akira,Phishing Email,4419881,Negotiated,No,56,3061017,4581990,15.88
RA-100350,Potts-Leonard,Energy,Australia,2022-10-23,Clop,Drive-by Download,1149639,Negotiated,Yes,11,3664817,2820253,6.46
RA-100351,"Horne, Green and Mccormick",Retail,Canada,2024-09-25,Clop,RDP Exploit,4945471,Paid,No,53,1471056,5748999,14.37
RA-100352,Dominguez Ltd,Manufacturing,Japan,2025-10-09,Conti,Drive-by Download,4765390,Paid,No,3,1527512,6038690,6.74
RA-100353,Williams-Wood,Manufacturing,Australia,2021-10-16,Clop,Drive-by Download,2783042,Paid,No,48,652789,3292155,10.64
RA-100354,Harris-Williams,Finance,Australia,2023-07-04,REvil,Phishing Email,100593,Paid,Yes,17,1759059,633918,4.41
RA-100355,Todd Inc,Technology,Brazil,2023-03-02,Ryuk,Malicious Attachment,3681056,Unknown,Yes,47,3520406,4039892,14.25
RA-100356,Williams-Caldwell,Government,United Kingdom,2025-08-25,DarkSide,Phishing Email,4027247,Paid,No,51,4849180,5402429,16.53
RA-100357,Porter-Flynn,Manufacturing,United Kingdom,2021-02-11,Ryuk,RDP Exploit,2678591,Paid,Yes,17,878597,2844200,6.11
RA-100358,Richardson-Johnson,Healthcare,India,2022-11-24,Clop,Credential Theft,4988089,Unknown,Yes,40,4049589,6475542,15.04
RA-100359,"Vang, Jordan and Jackson",Technology,France,2021-04-20,Hive,Malicious Attachment,854412,Negotiated,No,22,1724382,1262837,5.88
RA-100360,"Kennedy, Carpenter and Glenn",Transportation,Brazil,2022-05-02,Clop,Phishing Email,809601,Negotiated,Yes,4,3296002,2018689,4.71
RA-100361,Dudley Group,Finance,United States,2023-05-26,Conti,RDP Exploit,740079,Negotiated,Yes,19,4029386,1168827,7.62
RA-100362,"Flores, Hoffman and Whitehead",Energy,Canada,2023-08-28,BlackCat,Drive-by Download,973959,Unknown,Yes,20,3334297,1971601,7.31
RA-100363,Sanders LLC,Healthcare,Canada,2023-01-30,DarkSide,Zero-Day Exploit,3204794,Negotiated,Yes,24,1565271,4149652,8.37
RA-100364,Barry Inc,Finance,South Africa,2025-09-11,Maze,Credential Theft,2257861,Unknown,Yes,37,517168,2584804,8.33
RA-100365,Miranda-Ware,Transportation,India,2024-02-08,Hive,Drive-by Download,516568,Unknown,Yes,54,3247381,2242888,11.86
RA-100366,"Drake, Gray and Browning",Healthcare,France,2023-09-03,Akira,Credential Theft,2511953,Not Paid,Yes,6,3311959,4415214,6.72
RA-100367,Henderson LLC,Government,United Kingdom,2025-03-31,LockBit,Zero-Day Exploit,3771818,Paid,No,12,1402379,4226183,6.97
RA-100368,Jones-Haney,Manufacturing,South Africa,2022-02-18,BlackCat,Zero-Day Exploit,1245492,Unknown,No,54,4991721,1796318,14.34
RA-100369,Blair Ltd,Healthcare,Japan,2025-10-21,Akira,Credential Theft,2321940,Unknown,Yes,34,3843400,4255367,11.27
RA-100370,Wright-Cain,Hospitality,South Africa,2023-04-29,BlackCat,Credential Theft,1260290,Paid,No,10,4753034,2503277,7.51
RA-100371,"Gray, Kirby and Wright",Technology,Canada,2025-11-12,Ryuk,Drive-by Download,4498219,Unknown,No,57,2884683,6349295,15.93
RA-100372,Smith-Clark,Hospitality,Japan,2021-03-18,Ryuk,Phishing Email,1449516,Unknown,No,18,3380490,1761196,7.53
RA-100373,Jones-Weaver,Retail,Australia,2024-11-15,LockBit,Malicious Attachment,1997959,Negotiated,No,4,3986519,3939089,6.58
RA-100374,Herring-Archer,Government,United Kingdom,2022-07-29,REvil,Drive-by Download,4129000,Unknown,No,55,824007,5961215,13.2
RA-100375,Buchanan Inc,Energy,Germany,2022-07-06,Ryuk,Drive-by Download,3501143,Unknown,No,39,749092,3905272,10.1
RA-100376,Lewis-Arnold,Retail,France,2025-08-09,Ryuk,RDP Exploit,476488,Paid,Yes,33,1333657,624096,6.76
RA-100377,Andrews LLC,Healthcare,Brazil,2022-01-30,LockBit,Malicious Attachment,1688818,Not Paid,No,54,483514,2222037,10.27
RA-100378,Hood Ltd,Finance,United States,2023-01-25,Conti,Malicious Attachment,3899146,Unknown,No,33,3329893,5241696,12.18
RA-100379,"Vasquez, Baker and Alexander",Manufacturing,United Kingdom,2021-12-30,REvil,Drive-by Download,3986084,Paid,No,38,4625022,4729583,14.31
RA-100380,Lopez LLC,Hospitality,Germany,2021-02-26,Conti,Drive-by Download,3247747,Not Paid,Yes,4,1366666,5048340,5.21
RA-100381,"Weiss, Hunter and Coleman",Healthcare,Brazil,2022-07-06,Clop,Drive-by Download,3440195,Not Paid,Yes,33,168311,5263455,8.56
RA-100382,Jones Ltd,Retail,India,2022-04-04,Ryuk,Malicious Attachment,2122204,Unknown,No,39,2562481,3626929,10.53
RA-100383,Daniel-Andrade,Hospitality,India,2022-03-23,Akira,Phishing Email,3919946,Paid,No,20,4367527,5658651,11.29
RA-100384,Fritz LLC,Finance,Brazil,2024-02-24,BlackCat,Malicious Attachment,4985925,Negotiated,No,39,2371365,5621874,13.21
RA-100385,"Cook, Garcia and Miller",Education,France,2025-10-31,Conti,Phishing Email,2327679,Unknown,No,17,2506541,2732698,7.38
RA-100386,Harris Inc,Energy,Canada,2024-10-26,REvil,Zero-Day Exploit,1178813,Unknown,No,47,213634,2563287,8.44
RA-100387,"Neal, Navarro and Fox",Government,Australia,2025-02-17,Conti,Drive-by Download,301277,Unknown,No,38,4798739,2022583,10.8
RA-100388,Fuller and Sons,Transportation,United Kingdom,2023-11-05,REvil,Phishing Email,2523216,Unknown,Yes,55,1426051,4296163,12.2
RA-100389,Rose Inc,Education,Australia,2025-02-26,BlackCat,RDP Exploit,2174728,Negotiated,Yes,47,4689597,3784683,13.91
RA-100390,"Rasmussen, Castillo and Santos",Retail,Japan,2025-03-05,REvil,Zero-Day Exploit,2581017,Paid,No,27,2779389,3370491,9.41
RA-100391,Rodriguez-Shea,Government,France,2021-04-20,BlackCat,Drive-by Download,4900378,Unknown,No,38,597500,5900694,11.2
RA-100392,Wright Inc,Government,Australia,2023-04-27,Ryuk,Credential Theft,458504,Unknown,Yes,56,1264921,756579,10.12
RA-100393,Martinez-Hayes,Manufacturing,United Kingdom,2022-10-10,Maze,Drive-by Download,1517942,Paid,Yes,50,677995,2550473,9.7
RA-100394,Christian-Butler,Education,Brazil,2023-07-15,BlackCat,RDP Exploit,2299518,Unknown,No,14,1414467,3518062,5.81
RA-100395,"Stafford, Lewis and Durham",Healthcare,France,2023-04-07,Conti,Drive-by Download,3603926,Negotiated,Yes,31,3215591,3623717,11.47
RA-100396,House-Miller,Healthcare,United States,2026-01-01,Conti,RDP Exploit,2707919,Negotiated,No,49,4454734,3117587,14.51
RA-100397,Davis PLC,Retail,United Kingdom,2021-09-22,BlackCat,Phishing Email,866579,Negotiated,No,25,4222392,2111110,8.84
RA-100398,Anderson Group,Technology,United Kingdom,2023-07-23,Maze,Zero-Day Exploit,4369495,Negotiated,Yes,39,4396717,5087986,14.62
RA-100399,Delacruz PLC,Education,Germany,2021-12-04,LockBit,Credential Theft,3388894,Not Paid,Yes,2,1916211,3869329,5.61
RA-100400,"Pearson, Johnson and Gray",Transportation,Japan,2023-01-21,LockBit,Credential Theft,318427,Paid,Yes,25,2145815,1945854,6.21
RA-100401,"Hill, Heath and Ferguson",Energy,India,2024-08-31,BlackCat,Credential Theft,170605,Negotiated,No,4,971415,1054646,1.74
RA-100402,Walker Ltd,Technology,South Africa,2024-12-08,Hive,Malicious Attachment,1289523,Not Paid,No,14,78152,1931009,3.47
RA-100403,Garrison LLC,Finance,South Africa,2025-08-29,DarkSide,RDP Exploit,885084,Not Paid,No,33,987729,1487963,6.82
RA-100404,Hamilton and Sons,Technology,Canada,2025-08-30,Clop,Phishing Email,4393467,Unknown,Yes,13,3002565,5878680,9.35
RA-100405,Lee PLC,Healthcare,South Africa,2024-11-10,BlackCat,Credential Theft,4037101,Unknown,Yes,22,1967272,4052843,9.3
RA-100406,Rogers-Chang,Retail,Germany,2021-07-04,DarkSide,Malicious Attachment,4297495,Negotiated,No,5,849786,6204954,5.9
RA-100407,Smith PLC,Healthcare,Canada,2021-04-13,Maze,Drive-by Download,842257,Negotiated,No,53,1465604,2685462,10.26
RA-100408,Francis-Griffin,Education,United Kingdom,2025-02-21,Maze,Malicious Attachment,977248,Unknown,No,7,385045,1007532,2.41
RA-100409,Wong and Sons,Finance,India,2025-12-05,Ryuk,Zero-Day Exploit,784732,Negotiated,No,24,2875066,1178236,7.26
RA-100410,Miller-Garcia,Education,South Africa,2024-11-13,Clop,Drive-by Download,4016809,Paid,Yes,52,3537910,5387538,15.35
RA-100411,Carey-Stark,Hospitality,Brazil,2021-08-01,Clop,Credential Theft,3494893,Unknown,No,59,4955672,4517135,17.3
RA-100412,Jenkins and Sons,Energy,South Africa,2024-06-06,Ryuk,Zero-Day Exploit,246728,Paid,Yes,56,1096116,1269819,9.74
RA-100413,Allen-Salas,Hospitality,Japan,2022-06-20,Conti,Drive-by Download,2641018,Negotiated,Yes,1,4402591,4260642,7.19
RA-100414,Bright-Bowen,Technology,United Kingdom,2023-06-06,Hive,Credential Theft,2090214,Paid,Yes,31,2900456,3492116,9.64
RA-100415,"Gutierrez, Miller and Davis",Energy,United Kingdom,2024-08-10,BlackCat,Zero-Day Exploit,1321402,Negotiated,Yes,33,3936780,3117905,10.21
RA-100416,Cortez-Barrett,Transportation,India,2022-11-09,Ryuk,RDP Exploit,2338351,Paid,No,4,4252531,2815400,7.19
RA-100417,Reyes LLC,Energy,Brazil,2023-06-29,Maze,Phishing Email,4811965,Unknown,Yes,29,738464,6618362,9.9
RA-100418,Alvarez PLC,Transportation,United States,2021-07-30,BlackCat,Credential Theft,3389297,Negotiated,Yes,27,300680,4567685,7.74
RA-100419,Peck-Webb,Healthcare,Germany,2024-09-02,DarkSide,Malicious Attachment,3831949,Unknown,No,22,3048037,5572751,10.18
RA-100420,"Stephens, Thompson and Davis",Government,United States,2025-01-06,Maze,Malicious Attachment,3801117,Negotiated,No,8,817460,5403526,5.82
RA-100421,"Conway, Clay and Mitchell",Education,India,2024-12-08,BlackCat,Malicious Attachment,896895,Not Paid,Yes,3,1377135,1939579,2.72
RA-100422,Wilson LLC,Government,Australia,2021-09-05,BlackCat,Zero-Day Exploit,3300854,Paid,Yes,14,3834079,5040069,9.23
RA-100423,"Brennan, Woodward and Lewis",Education,Brazil,2025-05-01,LockBit,Credential Theft,3784106,Paid,No,30,4943642,4851484,13.23
RA-100424,Solomon-Lopez,Education,Japan,2025-09-14,Clop,Drive-by Download,4913348,Not Paid,Yes,31,4264305,6561394,13.83
RA-100425,"Long, Clark and Donovan",Hospitality,Germany,2023-03-05,REvil,Zero-Day Exploit,2704821,Negotiated,No,33,3226884,3592824,10.88
RA-100426,Preston-Martin,Transportation,Canada,2023-07-17,Hive,Malicious Attachment,1123804,Not Paid,Yes,9,3462459,2397389,5.94
RA-100427,Fischer Group,Education,United Kingdom,2022-03-06,Hive,Credential Theft,2442557,Negotiated,Yes,44,2896632,4384436,11.94
RA-100428,Roth-Johnston,Hospitality,India,2025-04-08,Hive,Malicious Attachment,2959784,Unknown,Yes,36,4029734,4192017,12.39
RA-100429,Miller and Sons,Healthcare,United States,2023-12-07,Conti,Malicious Attachment,898139,Not Paid,No,2,3195071,1212911,4.39
RA-100430,Silva-Jackson,Retail,Germany,2024-10-31,Hive,Phishing Email,2106858,Negotiated,No,10,520469,3565140,4.13
RA-100431,"Carroll, Garza and Pearson",Transportation,India,2021-07-29,Conti,Credential Theft,4718432,Negotiated,Yes,56,1881726,6285384,15.0
RA-100432,Hanna Ltd,Manufacturing,France,2026-03-13,LockBit,Phishing Email,3205947,Negotiated,Yes,25,3494510,4868736,10.45
RA-100433,"Klein, Woods and Steele",Manufacturing,Japan,2024-06-24,Hive,Drive-by Download,3721688,Not Paid,Yes,54,1892137,5643213,13.71
RA-100434,Gross Group,Education,France,2022-08-26,BlackCat,Zero-Day Exploit,3769932,Paid,No,12,624791,4172050,6.19
RA-100435,"Grant, Espinoza and White",Hospitality,Canada,2022-07-26,LockBit,Malicious Attachment,4674087,Unknown,Yes,17,1091177,5021579,8.32
RA-100436,Fox-Wagner,Healthcare,Japan,2021-03-23,REvil,Zero-Day Exploit,1294357,Negotiated,Yes,60,2706516,2556105,13.0
RA-100437,Smith and Sons,Transportation,South Africa,2025-05-25,Hive,RDP Exploit,2671394,Unknown,No,34,1845275,3066995,9.62
RA-100438,Obrien Inc,Manufacturing,Australia,2021-07-08,Maze,Malicious Attachment,2936004,Not Paid,No,15,1789841,4337117,6.98
RA-100439,"Buckley, Gates and Bates",Government,Japan,2024-02-24,Akira,RDP Exploit,78850,Paid,No,8,2902619,1023481,4.18
RA-100440,"Stewart, Carter and Ortiz",Retail,United States,2023-02-21,Hive,Malicious Attachment,956050,Unknown,No,25,2152537,2099009,6.86
RA-100441,Robinson-Jones,Transportation,South Africa,2021-03-31,BlackCat,RDP Exploit,2491668,Paid,Yes,58,1615010,3173412,12.81
RA-100442,Jones Ltd,Finance,Germany,2022-03-08,Hive,Drive-by Download,1793242,Unknown,Yes,56,3558626,3555758,13.75
RA-100443,Andrews-Atkins,Manufacturing,United States,2025-03-10,BlackCat,Phishing Email,1294786,Paid,Yes,2,3852360,2808167,5.45
RA-100444,"Schultz, Underwood and Willis",Government,Canada,2025-06-15,Ryuk,Zero-Day Exploit,2118157,Unknown,No,36,591011,3333940,8.11
RA-100445,King-Hall,Finance,France,2023-06-06,LockBit,Drive-by Download,2659191,Paid,Yes,2,3267478,4081200,6.23
RA-100446,Ward Group,Retail,Canada,2024-12-06,Akira,Phishing Email,613924,Negotiated,No,23,4218202,846506,8.28
RA-100447,Fleming-Gonzalez,Education,France,2023-02-21,Conti,RDP Exploit,3319450,Unknown,No,53,258629,4323474,11.53
RA-100448,Ritter-Weber,Transportation,France,2024-07-22,Clop,Phishing Email,1213593,Paid,Yes,20,3130145,1246976,7.34
RA-100449,"Mason, Burch and Holmes",Finance,Canada,2024-03-18,Conti,Drive-by Download,3310796,Negotiated,Yes,35,4593076,5306755,13.15
RA-100450,Burns and Sons,Government,Japan,2023-04-26,REvil,RDP Exploit,4304603,Paid,Yes,10,1350283,4700463,7.15
RA-100451,"Cole, Santos and Riley",Transportation,Brazil,2024-10-06,Hive,Phishing Email,4763795,Negotiated,Yes,55,456342,6559284,13.47
RA-100452,"Edwards, Navarro and Lee",Manufacturing,Australia,2022-05-29,Clop,Drive-by Download,828781,Not Paid,Yes,13,4870489,1860493,7.65
RA-100453,Alvarez-Harvey,Energy,Brazil,2022-08-07,Maze,Credential Theft,590599,Negotiated,Yes,58,1623283,1267044,10.91
RA-100454,Barron-Joseph,Education,United States,2024-03-04,Maze,RDP Exploit,4760182,Not Paid,No,24,2653694,5668407,11.01
RA-100455,"Mcintosh, Long and Green",Energy,Brazil,2022-07-21,DarkSide,Malicious Attachment,3020587,Negotiated,No,9,2781451,4871647,7.15
RA-100456,Benton-Morrison,Retail,United Kingdom,2024-02-04,Hive,RDP Exploit,917954,Negotiated,Yes,12,687745,2693321,3.41
RA-100457,Bryant-Daniels,Transportation,United States,2025-01-29,Akira,Credential Theft,637500,Unknown,Yes,58,156382,2429213,9.49
RA-100458,Juarez Group,Transportation,Brazil,2026-01-31,Clop,Malicious Attachment,312495,Unknown,Yes,36,2186308,1462232,7.9
RA-100459,Abbott Ltd,Energy,France,2025-12-31,Hive,Phishing Email,4950929,Unknown,No,47,2441177,5241698,14.44
RA-100460,Turner-Booth,Hospitality,United Kingdom,2023-10-26,Hive,RDP Exploit,93849,Unknown,Yes,43,2003977,1882195,8.55
RA-100461,Gilbert Inc,Energy,Australia,2022-01-02,LockBit,RDP Exploit,4755948,Unknown,Yes,37,1226506,6309283,11.53
RA-100462,Bailey LLC,Government,France,2021-05-09,Maze,Zero-Day Exploit,2222588,Unknown,No,24,1963190,2322363,7.79
RA-100463,Garcia LLC,Transportation,Canada,2025-12-11,REvil,Credential Theft,394545,Not Paid,No,3,2718605,621023,3.56
RA-100464,Green Group,Finance,France,2024-08-31,REvil,Zero-Day Exploit,3180243,Not Paid,No,24,4929907,4560389,11.71
RA-100465,Gentry Group,Hospitality,United States,2022-12-24,Hive,RDP Exploit,2899340,Unknown,Yes,32,4044332,4769874,11.74
RA-100466,Bishop-Casey,Education,United Kingdom,2022-04-17,Clop,Malicious Attachment,651662,Paid,Yes,33,2355700,1105245,7.96
RA-100467,Nichols-Sanders,Energy,Brazil,2023-04-30,Conti,Credential Theft,2775126,Not Paid,No,47,950853,3794939,10.78
RA-100468,Contreras-Ford,Hospitality,United Kingdom,2021-02-15,Clop,Drive-by Download,2049054,Paid,Yes,3,1072878,3261742,3.57
RA-100469,Fowler-Freeman,Technology,Japan,2021-04-25,Akira,Drive-by Download,1400372,Paid,No,17,1510364,2493846,5.46
RA-100470,Berg Group,Energy,United Kingdom,2021-06-25,Conti,Zero-Day Exploit,1821917,Not Paid,Yes,29,3954602,3650781,10.13
RA-100471,Mcneil and Sons,Manufacturing,Brazil,2024-06-30,Akira,Credential Theft,4289942,Paid,Yes,17,1407051,5818671,8.25
RA-100472,Butler-Cook,Government,France,2023-02-14,Hive,Drive-by Download,3238488,Unknown,Yes,9,910852,3283222,5.5
RA-100473,Farrell Ltd,Hospitality,Japan,2024-05-25,LockBit,Credential Theft,812811,Paid,Yes,12,3991980,2713620,6.6
RA-100474,"Rodriguez, Mora and Young",Healthcare,India,2023-09-15,Hive,Zero-Day Exploit,1098277,Negotiated,Yes,58,4523958,2843715,14.32
RA-100475,"Ortiz, Wilson and Walsh",Energy,India,2024-11-29,Maze,Credential Theft,4449423,Paid,No,28,1925170,6427435,10.57
RA-100476,Mills PLC,Finance,Canada,2021-10-02,Akira,Credential Theft,2140051,Unknown,No,31,1950559,4058638,8.74
RA-100477,Willis-Clark,Transportation,South Africa,2022-01-23,Hive,Phishing Email,50881,Unknown,Yes,46,59777,1273007,7.01
RA-100478,"Weber, Francis and Bailey",Education,India,2024-11-09,Akira,Malicious Attachment,2654975,Negotiated,No,27,3039039,2888496,9.74
RA-100479,Boyer-Beck,Technology,Germany,2024-03-02,Ryuk,Credential Theft,3072244,Unknown,Yes,40,2311669,4509577,11.38
RA-100480,Reed-Phillips,Retail,Japan,2023-01-29,Maze,Drive-by Download,4695018,Unknown,Yes,36,4058174,5237228,14.15
RA-100481,Holmes Inc,Education,South Africa,2025-10-18,Conti,Credential Theft,1003963,Unknown,No,48,1927561,1950540,10.13
RA-100482,Jackson-Martinez,Technology,United States,2025-06-29,BlackCat,RDP Exploit,4623568,Unknown,No,40,436750,4970660,11.06
RA-100483,"Myers, Smith and Palmer",Finance,Japan,2021-06-30,LockBit,Drive-by Download,542545,Unknown,No,17,1860443,1330242,4.95
RA-100484,Harper-Wade,Education,Brazil,2024-06-11,DarkSide,Phishing Email,4375511,Not Paid,No,19,482134,6368820,7.71
RA-100485,"Rose, Miller and Jackson",Government,Japan,2022-02-03,Clop,Drive-by Download,286935,Paid,No,51,4282885,1378674,12.22
RA-100486,"Wilkerson, Daniels and Ruiz",Technology,Australia,2022-05-05,Ryuk,Zero-Day Exploit,7409,Not Paid,Yes,11,728590,596090,2.39
RA-100487,Hernandez PLC,Retail,France,2025-02-18,Akira,Malicious Attachment,580602,Negotiated,No,59,756466,1743181,10.19
RA-100488,Fernandez Ltd,Healthcare,Canada,2022-04-09,Clop,Zero-Day Exploit,1636795,Paid,Yes,30,3388732,2852461,9.53
RA-100489,Douglas Group,Transportation,Canada,2023-10-28,Hive,Credential Theft,2473363,Negotiated,No,22,981642,4167254,6.76
RA-100490,Tucker-Maxwell,Manufacturing,Brazil,2023-02-12,DarkSide,Credential Theft,4729200,Paid,No,31,2040823,6327736,11.42
RA-100491,Espinoza-Hawkins,Government,Germany,2021-08-27,Maze,Zero-Day Exploit,2167748,Negotiated,Yes,5,3210195,3506633,6.13
RA-100492,Mendoza and Sons,Technology,Australia,2024-12-06,BlackCat,Credential Theft,2214137,Not Paid,No,16,2410059,2419191,7.02
RA-100493,Mclaughlin-Davila,Education,Germany,2022-10-05,DarkSide,Drive-by Download,2970691,Not Paid,Yes,14,4812750,3544983,9.88
RA-100494,"Watkins, Watson and Dillon",Government,Germany,2025-02-15,Conti,Credential Theft,2035517,Negotiated,Yes,56,2226481,2479163,12.66
RA-100495,Clements PLC,Energy,Japan,2025-05-15,LockBit,Credential Theft,899974,Paid,No,8,658501,2327254,2.76
RA-100496,"Myers, Moore and Obrien",Retail,Brazil,2023-01-31,Clop,Credential Theft,2650908,Negotiated,No,32,4819517,4482848,12.27
RA-100497,"Reid, Boone and Sandoval",Technology,Brazil,2022-03-31,Hive,Phishing Email,4842418,Negotiated,No,9,454327,5954965,6.65
RA-100498,"Buchanan, Riley and Williams",Transportation,Brazil,2025-10-29,Maze,Drive-by Download,1471331,Paid,Yes,30,1009821,2945655,6.98
RA-100499,"Knox, Taylor and Richmond",Manufacturing,Australia,2024-10-12,Akira,Malicious Attachment,1772919,Not Paid,No,25,4873950,1994202,10.4
RA-100500,"Hale, Brown and Roth",Education,Brazil,2022-05-01,Ryuk,RDP Exploit,2264960,Unknown,No,31,2878201,3042358,9.79
RA-100501,"Wilkinson, Allen and Howard",Hospitality,United Kingdom,2023-01-18,Akira,Drive-by Download,3365414,Not Paid,Yes,18,3781088,3752669,9.85
RA-100502,"Duran, Wilson and Rubio",Technology,India,2025-01-16,Conti,RDP Exploit,2269497,Not Paid,No,52,1978177,3444129,12.05
RA-100503,"Winters, Flores and Spencer",Education,France,2025-07-09,Hive,Drive-by Download,86724,Negotiated,No,12,3536071,1144456,5.42
RA-100504,"Obrien, Gray and Wood",Technology,South Africa,2022-09-07,Clop,Phishing Email,2110322,Not Paid,No,36,4763441,2220375,12.27
RA-100505,Wright-Elliott,Manufacturing,Australia,2023-09-03,Hive,Credential Theft,812838,Negotiated,No,29,2807402,1367613,7.97
RA-100506,Smith Group,Hospitality,Germany,2021-02-10,Akira,Credential Theft,3459100,Not Paid,No,8,2945260,5288103,7.6
RA-100507,"Davis, Santos and Parker",Energy,South Africa,2022-12-29,Ryuk,Credential Theft,2732054,Negotiated,No,44,4282019,3764402,13.61
RA-100508,Chapman and Sons,Manufacturing,India,2024-07-17,Akira,Credential Theft,1220075,Unknown,Yes,56,1405825,2573469,11.03
RA-100509,White-Weaver,Manufacturing,Canada,2021-06-12,REvil,Credential Theft,1363950,Unknown,No,22,1914530,2031369,6.58
RA-100510,Davis-Hernandez,Hospitality,France,2025-12-23,DarkSide,Zero-Day Exploit,3737078,Not Paid,Yes,50,3046547,5315528,14.28
RA-100511,Vega LLC,Retail,South Africa,2025-10-16,Conti,RDP Exploit,198786,Unknown,Yes,9,1968295,1597147,3.52
RA-100512,Rhodes Inc,Healthcare,United States,2021-07-15,Ryuk,Credential Theft,540129,Paid,Yes,60,3969470,1700277,13.51
RA-100513,"Hamilton, Delgado and Vaughn",Government,Germany,2022-06-22,REvil,Zero-Day Exploit,1307535,Not Paid,Yes,6,3270367,1966332,5.48
RA-100514,"Cunningham, Gaines and Norman",Manufacturing,Australia,2023-12-15,DarkSide,Zero-Day Exploit,1436163,Negotiated,No,2,295001,2837726,2.03
RA-100515,"Cervantes, Jackson and Gonzales",Energy,Japan,2021-10-04,Ryuk,Credential Theft,4528872,Negotiated,No,12,4956349,5792096,11.29
RA-100516,Gomez PLC,Retail,Australia,2023-09-14,Ryuk,Malicious Attachment,4532064,Not Paid,No,15,751333,5468712,7.53
RA-100517,Williams-Mendez,Retail,Brazil,2021-01-22,Hive,Phishing Email,5774,Unknown,No,34,1143471,736952,6.25
RA-100518,Baker PLC,Retail,Japan,2022-09-06,Conti,Phishing Email,81609,Negotiated,Yes,50,3610853,1765062,11.19
RA-100519,Smith LLC,Education,India,2023-04-24,Ryuk,RDP Exploit,4707270,Negotiated,Yes,28,3311520,5241340,12.22
RA-100520,Greene-Bailey,Transportation,Canada,2023-05-15,Ryuk,RDP Exploit,2014590,Paid,Yes,34,2280669,2621600,9.4
RA-100521,Matthews Inc,Energy,Canada,2021-10-07,Akira,Zero-Day Exploit,2434301,Not Paid,No,8,3819794,3739773,7.45
RA-100522,Lara-Mitchell,Education,South Africa,2021-02-09,REvil,Malicious Attachment,1281320,Not Paid,No,4,4487759,1337731,6.37
RA-100523,Mcdonald LLC,Healthcare,Brazil,2025-01-29,Conti,Malicious Attachment,73820,Unknown,No,15,756727,399826,3.08
RA-100524,Dean PLC,Healthcare,Australia,2025-05-29,BlackCat,RDP Exploit,4185846,Paid,No,24,3889767,5657424,11.68
RA-100525,May-James,Education,Germany,2025-05-08,REvil,Zero-Day Exploit,3296872,Paid,Yes,5,4556724,4292841,8.6
RA-100526,Thomas LLC,Healthcare,Germany,2025-04-23,DarkSide,Drive-by Download,2093447,Paid,Yes,25,3715925,2621783,9.56
RA-100527,"Foster, Miller and Diaz",Manufacturing,United Kingdom,2023-08-27,LockBit,Drive-by Download,3269199,Paid,No,44,2618263,5242584,12.49
RA-100528,"Grant, Wood and Cline",Healthcare,Germany,2023-09-13,BlackCat,RDP Exploit,2511625,Unknown,No,13,3023577,4382888,7.49
RA-100529,Acosta Inc,Finance,India,2021-01-31,Conti,Phishing Email,1408920,Paid,No,51,2316195,2645118,11.38
RA-100530,"Andrews, Rodriguez and Frey",Education,Brazil,2024-11-10,BlackCat,Drive-by Download,1305166,Negotiated,Yes,24,750711,1836774,5.66
RA-100531,"Vega, Lee and Jarvis",Transportation,South Africa,2021-05-03,Clop,Zero-Day Exploit,2987298,Not Paid,No,42,1291261,4468089,10.58
RA-100532,Fernandez Group,Government,United States,2024-02-18,Ryuk,Malicious Attachment,2918512,Not Paid,No,52,3680340,4466120,14.4
RA-100533,Wilson-Rodriguez,Retail,France,2026-01-15,DarkSide,RDP Exploit,336253,Not Paid,No,32,3670116,1518612,8.81
RA-100534,"Cordova, Lyons and Gregory",Finance,France,2022-10-25,Clop,Zero-Day Exploit,3934179,Negotiated,No,18,4651753,4280443,11.29
RA-100535,Jenkins-Evans,Transportation,India,2024-01-15,Clop,Phishing Email,3084564,Negotiated,Yes,30,6138,4721781,7.59
RA-100536,Carter-Mclaughlin,Technology,Germany,2022-10-19,Hive,Drive-by Download,536349,Unknown,Yes,43,4521194,2264020,11.51
RA-100537,"Gomez, Martinez and May",Manufacturing,South Africa,2024-06-09,BlackCat,Credential Theft,2380058,Paid,Yes,21,3437789,3734130,8.97
RA-100538,"Tran, Scott and Poole",Finance,Brazil,2025-09-07,Conti,Phishing Email,1093625,Paid,No,12,262443,1527415,3.16
RA-100539,Oconnell Ltd,Healthcare,Australia,2024-09-09,Conti,Credential Theft,4114659,Paid,Yes,34,4951902,4661401,14.17
RA-100540,Dominguez PLC,Finance,Brazil,2026-03-02,LockBit,Malicious Attachment,1756022,Unknown,No,42,4122308,3713025,12.18
RA-100541,Crane Ltd,Healthcare,South Africa,2025-06-15,REvil,Phishing Email,494056,Not Paid,Yes,53,2229923,1613493,10.67
RA-100542,Warren Ltd,Government,France,2021-07-27,Conti,Credential Theft,1942919,Not Paid,No,35,3232491,2350246,10.43
RA-100543,"Chavez, Herrera and Goodwin",Energy,India,2025-03-09,BlackCat,RDP Exploit,890117,Not Paid,No,50,4836666,1650820,13.23
RA-100544,Sanders-Rivera,Hospitality,Brazil,2023-10-31,Maze,Malicious Attachment,2836263,Negotiated,No,43,1326980,3965933,10.61
RA-100545,Morrow Group,Government,Japan,2023-04-25,Hive,RDP Exploit,3617034,Unknown,No,53,2713402,4902969,14.28
RA-100546,"Duran, Bell and Johnson",Healthcare,Canada,2023-01-08,Akira,Phishing Email,3800035,Not Paid,No,29,3331137,3810445,11.48
RA-100547,"Perry, Allison and Mccarthy",Manufacturing,United States,2021-01-14,REvil,Credential Theft,2524383,Not Paid,Yes,15,1802164,4328958,6.58
RA-100548,Skinner-Davis,Retail,Australia,2021-03-19,Akira,RDP Exploit,3866861,Not Paid,No,23,1309621,4167124,8.63
RA-100549,Rice-Hall,Hospitality,Germany,2025-07-20,BlackCat,Drive-by Download,2524119,Negotiated,No,6,4785693,3372556,8.21
RA-100550,Sharp Inc,Finance,Japan,2021-12-21,REvil,Phishing Email,4100959,Unknown,Yes,53,4833888,5829607,16.88
RA-100551,"Armstrong, Gonzalez and Patton",Technology,India,2025-05-17,BlackCat,RDP Exploit,474113,Paid,No,59,2805163,1213775,12.13
RA-100552,Cox Inc,Transportation,Japan,2021-04-21,Clop,Malicious Attachment,2561708,Not Paid,Yes,34,345561,3241363,8.01
RA-100553,Jones PLC,Transportation,South Africa,2021-04-14,Conti,Zero-Day Exploit,3300738,Negotiated,No,29,4992430,4517134,12.64
RA-100554,Mcmahon-Brown,Hospitality,United States,2021-10-31,Hive,Zero-Day Exploit,1113882,Negotiated,Yes,22,692538,2121821,5.11
RA-100555,Villarreal-Walker,Education,Brazil,2023-03-28,Hive,RDP Exploit,4214597,Unknown,No,28,1093766,5822695,9.51
RA-100556,"Bennett, Clements and Townsend",Transportation,Germany,2024-08-28,Conti,Phishing Email,4797669,Negotiated,No,13,4707515,6099507,11.46
RA-100557,Hunt PLC,Technology,India,2022-10-25,Maze,Malicious Attachment,4836991,Not Paid,No,6,944068,6255747,6.68
RA-100558,Williams PLC,Retail,United Kingdom,2022-12-07,Maze,Credential Theft,4986802,Unknown,Yes,42,203161,6610940,11.49
RA-100559,Miller LLC,Manufacturing,United Kingdom,2023-06-22,BlackCat,Phishing Email,381460,Paid,Yes,60,1958752,810230,11.34
RA-100560,"Johnson, Woods and Webb",Manufacturing,South Africa,2024-06-25,REvil,Zero-Day Exploit,1243805,Unknown,Yes,56,2413377,1282605,12.06
RA-100561,Ramirez-Mason,Government,France,2022-11-11,Hive,Malicious Attachment,1758299,Unknown,Yes,48,4513216,2212633,13.47
RA-100562,"Barnes, Galloway and Ford",Transportation,United States,2024-11-24,REvil,RDP Exploit,159254,Paid,No,25,4890699,2069358,8.8
RA-100563,Young-Payne,Healthcare,South Africa,2022-02-16,Ryuk,Drive-by Download,2280673,Negotiated,No,4,3900474,3663799,6.78
RA-100564,"Lee, Powell and Long",Technology,Germany,2025-11-06,Ryuk,Credential Theft,910058,Paid,No,2,2453730,2739149,3.66
RA-100565,"Avila, Santiago and Cox",Transportation,Brazil,2023-09-20,Hive,Drive-by Download,4464053,Paid,Yes,6,1563882,4891124,6.93
RA-100566,Moore-Howard,Technology,United Kingdom,2022-05-22,LockBit,Malicious Attachment,4446057,Negotiated,No,20,2798284,5483520,10.24
RA-100567,"Parsons, Berry and Evans",Healthcare,Canada,2024-07-04,Ryuk,Phishing Email,2541096,Negotiated,Yes,16,4204902,3129654,9.15
RA-100568,Morales Group,Education,South Africa,2021-11-07,Ryuk,Credential Theft,2872110,Not Paid,No,58,3295536,4259795,14.87
RA-100569,"Hernandez, Larson and Nguyen",Hospitality,Australia,2022-05-08,DarkSide,Credential Theft,4810821,Not Paid,Yes,10,3577547,5475935,9.89
RA-100570,Hoffman-Diaz,Government,United Kingdom,2024-08-29,REvil,Drive-by Download,1167464,Not Paid,No,38,4541305,2612017,11.41
RA-100571,"Manning, Decker and Sims",Education,Australia,2026-02-05,BlackCat,Credential Theft,1222626,Paid,Yes,42,4738357,3155949,12.26
RA-100572,"Johnson, Bass and Horton",Manufacturing,India,2022-10-13,Ryuk,Malicious Attachment,1225733,Unknown,No,47,247424,2840966,8.52
RA-100573,Bray Group,Healthcare,Japan,2021-11-08,Akira,Malicious Attachment,1581501,Not Paid,Yes,7,1103586,1978942,3.74
RA-100574,Schroeder PLC,Energy,United Kingdom,2022-04-18,Hive,Credential Theft,223812,Unknown,No,23,666788,1676948,4.34
RA-100575,"Hernandez, Rice and Santiago",Education,Germany,2022-01-12,Conti,Phishing Email,3255252,Unknown,Yes,32,3975016,3553637,12.03
RA-100576,"Gray, Davis and Smith",Government,Germany,2026-03-11,BlackCat,RDP Exploit,2268738,Unknown,No,27,1867020,3835593,8.19
RA-100577,"Norris, Singleton and Johnson",Government,India,2024-11-09,Ryuk,Phishing Email,2730422,Unknown,No,56,3838265,4601826,14.97
RA-100578,Sanchez-Lloyd,Healthcare,France,2023-03-19,BlackCat,Zero-Day Exploit,4802733,Unknown,Yes,39,4497730,5914221,15.15
RA-100579,Villanueva-Skinner,Healthcare,France,2025-12-03,Ryuk,Credential Theft,2066262,Paid,Yes,34,4512073,2905918,11.68
RA-100580,Chavez Ltd,Retail,Brazil,2022-08-20,Clop,Zero-Day Exploit,3692245,Negotiated,Yes,26,2554885,5324763,10.15
RA-100581,Craig LLC,Energy,South Africa,2024-11-14,Hive,Phishing Email,4341655,Not Paid,Yes,58,1193292,5323850,14.23
RA-100582,Brown PLC,Education,Brazil,2023-03-17,Akira,Drive-by Download,3474186,Not Paid,No,21,3782404,3536430,10.41
RA-100583,Walker LLC,Finance,South Africa,2021-07-04,BlackCat,Drive-by Download,2102842,Unknown,No,21,1375781,3619382,6.63
RA-100584,Hernandez-Hanson,Transportation,Japan,2021-06-24,Clop,Zero-Day Exploit,4399098,Unknown,Yes,46,3222058,5933462,14.52
RA-100585,"Perez, Wright and Nelson",Education,United Kingdom,2025-04-23,Clop,RDP Exploit,1438487,Paid,No,59,2811903,2634408,13.1
RA-100586,Cardenas-Parker,Education,South Africa,2022-09-23,Clop,RDP Exploit,2601427,Paid,No,47,3743585,3217043,13.4
RA-100587,Henderson-Black,Healthcare,Japan,2021-01-26,DarkSide,RDP Exploit,3852373,Not Paid,No,32,4183014,5002177,12.84
RA-100588,Harper-Anderson,Hospitality,United States,2023-07-19,Conti,Credential Theft,3445599,Negotiated,Yes,29,666196,4716441,8.46
RA-100589,Knapp and Sons,Manufacturing,United States,2021-04-11,Clop,Phishing Email,1555550,Negotiated,No,10,462009,2935570,3.52
RA-100590,Shepherd LLC,Education,United Kingdom,2026-02-28,REvil,Credential Theft,740703,Not Paid,No,4,913515,1625125,2.25
RA-100591,"Johnston, Myers and Melendez",Retail,Australia,2025-03-15,Maze,Zero-Day Exploit,4861721,Paid,No,24,300748,5067020,8.76
RA-100592,Thomas PLC,Education,South Africa,2025-09-24,REvil,Malicious Attachment,4622686,Unknown,Yes,5,2456558,5620060,7.83
RA-100593,Simmons-Stewart,Hospitality,France,2024-11-26,BlackCat,Zero-Day Exploit,1758646,Negotiated,No,40,488187,1997869,8.25
RA-100594,Singh-Barnett,Hospitality,Australia,2024-05-31,Clop,Credential Theft,2659898,Unknown,No,17,4407401,3876059,9.62
RA-100595,Munoz Ltd,Retail,Germany,2023-10-06,LockBit,Phishing Email,1514171,Paid,No,57,1952310,3010185,12.02
RA-100596,"Bell, Martin and Moore",Hospitality,India,2024-07-04,Ryuk,Phishing Email,994232,Negotiated,No,48,1739317,2681039,9.93
RA-100597,"Wells, Ray and Wong",Retail,Canada,2024-02-22,BlackCat,Malicious Attachment,1786219,Negotiated,No,1,1687780,3243289,3.62
RA-100598,Owens LLC,Technology,Japan,2025-04-20,Akira,Phishing Email,56432,Not Paid,Yes,8,2795879,782319,4.05
RA-100599,"Wiley, Burns and Owens",Energy,United States,2022-11-08,Clop,Zero-Day Exploit,2839819,Not Paid,No,60,4019151,4771152,15.86
RA-100600,Hoffman-Smith,Technology,United States,2026-01-01,Hive,Malicious Attachment,4509410,Negotiated,Yes,58,2811203,5489280,16.02
RA-100601,Brown-Hernandez,Manufacturing,South Africa,2022-03-03,Clop,Malicious Attachment,4848562,Paid,No,44,2782763,6535309,14.23
RA-100602,"Colon, Williams and Pitts",Hospitality,India,2023-02-08,Clop,Credential Theft,4486808,Paid,No,54,1392352,5694243,13.98
RA-100603,Kramer PLC,Technology,South Africa,2024-12-15,DarkSide,RDP Exploit,2643212,Negotiated,No,46,265416,3222583,9.81
RA-100604,"Parker, Chang and Jackson",Education,South Africa,2025-08-26,Maze,Phishing Email,2543633,Not Paid,Yes,14,4404961,3187640,9.05
RA-100605,"Mathews, Lopez and Miller",Transportation,United Kingdom,2023-06-28,Conti,Malicious Attachment,4249591,Unknown,No,2,4048972,6157420,8.6
RA-100606,"Moran, Erickson and Wood",Transportation,United Kingdom,2025-05-08,Conti,Drive-by Download,2750909,Paid,No,10,824293,4485058,5.08
RA-100607,Tucker Group,Healthcare,Japan,2023-03-05,BlackCat,Malicious Attachment,4386746,Unknown,Yes,8,34576,5048921,5.62
RA-100608,Mejia PLC,Hospitality,Canada,2021-07-31,Conti,Malicious Attachment,4371922,Not Paid,Yes,50,2621378,4429066,14.49
RA-100609,"Wilson, Hickman and Lambert",Energy,South Africa,2022-08-10,REvil,RDP Exploit,2325704,Not Paid,No,35,2677322,3956356,10.25
RA-100610,Gray-White,Finance,Germany,2021-08-23,Hive,Malicious Attachment,132982,Negotiated,No,40,4694581,1221045,10.83
RA-100611,Ramirez-Powell,Finance,Canada,2021-10-17,Akira,Malicious Attachment,2381221,Unknown,Yes,37,2053841,2750410,9.99
RA-100612,Beltran PLC,Technology,United States,2021-09-24,BlackCat,Zero-Day Exploit,248208,Unknown,Yes,31,423355,480352,5.32
RA-100613,Allen-Boyd,Manufacturing,Canada,2024-12-14,Maze,RDP Exploit,4977399,Paid,No,41,3740045,6279905,14.87
RA-100614,Cabrera-Anderson,Energy,Canada,2024-03-08,DarkSide,Zero-Day Exploit,1110578,Not Paid,Yes,6,3928283,1324553,5.94
RA-100615,"Mathews, Wiley and White",Education,Australia,2021-10-22,Maze,Zero-Day Exploit,2169703,Unknown,Yes,59,3048934,3001947,14.07
RA-100616,Wilson Ltd,Energy,United Kingdom,2021-05-14,REvil,Malicious Attachment,3992393,Not Paid,Yes,8,2948199,5006199,8.14
RA-100617,Davis Ltd,Finance,Canada,2023-04-11,Hive,Zero-Day Exploit,902424,Unknown,No,21,4665423,2274422,8.72
RA-100618,Chen-Miller,Technology,South Africa,2022-05-04,Maze,RDP Exploit,2049228,Unknown,No,36,1334058,3070840,8.78
RA-100619,Rose-Brewer,Finance,Japan,2024-03-07,DarkSide,Phishing Email,2875588,Unknown,No,35,1981106,3248574,10.11
RA-100620,Kennedy-Hubbard,Retail,India,2024-02-11,BlackCat,Credential Theft,824180,Paid,No,53,3734844,1203643,12.51
RA-100621,"Williams, Smith and Huffman",Government,United Kingdom,2022-11-02,Akira,Drive-by Download,4151448,Paid,Yes,42,515850,4351309,10.97
RA-100622,Levine-Ellis,Technology,Japan,2024-09-15,Akira,Zero-Day Exploit,1256718,Not Paid,Yes,29,4456596,1878044,10.06
RA-100623,"Sanders, Adams and Tucker",Retail,India,2024-10-27,Maze,Phishing Email,2660814,Paid,No,20,4783925,4336679,10.44
RA-100624,Smith Group,Manufacturing,France,2025-10-02,LockBit,Phishing Email,1075014,Negotiated,Yes,55,2467899,1215898,11.79
RA-100625,Fields LLC,Technology,Japan,2025-10-30,Ryuk,Drive-by Download,2372342,Negotiated,No,56,261696,2875678,11.03
RA-100626,Ford-Middleton,Education,Brazil,2023-04-12,Clop,RDP Exploit,3205799,Unknown,No,28,4572887,3658751,11.98
RA-100627,"Vega, Benson and Daniels",Education,United Kingdom,2025-09-17,LockBit,Phishing Email,3505025,Paid,Yes,10,2419969,5345284,7.42
RA-100628,Holmes-Wallace,Finance,United Kingdom,2025-01-17,Ryuk,Zero-Day Exploit,4087746,Unknown,Yes,43,3663699,4382488,14.2
RA-100629,Strong Ltd,Energy,India,2023-07-20,Maze,RDP Exploit,4278282,Not Paid,No,28,4631031,6008096,13.11
RA-100630,"Ho, Myers and Lopez",Government,France,2024-05-23,REvil,Zero-Day Exploit,67327,Negotiated,Yes,37,4178943,1853203,9.8
RA-100631,"Elliott, Graham and Watson",Hospitality,Brazil,2021-03-19,BlackCat,RDP Exploit,4770984,Negotiated,No,31,3091961,5018306,12.51
RA-100632,"Hicks, Hines and Mccall",Energy,South Africa,2023-11-25,Hive,Credential Theft,661279,Negotiated,Yes,34,742041,1185566,6.5
RA-100633,"Chung, Graves and Ellis",Energy,France,2026-01-25,DarkSide,Credential Theft,2886874,Negotiated,No,35,90557,3880163,8.23
RA-100634,Rivera-Moore,Hospitality,Canada,2022-12-24,Akira,Malicious Attachment,2476434,Paid,No,19,1405260,2560518,6.73
RA-100635,Willis Group,Retail,Japan,2024-03-30,LockBit,Malicious Attachment,1423339,Unknown,Yes,37,433118,2809741,7.41
RA-100636,Sanchez Inc,Education,Japan,2021-09-17,REvil,Malicious Attachment,4246247,Negotiated,Yes,5,2330864,4784836,7.33
RA-100637,"Hansen, Frazier and Gordon",Hospitality,United Kingdom,2025-02-27,DarkSide,Malicious Attachment,940744,Not Paid,No,39,1464867,2859428,8.26
RA-100638,Dickerson-Taylor,Transportation,United States,2025-05-22,Maze,Phishing Email,1986354,Not Paid,Yes,32,1516837,3672758,8.3
RA-100639,"Moore, Collins and Jackson",Technology,Germany,2025-09-12,DarkSide,Drive-by Download,4165315,Not Paid,Yes,49,3464157,5790893,14.98
RA-100640,Harris PLC,Finance,United States,2024-03-29,Clop,Zero-Day Exploit,2899704,Unknown,No,4,2218010,4494068,5.72
RA-100641,"Ortega, Hebert and Mcconnell",Technology,India,2022-09-10,DarkSide,Malicious Attachment,4000210,Not Paid,No,48,4467208,4500233,15.67
RA-100642,Hughes Ltd,Manufacturing,France,2021-01-25,LockBit,Phishing Email,2427564,Negotiated,No,60,3765080,3238684,15.19
RA-100643,Morris-Price,Finance,Canada,2024-06-04,Akira,Zero-Day Exploit,2291655,Unknown,Yes,22,2267759,2861778,7.86
RA-100644,Bennett-Reid,Manufacturing,United Kingdom,2025-02-12,Maze,Credential Theft,4943577,Paid,Yes,50,1635255,6043996,14.08
RA-100645,"Ballard, Blair and Nelson",Transportation,South Africa,2025-08-31,DarkSide,Malicious Attachment,575022,Not Paid,No,1,3449904,789911,4.17
RA-100646,Mason LLC,Finance,United States,2022-05-31,Akira,Drive-by Download,1624668,Not Paid,Yes,3,198913,2933638,2.27
RA-100647,"Rojas, Love and Quinn",Hospitality,United Kingdom,2024-12-21,BlackCat,Drive-by Download,1011440,Not Paid,No,6,1089841,1809881,3.0
RA-100648,Collins and Sons,Energy,Canada,2022-08-27,Ryuk,Drive-by Download,3922107,Negotiated,No,43,635236,5271726,11.01
RA-100649,Taylor and Sons,Technology,Australia,2021-11-28,LockBit,Malicious Attachment,625732,Negotiated,Yes,18,523443,1438519,3.85
RA-100650,"Perez, Morgan and Combs",Technology,United Kingdom,2023-06-22,DarkSide,Phishing Email,587156,Not Paid,No,32,1683434,1877051,7.07
RA-100651,Collins-Pierce,Retail,South Africa,2022-03-24,LockBit,Phishing Email,896287,Paid,No,59,3704355,2406590,13.45
RA-100652,Stewart-Allen,Healthcare,United States,2025-05-11,Ryuk,Malicious Attachment,3745329,Not Paid,No,2,4175121,4067499,8.22
RA-100653,"Holt, Williams and Watson",Energy,Brazil,2026-01-27,Ryuk,Zero-Day Exploit,3287717,Paid,Yes,37,31169,4378553,8.87
RA-100654,"Pitts, Walsh and Travis",Hospitality,France,2021-01-07,Maze,Malicious Attachment,3229781,Negotiated,No,45,4043965,3493963,14.02
RA-100655,Ryan PLC,Manufacturing,South Africa,2021-04-24,DarkSide,Malicious Attachment,765569,Not Paid,Yes,24,4484870,2565157,8.85
RA-100656,Rush-Knight,Technology,South Africa,2024-02-10,Maze,Zero-Day Exploit,334933,Paid,No,25,1602350,971709,5.69
RA-100657,Austin PLC,Healthcare,Japan,2025-02-14,Conti,Zero-Day Exploit,1594343,Unknown,Yes,9,299558,2009287,3.24
RA-100658,Vasquez LLC,Transportation,Brazil,2025-06-12,LockBit,Phishing Email,4539479,Negotiated,Yes,42,2581533,5597392,13.42
RA-100659,"Mccarthy, George and Roy",Transportation,Brazil,2022-11-23,Hive,RDP Exploit,364154,Not Paid,Yes,26,991525,818075,5.26
RA-100660,Lee-Clark,Hospitality,United States,2021-03-17,Conti,Drive-by Download,1192746,Not Paid,Yes,32,160012,2190965,6.15
RA-100661,Lyons-Butler,Finance,Brazil,2021-12-19,Akira,RDP Exploit,424078,Paid,Yes,58,2578232,2155292,11.7
RA-100662,Ruiz-Gonzalez,Government,India,2021-08-22,Maze,Drive-by Download,4175341,Unknown,No,39,1850396,4317692,11.88
RA-100663,Lewis-Daniel,Government,United States,2021-09-05,Akira,RDP Exploit,4836561,Negotiated,Yes,35,1152102,5520983,11.24
RA-100664,Warner Inc,Manufacturing,France,2021-09-05,Clop,Zero-Day Exploit,2302584,Not Paid,Yes,10,3482666,2665012,7.29
RA-100665,"Miller, Hall and Murray",Education,United States,2021-10-01,DarkSide,Phishing Email,843591,Paid,Yes,51,3155315,2484465,11.65
RA-100666,Spears PLC,Retail,India,2022-01-03,DarkSide,Drive-by Download,752770,Not Paid,Yes,46,4980672,2622765,12.63
RA-100667,Wilson Inc,Government,United Kingdom,2021-10-21,Akira,Drive-by Download,2277891,Paid,Yes,34,3778489,3151983,11.16
RA-100668,Macdonald Group,Retail,Australia,2025-01-08,Ryuk,Phishing Email,4198361,Not Paid,Yes,40,738475,5523677,10.94
RA-100669,Austin-Jones,Transportation,France,2021-08-29,Conti,Zero-Day Exploit,4452631,Not Paid,No,7,3035948,6271909,8.54
RA-100670,Norman PLC,Energy,Brazil,2021-04-19,Clop,RDP Exploit,1630032,Paid,Yes,8,1251826,3077092,4.08
RA-100671,Waller LLC,Retail,Australia,2024-08-13,Akira,Zero-Day Exploit,3060072,Paid,Yes,19,1758266,3981644,7.67
RA-100672,Padilla-Campbell,Education,United States,2025-02-25,DarkSide,Credential Theft,445037,Paid,Yes,60,4507807,823900,13.95
RA-100673,"Richardson, Cervantes and Smith",Hospitality,Australia,2026-01-08,Ryuk,RDP Exploit,1978838,Negotiated,Yes,47,3731528,3231833,12.76
RA-100674,"Freeman, Phillips and Ball",Government,India,2025-05-15,Conti,Zero-Day Exploit,928861,Not Paid,Yes,21,1910874,1144516,5.99
RA-100675,Ochoa-Brown,Technology,United Kingdom,2023-08-23,Conti,Credential Theft,4913109,Unknown,Yes,32,455931,6790599,10.17
RA-100676,"Potter, Martin and Mathews",Government,Australia,2023-03-05,REvil,RDP Exploit,3138019,Negotiated,Yes,9,3839903,4657593,8.33
RA-100677,"Peters, Bryan and Downs",Finance,Brazil,2021-03-07,DarkSide,Zero-Day Exploit,4775314,Not Paid,No,4,2353978,5071578,7.73
RA-100678,"Stein, Mckinney and Garcia",Hospitality,United Kingdom,2022-03-27,Akira,Credential Theft,2480994,Not Paid,Yes,39,1315334,4146793,9.65
RA-100679,Gilbert Ltd,Energy,Brazil,2023-04-24,REvil,Phishing Email,4381913,Unknown,Yes,32,1815752,5632548,11.0
RA-100680,"Thompson, Combs and Williams",Hospitality,United Kingdom,2022-05-23,Akira,Phishing Email,2750557,Unknown,Yes,28,4861021,3226977,11.81
RA-100681,"Dennis, Henderson and Perez",Technology,France,2021-03-24,Ryuk,Zero-Day Exploit,3953120,Paid,No,47,4229773,4033627,15.23
RA-100682,"Hood, Harris and Chavez",Healthcare,India,2023-10-12,Conti,RDP Exploit,2022556,Negotiated,No,6,4685028,3611876,7.61
RA-100683,Durham and Sons,Retail,United Kingdom,2022-05-05,DarkSide,Credential Theft,766094,Paid,No,2,4024811,2179163,5.09
RA-100684,"Trevino, Lane and Lin",Manufacturing,Brazil,2023-08-08,LockBit,Drive-by Download,1167861,Paid,No,56,3400509,1565720,12.97
RA-100685,Parker-James,Technology,Canada,2026-01-04,Akira,Credential Theft,2797619,Not Paid,Yes,34,274526,3429613,8.17
RA-100686,"Simpson, Odom and Robertson",Manufacturing,United States,2024-06-24,BlackCat,Zero-Day Exploit,2821011,Negotiated,No,48,459893,3910491,10.48
RA-100687,Hall Inc,Transportation,South Africa,2024-06-21,Hive,Drive-by Download,347878,Not Paid,Yes,24,3073962,725440,7.02
RA-100688,Ramsey-Johnson,Energy,Japan,2022-11-17,Conti,Drive-by Download,2006796,Not Paid,No,35,952690,3377928,8.21
RA-100689,Diaz Ltd,Healthcare,South Africa,2022-12-24,Maze,Malicious Attachment,2247760,Unknown,No,33,3547886,2838975,10.75
RA-100690,Hernandez-Sanford,Transportation,France,2023-10-24,REvil,Zero-Day Exploit,4423133,Negotiated,Yes,54,1029461,5419138,13.55
RA-100691,"Taylor, Daniels and Wolfe",Education,Canada,2022-01-21,BlackCat,Phishing Email,3845926,Not Paid,No,6,672618,4675246,5.42
RA-100692,Barnes-Ray,Government,France,2021-08-18,LockBit,Malicious Attachment,1246128,Unknown,Yes,32,1262569,3091121,7.31
RA-100693,Patterson-Lee,Healthcare,Canada,2023-08-29,Conti,Phishing Email,2913332,Paid,Yes,27,3723467,4470420,10.69
RA-100694,"Park, Jacobson and Alvarez",Hospitality,Australia,2025-09-06,Maze,Zero-Day Exploit,4363892,Unknown,No,42,2817643,5237272,13.48
RA-100695,"Shepherd, Williams and Smith",Retail,Germany,2022-09-15,DarkSide,Malicious Attachment,4763451,Negotiated,Yes,9,2571166,5133609,8.68
RA-100696,Meyer-Jacobs,Hospitality,United Kingdom,2021-10-31,Hive,Malicious Attachment,2967192,Not Paid,Yes,19,3824688,3326080,9.64
RA-100697,Zimmerman-Stevenson,Healthcare,Australia,2025-09-15,Akira,RDP Exploit,1292523,Unknown,No,11,1995794,1547716,4.94
RA-100698,Mccoy-Thompson,Healthcare,Australia,2023-01-28,Maze,RDP Exploit,1552669,Negotiated,No,14,4718584,3045637,8.37
RA-100699,"Rivera, Rogers and Taylor",Healthcare,India,2024-01-11,DarkSide,RDP Exploit,1368967,Unknown,No,35,2529766,1633750,9.15
RA-100700,Thompson Ltd,Manufacturing,Canada,2021-11-16,DarkSide,Malicious Attachment,41023,Not Paid,No,48,4581501,1115136,11.82
RA-100701,Vaughan Group,Healthcare,United Kingdom,2022-11-25,Hive,Phishing Email,947171,Negotiated,Yes,47,4018085,2844973,12.02
RA-100702,Rodriguez-Stanton,Manufacturing,United States,2023-04-03,Akira,Drive-by Download,1853553,Not Paid,Yes,29,2998134,2057499,9.2
RA-100703,Mcdowell-Hayes,Transportation,Brazil,2025-05-20,BlackCat,Credential Theft,2336422,Unknown,Yes,13,189251,2521721,4.48
RA-100704,"Rodriguez, Hill and Stuart",Healthcare,Australia,2023-10-02,Ryuk,RDP Exploit,2670545,Unknown,No,39,4291341,4659002,12.81
RA-100705,Huff and Sons,Manufacturing,Canada,2023-03-02,DarkSide,Credential Theft,3132534,Paid,Yes,1,2387920,3865884,5.67
RA-100706,Fox Ltd,Energy,Canada,2025-01-30,Clop,Drive-by Download,3731390,Unknown,No,48,3486487,5426840,14.42
RA-100707,Shields-West,Government,Canada,2021-10-13,DarkSide,Credential Theft,4930623,Negotiated,Yes,39,722174,5241856,11.5
RA-100708,"Carter, Brewer and Johnston",Retail,India,2024-04-24,Clop,Credential Theft,3157207,Unknown,Yes,6,55623,4025908,4.11
RA-100709,Marshall-Cunningham,Transportation,Brazil,2022-02-13,LockBit,Malicious Attachment,1565334,Negotiated,No,54,3202614,2182382,12.87
RA-100710,Johnson-Oliver,Healthcare,United Kingdom,2024-02-20,REvil,Malicious Attachment,3892715,Unknown,Yes,15,225250,5562022,6.37
RA-100711,Lewis-Carroll,Government,United States,2024-09-01,BlackCat,Malicious Attachment,2418310,Unknown,Yes,27,1504783,3459870,7.97
RA-100712,Morales-Bell,Technology,Canada,2024-05-11,DarkSide,Drive-by Download,3039658,Paid,No,38,4030707,4235753,12.77
RA-100713,"Morrow, Aguilar and Gomez",Hospitality,United States,2023-11-16,Clop,Malicious Attachment,4830661,Unknown,Yes,2,2177255,5182176,7.31
RA-100714,Hernandez-Johnson,Technology,Australia,2023-01-02,LockBit,Malicious Attachment,1374933,Negotiated,Yes,4,2287424,2142347,4.26
RA-100715,Sanchez and Sons,Finance,Japan,2023-11-19,Clop,Credential Theft,1630836,Negotiated,No,50,1537291,3244505,10.67
RA-100716,Berg Ltd,Transportation,Japan,2025-08-21,Maze,RDP Exploit,2530577,Paid,Yes,18,3041160,2741554,8.27
RA-100717,Zavala-Berry,Manufacturing,United Kingdom,2023-11-28,BlackCat,RDP Exploit,2365703,Not Paid,Yes,24,4067727,3239718,10.03
RA-100718,Brown-Carr,Transportation,France,2025-08-31,Hive,Drive-by Download,1585554,Paid,No,51,4686439,2882006,13.92
RA-100719,Evans Group,Healthcare,Brazil,2023-08-02,Maze,Malicious Attachment,645892,Negotiated,Yes,8,1100955,2592422,2.95
RA-100720,Harper-Mccoy,Manufacturing,United Kingdom,2025-08-01,REvil,Phishing Email,3712243,Paid,Yes,57,4388357,5323606,16.65
RA-100721,"Green, Bowen and Marsh",Education,Germany,2021-09-21,Clop,Phishing Email,1199196,Unknown,Yes,45,1900744,1853919,9.85
RA-100722,Collins-West,Technology,United States,2021-06-09,Conti,Phishing Email,162759,Paid,Yes,50,4062324,1761003,11.73
RA-100723,"Wagner, Oliver and Morgan",Finance,Canada,2023-08-19,LockBit,Phishing Email,1002591,Paid,Yes,59,2122522,1103358,11.98
RA-100724,Mcdonald-Oconnell,Finance,United Kingdom,2024-04-18,REvil,Credential Theft,1682926,Negotiated,No,12,2948978,1754286,6.43
RA-100725,Davis Ltd,Hospitality,South Africa,2021-11-25,BlackCat,Credential Theft,4204625,Paid,Yes,50,2028654,5273496,13.73
RA-100726,Whitaker-Lewis,Transportation,United States,2025-01-05,BlackCat,RDP Exploit,1611817,Unknown,No,19,1441040,3512735,5.9
RA-100727,Chavez PLC,Finance,United Kingdom,2024-11-30,Maze,Zero-Day Exploit,4949082,Unknown,Yes,12,3688284,6371567,10.44
RA-100728,Martinez-Benson,Manufacturing,South Africa,2023-11-20,DarkSide,Phishing Email,1913863,Not Paid,No,27,946716,3520654,6.91
RA-100729,Farmer Ltd,Healthcare,South Africa,2025-04-11,Maze,Zero-Day Exploit,3035388,Paid,No,46,2418294,4213778,12.35
RA-100730,"Neal, Sanders and Mcbride",Energy,Germany,2022-08-04,Hive,Zero-Day Exploit,3838138,Negotiated,No,39,2617403,5288979,12.31
RA-100731,Dunn Ltd,Manufacturing,United Kingdom,2022-01-22,LockBit,Drive-by Download,588923,Unknown,Yes,58,3990366,2568320,13.28
RA-100732,Mendez-Espinoza,Education,India,2023-03-23,Ryuk,Drive-by Download,3679699,Paid,Yes,34,713181,3939716,9.49
RA-100733,Woods PLC,Hospitality,India,2021-05-13,BlackCat,RDP Exploit,3056020,Unknown,No,13,2840748,3486002,7.85
RA-100734,Rice-Black,Technology,Australia,2022-07-25,DarkSide,Drive-by Download,4886487,Unknown,No,38,2289961,6482569,12.88
RA-100735,Mora Inc,Finance,Canada,2023-11-14,DarkSide,Zero-Day Exploit,2344504,Not Paid,Yes,10,3813852,2581073,7.66
RA-100736,Joyce PLC,Finance,Brazil,2021-03-02,LockBit,RDP Exploit,840533,Unknown,No,48,443458,2591824,8.48
RA-100737,Green-James,Finance,France,2021-11-09,DarkSide,Zero-Day Exploit,2544672,Not Paid,No,40,808205,4148867,9.35
RA-100738,Best-Avila,Transportation,Australia,2024-09-17,Hive,Credential Theft,4181679,Paid,Yes,32,4234625,4740430,13.22
RA-100739,Phelps LLC,Technology,Brazil,2023-06-01,DarkSide,Phishing Email,1004369,Paid,Yes,25,3775942,1674047,8.53
RA-100740,Chavez-Clark,Technology,United Kingdom,2024-02-15,REvil,Drive-by Download,2547122,Unknown,No,57,1377041,3587829,12.47
RA-100741,Guzman-Boyd,Transportation,France,2025-04-14,Akira,Zero-Day Exploit,922562,Unknown,Yes,37,4115162,2316847,10.59
RA-100742,Brewer Group,Hospitality,India,2023-11-04,Akira,Drive-by Download,472556,Negotiated,No,26,2209583,1519998,6.58
RA-100743,Jackson Group,Education,Australia,2022-10-19,Maze,Drive-by Download,520261,Paid,No,2,4953266,624881,5.77
RA-100744,Davenport and Sons,Technology,Australia,2023-02-19,LockBit,Drive-by Download,821631,Not Paid,Yes,28,2895369,1581081,7.92
RA-100745,Nash-Burgess,Finance,Canada,2022-04-26,BlackCat,Malicious Attachment,2623080,Not Paid,Yes,38,712642,4542304,9.04
RA-100746,"Phillips, Mendoza and Valencia",Technology,Japan,2024-01-08,Hive,Zero-Day Exploit,2740666,Negotiated,Yes,3,3866488,4130105,7.06
RA-100747,Trevino-Cortez,Technology,Japan,2024-11-26,Ryuk,Malicious Attachment,3945128,Paid,No,38,186632,4618906,9.83
RA-100748,Clark LLC,Manufacturing,United Kingdom,2021-07-24,Akira,Malicious Attachment,1732284,Negotiated,No,22,4166984,2796666,9.2
RA-100749,Johnson-Patel,Transportation,Germany,2022-02-18,REvil,Malicious Attachment,4173733,Paid,No,41,631939,5946138,10.96
RA-100750,Molina-Morris,Finance,Japan,2024-03-20,BlackCat,Credential Theft,3377449,Negotiated,No,52,1894968,4697272,13.07
RA-100751,"Lane, Vasquez and Wilkins",Technology,Germany,2021-05-18,Maze,Phishing Email,4756544,Negotiated,No,52,4454984,5763254,17.01
RA-100752,Ramirez-Parks,Technology,Canada,2023-06-06,Akira,Credential Theft,4534408,Unknown,Yes,21,1678467,5413287,9.36
RA-100753,"White, Martin and Scott",Education,Japan,2025-12-10,DarkSide,RDP Exploit,161055,Unknown,No,41,4330501,1980288,10.64
RA-100754,Valentine PLC,Hospitality,United States,2024-07-30,Hive,RDP Exploit,4473773,Negotiated,No,52,3638444,6443846,15.91
RA-100755,Mcintosh-Thomas,Technology,India,2021-10-30,Maze,Phishing Email,2021402,Not Paid,No,10,2518994,3801654,6.04
RA-100756,Keller-Hansen,Hospitality,Germany,2022-07-01,Ryuk,RDP Exploit,2412904,Paid,Yes,42,1347178,2960711,10.06
RA-100757,Higgins-Webb,Energy,France,2022-01-29,Ryuk,Zero-Day Exploit,237399,Paid,Yes,16,2605103,1220812,5.24
RA-100758,Ramirez Ltd,Retail,France,2021-11-23,Clop,Drive-by Download,2292673,Paid,No,9,244559,2844570,3.89
RA-100759,"Morrow, Crawford and Hudson",Hospitality,Canada,2025-05-22,BlackCat,Zero-Day Exploit,172006,Negotiated,Yes,4,704152,840312,1.48
RA-100760,Richardson-Haynes,Transportation,South Africa,2023-03-24,Hive,Drive-by Download,1184104,Negotiated,No,16,939056,2391521,4.52
RA-100761,Greene and Sons,Manufacturing,Australia,2025-12-17,Akira,Drive-by Download,762061,Unknown,Yes,16,1025832,2393559,4.19
RA-100762,Dennis-Hubbard,Government,Canada,2023-05-17,DarkSide,Zero-Day Exploit,1833786,Negotiated,Yes,10,896120,2211111,4.23
RA-100763,Jones Group,Transportation,India,2023-10-02,DarkSide,Drive-by Download,4480070,Not Paid,No,24,947688,5153797,9.03
RA-100764,James LLC,Manufacturing,Canada,2025-12-07,LockBit,Drive-by Download,1220606,Paid,Yes,24,3986549,2731477,8.81
RA-100765,Johnson-Peterson,Retail,Australia,2024-11-15,BlackCat,Credential Theft,2015546,Not Paid,No,17,4636717,2832299,9.2
RA-100766,Reynolds-Miller,Retail,Canada,2023-03-07,BlackCat,RDP Exploit,70985,Negotiated,Yes,59,3296617,2026108,12.22
RA-100767,Baker-Lamb,Manufacturing,India,2025-10-27,LockBit,Malicious Attachment,1349083,Paid,No,59,3681405,2683125,13.88
RA-100768,Johnson PLC,Technology,South Africa,2023-08-23,Clop,Drive-by Download,3469170,Negotiated,Yes,60,2791176,4983637,15.26
RA-100769,Anderson-White,Manufacturing,Brazil,2022-12-22,LockBit,Phishing Email,3535517,Not Paid,No,39,4594773,5092765,13.98
RA-100770,Dean Group,Retail,Australia,2025-06-09,Akira,Phishing Email,1146624,Paid,Yes,1,3361095,1576212,4.66
RA-100771,Martin-Moon,Hospitality,India,2022-05-27,Maze,Zero-Day Exploit,4336591,Unknown,Yes,46,1091398,6122795,12.33
RA-100772,Aguirre-Casey,Manufacturing,Canada,2022-06-18,Conti,Phishing Email,1460247,Unknown,No,44,4974715,3204106,13.03
RA-100773,"Stephens, Williams and Olson",Hospitality,Germany,2022-01-08,LockBit,Phishing Email,3305868,Not Paid,Yes,57,3165289,5297167,15.02
RA-100774,Moran PLC,Technology,Japan,2023-08-06,Ryuk,Credential Theft,1668177,Negotiated,Yes,17,1415727,1782579,5.63
RA-100775,"Elliott, Brown and Smith",Healthcare,France,2021-07-02,Ryuk,Zero-Day Exploit,3091337,Unknown,Yes,11,4758478,3347438,9.5
RA-100776,"Taylor, Anderson and Johnson",Energy,India,2022-04-05,Clop,Zero-Day Exploit,1709106,Not Paid,Yes,13,2233171,2323006,5.89
RA-100777,Hooper LLC,Education,India,2025-08-15,Clop,Phishing Email,2378701,Negotiated,No,47,1588593,3266004,11.02
RA-100778,Davis LLC,Hospitality,Brazil,2022-04-28,BlackCat,Phishing Email,3788066,Unknown,Yes,59,2083142,4573252,14.72
RA-100779,Schaefer and Sons,Government,India,2025-11-20,Ryuk,Drive-by Download,2716583,Negotiated,Yes,45,3335030,4167016,12.8
RA-100780,Donovan Ltd,Government,Brazil,2021-07-15,Maze,Credential Theft,4677454,Paid,Yes,4,437252,5385517,5.71
RA-100781,Perkins Group,Technology,Australia,2022-06-04,Clop,Credential Theft,4237405,Paid,Yes,40,3195636,4881808,13.43
RA-100782,"Gardner, Robbins and Olson",Manufacturing,Brazil,2022-06-18,Clop,Phishing Email,1429943,Negotiated,No,33,4134340,3390980,10.51
RA-100783,Butler Group,Education,Brazil,2021-10-18,REvil,Drive-by Download,2189443,Negotiated,No,8,2627995,2292057,6.02
RA-100784,Sanchez-Craig,Manufacturing,India,2022-08-03,Clop,Malicious Attachment,2213019,Unknown,Yes,40,2212661,3307189,10.43
RA-100785,Scott-Smith,Healthcare,Germany,2024-02-13,Clop,Phishing Email,3695900,Unknown,No,4,1584875,4017580,5.88
RA-100786,Cervantes Group,Energy,United States,2021-12-01,DarkSide,Malicious Attachment,3923594,Unknown,No,28,973380,5810912,9.1
RA-100787,Marquez-Crawford,Manufacturing,South Africa,2023-10-07,Conti,Malicious Attachment,948641,Not Paid,Yes,55,1242064,1217962,10.44
RA-100788,Strickland-Owens,Hospitality,Germany,2025-03-16,Akira,Phishing Email,4272601,Not Paid,No,53,2288441,5463816,14.51
RA-100789,Dixon Inc,Finance,Australia,2026-03-01,LockBit,Malicious Attachment,649542,Paid,No,16,4178556,2079122,7.23
RA-100790,Stein-Reed,Manufacturing,United Kingdom,2023-02-05,LockBit,Phishing Email,4957118,Unknown,No,60,889878,6722386,14.85
RA-100791,Carroll LLC,Healthcare,Japan,2023-07-19,DarkSide,Malicious Attachment,2264206,Not Paid,Yes,39,48798,2965064,8.16
RA-100792,Hamilton Inc,Healthcare,South Africa,2025-11-03,Hive,Credential Theft,413376,Unknown,Yes,52,2373690,1101114,10.59
RA-100793,Allen and Sons,Technology,South Africa,2023-03-28,LockBit,RDP Exploit,2145469,Not Paid,No,12,2014038,3772116,5.96
RA-100794,Henry-Conrad,Retail,Brazil,2025-05-16,Ryuk,Drive-by Download,3380544,Negotiated,Yes,19,1293075,3643464,7.52
RA-100795,Austin LLC,Government,Brazil,2023-01-06,DarkSide,Zero-Day Exploit,811241,Unknown,No,54,3082551,1896352,11.99
RA-100796,Bowman LLC,Manufacturing,Japan,2024-02-28,Clop,Zero-Day Exploit,3553973,Unknown,Yes,6,3544591,5264751,8.0
RA-100797,"Bennett, Lewis and Roy",Government,United Kingdom,2021-03-24,DarkSide,Credential Theft,4311220,Paid,No,22,3888428,5739817,11.5
RA-100798,Lewis-Taylor,Education,United Kingdom,2023-08-17,REvil,RDP Exploit,3673804,Unknown,No,6,4006594,4313774,8.58
RA-100799,"Brooks, Hall and Guzman",Healthcare,France,2024-03-10,BlackCat,Credential Theft,405373,Unknown,No,36,642101,2339094,6.45
RA-100800,Jackson-Rogers,Retail,Australia,2021-07-13,REvil,Credential Theft,3902821,Paid,Yes,43,4768840,5617438,15.12
RA-100801,Armstrong Inc,Technology,United States,2021-08-22,BlackCat,Zero-Day Exploit,3887910,Negotiated,No,12,1528572,5665620,7.22
RA-100802,"Barton, Heath and Franco",Retail,Australia,2024-04-17,Clop,RDP Exploit,3821801,Not Paid,Yes,49,3774536,5140026,14.95
RA-100803,Acevedo Group,Transportation,United States,2025-03-10,LockBit,Zero-Day Exploit,2180314,Paid,Yes,56,892066,3100056,11.47
RA-100804,Logan and Sons,Hospitality,Brazil,2021-12-18,REvil,Credential Theft,4007371,Negotiated,No,30,3398254,5839335,11.91
RA-100805,"Hicks, Owens and Peterson",Healthcare,Germany,2025-07-06,BlackCat,Phishing Email,2543868,Not Paid,Yes,6,1049426,2837222,4.49
RA-100806,Stevens and Sons,Government,India,2022-03-05,Hive,RDP Exploit,4040903,Paid,No,42,1217741,5413506,11.56
RA-100807,Taylor PLC,Healthcare,South Africa,2025-04-26,Clop,RDP Exploit,3892495,Unknown,No,10,3976208,4787239,9.37
RA-100808,Watkins Group,Government,Germany,2023-08-24,REvil,Credential Theft,169649,Unknown,Yes,56,3770915,1406957,12.34
RA-100809,Davis-Kim,Energy,Japan,2022-11-15,Akira,Drive-by Download,71054,Negotiated,Yes,7,3622199,952810,4.74
RA-100810,Mckee and Sons,Hospitality,Brazil,2023-09-26,Conti,Drive-by Download,3357761,Paid,Yes,32,4306439,4607260,12.46
RA-100811,"Wood, Nelson and Wells",Retail,India,2023-05-15,DarkSide,Phishing Email,4840221,Unknown,No,21,4641145,4983412,12.63
RA-100812,Bryant-Jenkins,Government,Brazil,2023-07-08,Maze,Zero-Day Exploit,3664362,Not Paid,Yes,2,1353462,4278364,5.32
RA-100813,"Roberts, Hall and Holmes",Retail,India,2024-04-18,Ryuk,Drive-by Download,2850021,Negotiated,No,59,3929888,3135080,15.63
RA-100814,"Small, Murphy and Conley",Finance,Brazil,2025-06-26,Clop,RDP Exploit,1364170,Not Paid,Yes,40,1738291,1966525,9.1
RA-100815,Anderson Ltd,Energy,Canada,2024-05-25,Conti,RDP Exploit,4133753,Paid,Yes,7,3489629,6121482,8.67
RA-100816,Richardson-Wallace,Transportation,United States,2023-01-05,BlackCat,Malicious Attachment,2192816,Unknown,Yes,23,1330579,2569219,6.97
RA-100817,Freeman Group,Energy,Canada,2024-06-18,Maze,Malicious Attachment,1906615,Paid,No,8,4714342,2386577,7.82
RA-100818,Gilbert Ltd,Finance,United States,2026-01-10,DarkSide,Zero-Day Exploit,1273176,Paid,Yes,55,4323483,2550462,13.85
RA-100819,Romero PLC,Transportation,South Africa,2025-05-20,Clop,Drive-by Download,859531,Paid,Yes,53,4718464,957547,13.53
RA-100820,Pruitt LLC,Energy,France,2026-02-09,DarkSide,Drive-by Download,3038643,Paid,Yes,11,2450605,4533769,7.14
RA-100821,Carrillo-Love,Government,Brazil,2024-08-18,Ryuk,Phishing Email,3056246,Not Paid,No,22,1155819,3324161,7.51
RA-100822,Green-Harmon,Retail,Australia,2022-12-01,Ryuk,Malicious Attachment,2410502,Not Paid,Yes,33,1436748,2599250,8.8
RA-100823,Bass LLC,Technology,India,2025-03-23,Ryuk,Zero-Day Exploit,4448028,Negotiated,Yes,27,1914229,4747423,10.41
RA-100824,"Maddox, Elliott and Fisher",Transportation,South Africa,2023-06-26,BlackCat,Malicious Attachment,1226249,Negotiated,No,50,83555,2741219,8.81
RA-100825,Reeves-Duncan,Healthcare,United Kingdom,2025-05-01,Akira,Phishing Email,1383455,Negotiated,No,28,515733,2218194,6.1
RA-100826,Collins LLC,Manufacturing,Australia,2023-04-04,LockBit,Malicious Attachment,4649020,Not Paid,No,56,2552946,6172222,15.6
RA-100827,Fisher LLC,Hospitality,Brazil,2023-07-03,Maze,Drive-by Download,1725785,Unknown,Yes,57,4567070,3045162,14.84
RA-100828,"Bates, Ballard and Avila",Manufacturing,India,2025-12-10,Clop,Credential Theft,2534428,Negotiated,Yes,6,310228,3671507,3.74
RA-100829,Hernandez-Sullivan,Manufacturing,United Kingdom,2021-07-10,LockBit,Phishing Email,4297212,Negotiated,Yes,36,2619463,5400532,12.32
RA-100830,Garcia and Sons,Finance,United States,2025-09-01,Maze,Malicious Attachment,2554651,Negotiated,Yes,47,3546349,3624288,13.15
RA-100831,"Long, Luna and Lyons",Healthcare,Brazil,2021-04-08,Maze,RDP Exploit,1051477,Not Paid,No,29,2499578,2261960,7.9
RA-100832,"Mcintosh, Phillips and Miller",Education,India,2022-09-05,Hive,Drive-by Download,2391856,Not Paid,Yes,43,4804807,3812051,13.65
RA-100833,Hughes-Smith,Manufacturing,Brazil,2022-11-03,BlackCat,RDP Exploit,4337311,Unknown,No,38,1615370,6072937,11.65
RA-100834,"Moore, Hall and Smith",Education,Brazil,2021-06-17,Conti,Zero-Day Exploit,778837,Paid,No,4,3564308,2652176,4.94
RA-100835,Williams-Burton,Transportation,India,2024-10-18,REvil,Credential Theft,4419551,Unknown,No,26,4934610,5601792,13.25
RA-100836,"Cooper, Perry and Lopez",Education,United Kingdom,2023-06-21,Hive,RDP Exploit,4111568,Unknown,No,47,3497498,5849226,14.66
RA-100837,"Bullock, Smith and Crawford",Government,Brazil,2021-09-22,DarkSide,Phishing Email,4309911,Not Paid,No,56,4438857,4567496,17.15
RA-100838,Woods LLC,Finance,Australia,2026-03-03,Akira,Malicious Attachment,1001281,Paid,Yes,39,3427851,1242672,10.28
RA-100839,"Guerra, Harper and Allen",Retail,Brazil,2021-08-30,LockBit,RDP Exploit,3121094,Not Paid,No,20,3141296,3767076,9.26
RA-100840,Brady-Yang,Education,Brazil,2021-04-10,LockBit,Phishing Email,2564900,Negotiated,Yes,57,2378121,3027007,13.49
RA-100841,Hernandez Inc,Retail,Japan,2025-11-18,DarkSide,Malicious Attachment,379823,Unknown,No,27,4036500,1591615,8.47
RA-100842,"Mason, Hodges and King",Energy,Brazil,2025-09-05,DarkSide,RDP Exploit,1119087,Negotiated,Yes,49,1162109,2187653,9.63
RA-100843,"Hanson, Murray and Payne",Technology,Australia,2025-06-27,Hive,Phishing Email,3441211,Unknown,No,25,1953154,5339160,9.14
RA-100844,Powers LLC,Healthcare,Japan,2024-08-15,REvil,Credential Theft,747642,Paid,Yes,56,1389377,2240765,10.54
RA-100845,Taylor-Gordon,Transportation,Germany,2022-01-30,DarkSide,Credential Theft,4550235,Paid,Yes,37,443642,5756124,10.54
RA-100846,Martinez-Wolfe,Government,Germany,2024-09-10,Akira,Zero-Day Exploit,4466560,Paid,No,12,159261,5053198,6.43
RA-100847,Caldwell Group,Healthcare,Australia,2023-04-03,Ryuk,RDP Exploit,4944992,Unknown,Yes,3,4122874,6762683,9.52
RA-100848,Flores Group,Finance,South Africa,2025-10-27,BlackCat,Credential Theft,4433360,Not Paid,No,21,3204640,4982700,10.79
RA-100849,Peters-Price,Retail,India,2021-10-22,Clop,Phishing Email,1537338,Negotiated,Yes,17,751958,1870776,4.84
RA-100850,Watkins-Garcia,Manufacturing,United Kingdom,2021-02-25,Ryuk,Malicious Attachment,495748,Negotiated,No,20,3271151,712829,6.77
RA-100851,"Dorsey, Pierce and Thompson",Hospitality,Japan,2025-08-23,Conti,Zero-Day Exploit,1019738,Unknown,Yes,4,1699291,1532263,3.32
RA-100852,"Garcia, Johnson and Santos",Technology,South Africa,2022-07-06,DarkSide,Phishing Email,513617,Unknown,Yes,21,3899322,1683595,7.56
RA-100853,Vega PLC,Finance,Germany,2026-02-15,Hive,Drive-by Download,161219,Not Paid,No,18,4648020,1400512,7.51
RA-100854,"Nichols, Johnson and Edwards",Transportation,Germany,2024-03-09,Clop,Malicious Attachment,3417032,Not Paid,Yes,29,703974,5201805,8.47
RA-100855,Williams PLC,Healthcare,United States,2024-01-06,DarkSide,Credential Theft,3559693,Negotiated,Yes,59,4657054,4517064,17.07
RA-100856,"Phillips, Garcia and Ellis",Hospitality,Canada,2021-01-02,Ryuk,Malicious Attachment,509784,Not Paid,No,60,4044971,1092941,13.55
RA-100857,Clay-Kelley,Finance,Canada,2021-04-04,BlackCat,Zero-Day Exploit,1359058,Paid,Yes,48,4480365,2549925,13.04
RA-100858,"Guzman, Torres and Buckley",Hospitality,France,2025-01-24,Maze,Drive-by Download,4673084,Negotiated,No,18,3623663,5125268,11.0
RA-100859,Tucker Inc,Manufacturing,Australia,2025-03-22,Conti,Zero-Day Exploit,3802674,Negotiated,Yes,18,2063095,5201569,8.57
RA-100860,Freeman Ltd,Energy,United States,2026-02-15,LockBit,Drive-by Download,1126772,Not Paid,No,42,17275,2413490,7.44
RA-100861,"Flynn, Ewing and Kennedy",Finance,South Africa,2024-02-13,Hive,Phishing Email,4106833,Unknown,Yes,49,3295070,5245376,14.75
RA-100862,Craig-Collins,Education,United States,2022-12-24,BlackCat,Zero-Day Exploit,3162274,Negotiated,Yes,53,3002934,3983349,14.12
RA-100863,"Potter, Ortiz and Reyes",Retail,Australia,2023-06-30,Conti,Phishing Email,83545,Negotiated,Yes,15,166040,1684069,2.5
RA-100864,Conway Ltd,Energy,Japan,2022-04-25,Conti,Phishing Email,4147367,Not Paid,No,24,308767,4746155,8.06
RA-100865,"Moore, Carter and Jenkins",Education,France,2021-08-16,Conti,Drive-by Download,2331559,Not Paid,Yes,37,4197135,3377575,12.08
RA-100866,Hodge-Norris,Retail,Japan,2024-04-19,Conti,Credential Theft,1080808,Negotiated,Yes,48,545773,1358049,8.83
RA-100867,Kane-Garcia,Retail,France,2025-10-03,DarkSide,Phishing Email,198923,Unknown,Yes,45,4470737,1497531,11.42
RA-100868,"Hunt, May and Brooks",Finance,France,2025-10-15,DarkSide,Zero-Day Exploit,2714514,Negotiated,Yes,28,3413222,3299208,10.33
RA-100869,Maldonado-Mullins,Technology,France,2025-12-16,DarkSide,Malicious Attachment,1888646,Paid,No,4,2331571,3824652,4.82
RA-100870,"Brock, Lindsey and Smith",Healthcare,Germany,2022-02-03,Ryuk,Phishing Email,2812715,Not Paid,Yes,6,4796870,4516527,8.51
RA-100871,Mullen and Sons,Finance,United States,2021-12-03,DarkSide,Zero-Day Exploit,2766736,Paid,No,20,527274,4089542,6.29
RA-100872,Jenkins and Sons,Government,Australia,2025-09-18,LockBit,Malicious Attachment,2105586,Not Paid,Yes,16,904732,3108747,5.41
RA-100873,"Cox, Anthony and Allen",Energy,Japan,2025-05-08,BlackCat,Phishing Email,3683651,Paid,Yes,49,802644,5005102,11.84
RA-100874,Flowers LLC,Education,United States,2023-02-12,DarkSide,Phishing Email,2632978,Negotiated,No,57,545596,4284306,11.73
RA-100875,Walker-Frye,Healthcare,Canada,2021-05-15,Ryuk,Zero-Day Exploit,859191,Paid,No,44,468100,2042040,7.93
RA-100876,Peterson-Gates,Technology,Japan,2022-04-23,Akira,Phishing Email,93974,Negotiated,Yes,30,3220654,1077491,7.81
RA-100877,Ward PLC,Finance,South Africa,2023-07-19,LockBit,Credential Theft,4343696,Paid,Yes,22,4931035,4757358,12.57
RA-100878,Rogers-Lee,Manufacturing,India,2026-01-27,DarkSide,Drive-by Download,4813451,Unknown,Yes,9,4269045,5360921,10.43
RA-100879,Ward LLC,Education,Canada,2022-05-13,Akira,Zero-Day Exploit,1159882,Negotiated,No,52,369792,1296741,9.33
RA-100880,Willis-Love,Energy,Canada,2024-04-10,Akira,Malicious Attachment,4544442,Negotiated,No,50,1221688,4863581,13.27
RA-100881,"Malone, Mitchell and Bond",Government,France,2021-01-17,Hive,Phishing Email,4347619,Unknown,No,38,1213095,4477822,11.26
RA-100882,Moran-Price,Finance,Australia,2022-02-05,Conti,Drive-by Download,1685841,Unknown,No,41,1688401,3342658,9.52
RA-100883,Johnson Ltd,Manufacturing,Japan,2024-05-13,REvil,Zero-Day Exploit,2782849,Negotiated,Yes,55,4852161,3980040,15.89
RA-100884,Hernandez PLC,Government,United States,2021-08-03,Conti,Drive-by Download,3815962,Not Paid,No,57,354033,4866004,12.72
RA-100885,Thomas-Diaz,Manufacturing,India,2024-07-01,Conti,Zero-Day Exploit,1792935,Not Paid,Yes,16,4032891,3343473,8.23
RA-100886,Deleon-Garcia,Transportation,South Africa,2023-01-14,Clop,Malicious Attachment,87980,Unknown,Yes,5,3002270,160931,3.84
RA-100887,"Harris, Knight and Oliver",Healthcare,Germany,2024-07-16,Conti,Malicious Attachment,4918093,Not Paid,Yes,59,3019237,5020168,16.79
RA-100888,Colon Ltd,Transportation,Germany,2025-12-19,Clop,RDP Exploit,2202805,Paid,Yes,47,1462104,2925453,10.71
RA-100889,Dickerson-Cunningham,Education,India,2025-09-23,BlackCat,Malicious Attachment,2201041,Not Paid,No,59,848945,2255068,11.9
RA-100890,Brown-Williams,Education,France,2023-07-24,Akira,Zero-Day Exploit,2019523,Paid,Yes,24,3123600,3415549,8.74
RA-100891,Barnes LLC,Transportation,India,2021-10-23,Maze,Malicious Attachment,1102185,Unknown,Yes,51,1590925,1514169,10.34
RA-100892,Miller-Duncan,Transportation,Canada,2026-03-02,Clop,Malicious Attachment,392513,Not Paid,Yes,49,4926946,799088,12.67
RA-100893,Adkins-Farrell,Transportation,Japan,2024-07-13,DarkSide,RDP Exploit,2354425,Paid,No,56,1060911,4150155,11.82
RA-100894,Stone Group,Transportation,Australia,2025-06-08,DarkSide,Credential Theft,549194,Unknown,Yes,11,4266661,1373131,6.47
RA-100895,Larson-Schroeder,Energy,Brazil,2022-10-22,REvil,Credential Theft,3141322,Unknown,Yes,34,4054289,4652148,12.3
RA-100896,Wright PLC,Government,India,2022-03-01,Conti,Malicious Attachment,1846519,Unknown,No,58,1702991,2804599,12.25
RA-100897,Bush PLC,Transportation,South Africa,2024-03-16,Clop,Phishing Email,1323767,Negotiated,No,60,3138339,1867553,13.46
RA-100898,Dawson-Campbell,Energy,France,2023-11-29,Akira,Malicious Attachment,2954224,Unknown,No,15,4898730,3050506,10.1
RA-100899,Shaw LLC,Energy,Australia,2023-08-16,REvil,Zero-Day Exploit,3633120,Paid,Yes,27,3083013,5330288,10.77
RA-100900,Wright and Sons,Finance,Canada,2023-06-24,Hive,Credential Theft,1966176,Paid,No,17,636698,2729248,5.15
RA-100901,"Bates, Dixon and Chan",Manufacturing,United States,2026-03-13,Hive,RDP Exploit,1915434,Negotiated,Yes,7,994887,2075063,3.96
RA-100902,Baker-Garcia,Retail,Germany,2024-10-14,Akira,RDP Exploit,2766876,Negotiated,Yes,17,2539462,4339697,7.86
RA-100903,Kelly and Sons,Technology,India,2025-04-27,Akira,Drive-by Download,2517171,Paid,No,19,2907862,4169509,8.28
RA-100904,Brown-Macias,Technology,Germany,2024-09-01,Conti,Drive-by Download,4305394,Not Paid,No,49,1252360,6130408,12.91
RA-100905,Murphy Ltd,Energy,Brazil,2022-04-24,Maze,Phishing Email,4332056,Negotiated,Yes,38,4635772,5930903,14.67
RA-100906,Campos Group,Transportation,United States,2023-05-29,Maze,RDP Exploit,3508819,Not Paid,No,14,3680021,4462478,9.29
RA-100907,Joseph PLC,Government,India,2025-02-20,Ryuk,Drive-by Download,86211,Unknown,No,32,2975224,808869,7.86
RA-100908,Rojas Inc,Healthcare,United Kingdom,2022-10-30,Clop,Malicious Attachment,4928736,Unknown,No,2,4761284,6585750,9.99
RA-100909,Smith-Simon,Government,Brazil,2022-02-23,BlackCat,Malicious Attachment,3281893,Unknown,No,5,4483731,4102303,8.52
RA-100910,"Clark, Hubbard and Dougherty",Healthcare,Japan,2021-07-10,DarkSide,Phishing Email,1443005,Not Paid,Yes,7,4638218,1825534,7.13
RA-100911,Brandt PLC,Retail,France,2021-05-23,BlackCat,Zero-Day Exploit,3242114,Paid,No,19,1727249,3740833,7.82
RA-100912,Moore-Holloway,Technology,India,2023-11-28,Clop,Phishing Email,97669,Not Paid,No,11,2741262,1910605,4.49
RA-100913,Baker Group,Government,Canada,2023-09-07,Ryuk,Drive-by Download,581825,Unknown,Yes,25,1732177,864312,6.06
RA-100914,"Cox, Taylor and Pearson",Transportation,Brazil,2024-05-21,REvil,RDP Exploit,4829216,Paid,Yes,20,4928339,5264880,12.76
RA-100915,Haley PLC,Government,France,2023-07-02,Maze,Credential Theft,541619,Unknown,No,53,3349141,1820078,11.84
RA-100916,Rodriguez-Gonzalez,Energy,Australia,2023-08-06,REvil,Zero-Day Exploit,4837951,Not Paid,No,3,764324,5451745,6.05
RA-100917,"Franklin, Berry and Parker",Technology,United Kingdom,2022-05-26,Akira,Phishing Email,1511410,Unknown,Yes,58,3624621,2481545,13.84
RA-100918,Williams Ltd,Finance,Germany,2022-05-06,DarkSide,Zero-Day Exploit,1329831,Paid,No,18,4510969,1951967,8.54
RA-100919,Barrera-Farley,Energy,United Kingdom,2021-06-06,REvil,RDP Exploit,887687,Paid,No,33,2734896,1757720,8.57
RA-100920,Welch-Johnson,Manufacturing,India,2021-02-24,Conti,Zero-Day Exploit,619008,Paid,Yes,41,3874831,1428349,10.64
RA-100921,"Wiggins, Walker and Black",Energy,Brazil,2022-05-29,DarkSide,Phishing Email,967028,Paid,Yes,46,1144982,1663028,9.01
RA-100922,Walker-Baker,Retail,United Kingdom,2025-01-01,Clop,Phishing Email,3676892,Paid,Yes,9,3949353,5407451,8.98
RA-100923,Mills-Anderson,Finance,United States,2022-08-26,REvil,RDP Exploit,1046457,Unknown,No,35,3278783,1409729,9.58
RA-100924,Obrien-Waller,Transportation,Germany,2021-12-31,DarkSide,Drive-by Download,1822580,Paid,Yes,46,289044,3704681,9.01
RA-100925,"Lopez, Davis and West",Healthcare,United States,2023-03-11,Ryuk,RDP Exploit,2591411,Not Paid,No,29,439791,3855938,7.38
RA-100926,Chavez-George,Technology,United States,2026-02-05,LockBit,Malicious Attachment,2006021,Not Paid,Yes,13,766704,2049656,4.72
RA-100927,"Williams, Cobb and Murillo",Education,United States,2022-03-28,Ryuk,Credential Theft,815366,Paid,No,52,1408403,2343728,10.02
RA-100928,Henderson Ltd,Government,France,2022-10-23,Ryuk,Zero-Day Exploit,4719851,Paid,Yes,41,1590139,6039885,12.46
RA-100929,Sanchez LLC,Healthcare,India,2022-03-14,Maze,Phishing Email,893230,Unknown,Yes,23,2712705,1267340,7.06
RA-100930,Horn PLC,Hospitality,Australia,2023-07-29,LockBit,Phishing Email,1851300,Not Paid,No,5,2335971,3224333,4.94
RA-100931,Davis Group,Hospitality,United Kingdom,2022-09-10,REvil,Phishing Email,4195747,Negotiated,No,7,4497916,5865139,9.74
RA-100932,Wright-Garcia,Manufacturing,Brazil,2024-10-20,BlackCat,Malicious Attachment,1120109,Paid,No,22,1470883,2462541,5.89
RA-100933,Lopez Ltd,Hospitality,United States,2023-02-23,Conti,Phishing Email,4291797,Paid,No,41,1949826,5357545,12.39
RA-100934,Thompson Ltd,Finance,United States,2022-04-30,Clop,Malicious Attachment,3599500,Unknown,No,49,2043109,4909243,12.99
RA-100935,"Trujillo, Lopez and Collier",Healthcare,Germany,2022-02-18,Akira,Zero-Day Exploit,1277305,Negotiated,Yes,25,1714608,2633758,6.74
RA-100936,Davis-Lee,Technology,Canada,2022-07-24,LockBit,RDP Exploit,2668707,Negotiated,No,42,332351,3771056,9.3
RA-100937,Parker Ltd,Government,Germany,2022-05-12,Akira,Zero-Day Exploit,1731521,Negotiated,Yes,35,453705,3642866,7.44
RA-100938,Lopez-Clark,Government,United States,2023-06-25,Clop,RDP Exploit,55689,Not Paid,Yes,5,4124294,212458,4.93
RA-100939,"Freeman, Espinoza and Mckenzie",Transportation,South Africa,2021-12-22,Ryuk,Drive-by Download,4976346,Unknown,No,36,1714507,5481924,12.09
RA-100940,Travis-Stanton,Hospitality,Germany,2021-12-03,REvil,Malicious Attachment,1662054,Unknown,Yes,16,3557010,2042066,7.62
RA-100941,"Clark, Payne and Johnson",Technology,United Kingdom,2022-07-11,DarkSide,Zero-Day Exploit,4041352,Unknown,No,6,3016491,4886531,7.96
RA-100942,"Medina, Thompson and Mays",Technology,India,2025-04-07,BlackCat,Malicious Attachment,1312603,Not Paid,Yes,53,4043415,1364149,13.31
RA-100943,Alvarez-Brown,Retail,India,2022-06-11,Hive,Credential Theft,3196447,Unknown,Yes,30,2565732,4157721,10.26
RA-100944,Martinez PLC,Education,Germany,2022-11-14,LockBit,Phishing Email,1151356,Negotiated,No,46,3936525,1571801,11.99
RA-100945,"Taylor, Reynolds and Jackson",Energy,Canada,2023-04-09,Akira,Phishing Email,3493152,Unknown,Yes,26,3130266,4308536,10.52
RA-100946,"Rangel, Levine and Ortega",Government,India,2026-03-03,REvil,Drive-by Download,1049193,Negotiated,No,25,4744768,1399691,9.54
RA-100947,White-Johnson,Technology,India,2024-07-24,Conti,RDP Exploit,3093522,Unknown,Yes,45,484161,4468571,10.33
RA-100948,Brooks Group,Education,Canada,2026-03-03,Akira,Zero-Day Exploit,3036762,Not Paid,No,41,237129,4509465,9.42
RA-100949,"Brown, Henson and Peterson",Finance,South Africa,2022-05-22,Ryuk,Zero-Day Exploit,4856482,Paid,Yes,43,1354251,4892355,12.66
RA-100950,Diaz-Caldwell,Retail,France,2025-11-30,Hive,Drive-by Download,3552918,Unknown,No,11,3580957,4093227,8.78
RA-100951,"Barnett, Wilson and Lopez",Hospitality,Australia,2025-02-12,Clop,Malicious Attachment,3457826,Not Paid,No,49,745624,3696990,11.55
RA-100952,Fisher-Miller,Energy,United States,2024-12-02,BlackCat,Phishing Email,2589533,Unknown,No,1,1412730,4311625,4.15
RA-100953,Hall-Davis,Education,Australia,2024-09-02,Clop,Drive-by Download,2423773,Not Paid,Yes,47,3615167,2791618,13.09
RA-100954,"Scott, Young and Holmes",Hospitality,Germany,2023-09-24,Clop,RDP Exploit,1531595,Paid,Yes,33,924845,2486699,7.41
RA-100955,Koch-Griffith,Hospitality,South Africa,2025-07-16,Clop,Phishing Email,1614646,Negotiated,Yes,17,3429299,2548924,7.59
RA-100956,Johnston Inc,Healthcare,Japan,2023-02-13,Conti,Zero-Day Exploit,1050904,Unknown,Yes,18,539172,1778448,4.29
RA-100957,Wheeler Ltd,Hospitality,United States,2021-01-20,BlackCat,RDP Exploit,517178,Paid,No,18,60721,1922459,3.28
RA-100958,Washington-Sanchez,Energy,Brazil,2024-05-19,Maze,Credential Theft,4367697,Unknown,No,49,2230092,6332511,13.95
RA-100959,Elliott Ltd,Manufacturing,India,2023-01-30,Ryuk,Credential Theft,2882942,Paid,No,21,2009985,4866343,8.04
RA-100960,Savage and Sons,Energy,India,2025-11-24,Clop,Phishing Email,2775381,Paid,No,52,840448,2791850,11.42
RA-100961,Morton-Roy,Energy,France,2024-12-03,Ryuk,Drive-by Download,2089884,Not Paid,Yes,24,3791063,3396661,9.48
RA-100962,Payne-Travis,Healthcare,Australia,2024-07-30,DarkSide,RDP Exploit,2707671,Unknown,No,2,3021723,4549395,6.03
RA-100963,"Cooper, Hicks and Thompson",Energy,South Africa,2025-02-22,Ryuk,Malicious Attachment,687574,Not Paid,Yes,23,3589721,2666977,7.73
RA-100964,Murphy-Luna,Transportation,United States,2025-11-17,Clop,Zero-Day Exploit,4367532,Paid,No,57,4797483,6023506,17.72
RA-100965,Goodwin-Weaver,Energy,South Africa,2025-09-01,DarkSide,Drive-by Download,4608220,Not Paid,Yes,56,3915927,4970652,16.92
RA-100966,"Stokes, Phillips and Johnson",Technology,United States,2022-03-10,Clop,Malicious Attachment,1434695,Unknown,No,49,750308,1665880,9.54
RA-100967,"Carter, Hancock and Garza",Finance,United Kingdom,2022-03-28,Hive,Drive-by Download,2166144,Unknown,Yes,43,3995613,4058360,12.61
RA-100968,Medina Inc,Hospitality,Japan,2025-06-18,BlackCat,Drive-by Download,2796738,Negotiated,No,56,1877522,4760822,13.07
RA-100969,"Nguyen, Thompson and Silva",Technology,Germany,2026-02-08,Conti,Malicious Attachment,3206516,Paid,No,42,4713658,5011973,14.22
RA-100970,Wright-Lee,Hospitality,Germany,2021-06-29,BlackCat,Credential Theft,939344,Negotiated,Yes,6,2854221,2502455,4.69
RA-100971,Garcia-Miller,Healthcare,Canada,2025-10-14,LockBit,Credential Theft,2633757,Not Paid,No,25,4839629,4189185,11.22
RA-100972,"Bryant, Jones and Phillips",Education,France,2023-05-18,Akira,Credential Theft,2686359,Not Paid,Yes,50,3062141,4368875,13.25
RA-100973,Ryan Inc,Education,Canada,2023-03-21,Conti,Zero-Day Exploit,82078,Unknown,Yes,35,3863916,754623,9.2
RA-100974,Luna Group,Manufacturing,Canada,2024-05-16,Hive,Drive-by Download,2382271,Paid,No,10,288197,3648214,4.17
RA-100975,"Miller, Fletcher and Sawyer",Retail,India,2025-10-03,LockBit,Malicious Attachment,4819825,Not Paid,Yes,31,1809565,5867968,11.28
RA-100976,"Lewis, Johnson and Fernandez",Education,Brazil,2025-10-03,Ryuk,Malicious Attachment,1893038,Not Paid,Yes,45,441058,3839040,9.08
RA-100977,Cruz-Young,Energy,Australia,2024-01-28,Ryuk,Zero-Day Exploit,3295729,Paid,No,22,3543762,4727385,10.14
RA-100978,Williams-Cole,Finance,United Kingdom,2022-08-02,Maze,Credential Theft,1641551,Paid,No,45,4597141,2477351,12.99
RA-100979,Ayers LLC,Energy,Canada,2023-07-27,Clop,RDP Exploit,1378168,Not Paid,Yes,37,1154044,2314865,8.08
RA-100980,Patel-Warren,Education,India,2025-02-14,Ryuk,Drive-by Download,81609,Not Paid,Yes,24,4829271,305409,8.51
RA-100981,Hess Inc,Healthcare,South Africa,2021-07-16,Hive,Drive-by Download,2987853,Negotiated,No,31,1506969,4979794,9.14
RA-100982,Mccoy-Washington,Government,India,2021-11-01,DarkSide,Malicious Attachment,3393947,Not Paid,No,16,285252,3653093,6.08
RA-100983,Diaz-Powell,Technology,Canada,2025-05-08,DarkSide,Malicious Attachment,756712,Paid,Yes,50,3889677,2580529,12.15
RA-100984,Nelson-Conway,Transportation,Germany,2021-08-27,LockBit,Credential Theft,698209,Unknown,No,8,4103961,2053341,6.0
RA-100985,Silva-Patterson,Technology,Brazil,2024-11-21,Ryuk,Malicious Attachment,798170,Not Paid,Yes,51,4973529,1187957,13.42
RA-100986,"Kennedy, Gray and Herring",Technology,United States,2022-10-29,Ryuk,Credential Theft,537662,Unknown,Yes,46,4509069,935404,11.95
RA-100987,Richardson Inc,Government,South Africa,2023-11-29,Clop,Credential Theft,4909999,Not Paid,Yes,35,1041036,6500220,11.2
RA-100988,Johnson Inc,Healthcare,United Kingdom,2024-02-11,Akira,RDP Exploit,3756661,Not Paid,Yes,52,2636606,4024705,14.19
RA-100989,Stone-Martin,Finance,France,2024-02-26,REvil,Malicious Attachment,2158863,Not Paid,No,55,293745,2346303,10.7
RA-100990,Johnson-Gardner,Transportation,Canada,2024-09-09,Hive,Zero-Day Exploit,5717,Not Paid,No,16,2521715,112534,4.93
RA-100991,Morales-Garner,Transportation,France,2024-11-24,Conti,Drive-by Download,2630097,Paid,Yes,34,2953872,3911332,10.68
RA-100992,Vasquez LLC,Government,United Kingdom,2022-05-01,Akira,Credential Theft,313146,Not Paid,No,13,1188491,951681,3.45
RA-100993,"Young, Jones and Anderson",Transportation,Canada,2022-07-23,REvil,Zero-Day Exploit,1082869,Not Paid,No,47,3540218,1248812,11.67
RA-100994,"Curry, Burns and Houston",Education,France,2023-07-24,Conti,Phishing Email,703385,Negotiated,Yes,17,3568138,2685125,6.82
RA-100995,Weaver PLC,Education,India,2025-01-03,Clop,Malicious Attachment,3126755,Unknown,No,37,4290264,4405415,12.97
RA-100996,Greer and Sons,Transportation,South Africa,2021-02-23,Hive,Zero-Day Exploit,2081161,Paid,No,5,2266074,2352510,5.1
RA-100997,Burns-Flores,Retail,United Kingdom,2024-08-04,Conti,Malicious Attachment,751369,Paid,Yes,24,2797846,2393102,7.15
RA-100998,Williams Group,Finance,United Kingdom,2023-02-12,Hive,Drive-by Download,1869163,Negotiated,No,25,880926,3520674,6.5
RA-100999,Matthews-Maxwell,Retail,France,2021-07-15,REvil,Credential Theft,4442239,Paid,Yes,23,4799709,6267110,12.69
RA-101000,Pratt Group,Manufacturing,France,2021-12-16,Hive,Credential Theft,2672547,Unknown,No,49,3267994,3061444,13.29
RA-101001,Carter and Sons,Transportation,United Kingdom,2024-04-28,Clop,RDP Exploit,1075153,Unknown,No,17,79770,2525179,3.7
RA-101002,King Group,Hospitality,India,2021-04-19,DarkSide,RDP Exploit,3110049,Unknown,No,46,2089799,4542369,12.1
RA-101003,"Brown, Burke and Fox",Technology,France,2025-06-24,Conti,Malicious Attachment,3936453,Paid,No,33,2406117,4524895,11.29
RA-101004,Rogers-Bailey,Finance,South Africa,2023-04-13,Conti,Phishing Email,2628427,Not Paid,Yes,55,756254,3969440,11.63
RA-101005,"Decker, Myers and Ruiz",Healthcare,India,2021-06-23,Hive,Drive-by Download,2402890,Not Paid,No,36,4134429,4108116,11.94
RA-101006,Mcdonald Ltd,Finance,India,2023-10-17,LockBit,Credential Theft,4325229,Not Paid,Yes,44,4466273,5798793,15.39
RA-101007,Jones-Shepherd,Manufacturing,Germany,2025-01-02,Hive,Drive-by Download,3569981,Paid,No,45,4482341,5152148,14.8
RA-101008,Bishop-Frey,Finance,Australia,2021-12-12,Clop,Credential Theft,4396573,Negotiated,Yes,58,1888112,4773184,14.98
RA-101009,Dominguez Ltd,Finance,Australia,2023-05-16,Conti,Credential Theft,4161621,Paid,No,25,1430223,4954453,9.34
RA-101010,"Hayes, Lawson and Ho",Healthcare,Japan,2022-09-05,Ryuk,RDP Exploit,4057743,Negotiated,Yes,19,2220990,4514574,9.13
RA-101011,"Crawford, Thomas and Valdez",Hospitality,Brazil,2023-08-07,Maze,Malicious Attachment,4100875,Negotiated,Yes,4,2984297,4123229,7.69
RA-101012,Carter-Carey,Manufacturing,United States,2021-01-11,BlackCat,Zero-Day Exploit,2938678,Unknown,Yes,57,1561704,3791875,13.05
RA-101013,"Hall, Gilbert and Arroyo",Finance,Brazil,2021-06-23,LockBit,RDP Exploit,4443383,Negotiated,Yes,33,1289518,5314723,10.68
RA-101014,Holloway-Reynolds,Technology,United Kingdom,2023-08-22,Hive,Malicious Attachment,3321510,Paid,No,24,2510684,4095912,9.43
RA-101015,Fisher-Taylor,Technology,United States,2024-09-06,Maze,Drive-by Download,3690591,Not Paid,Yes,11,1173451,4442432,6.51
RA-101016,"Brennan, Nelson and Owen",Technology,Australia,2022-01-24,LockBit,RDP Exploit,2394912,Not Paid,No,3,1121491,3232334,3.97
RA-101017,Lee-Bass,Transportation,Brazil,2024-09-24,Clop,Malicious Attachment,2234688,Unknown,No,8,3532503,3270337,6.97
RA-101018,"Ortega, Hall and Giles",Education,Australia,2021-09-27,Hive,Phishing Email,925505,Not Paid,Yes,7,177537,1200005,2.15
RA-101019,Gonzalez Ltd,Energy,Canada,2024-10-21,REvil,Zero-Day Exploit,2875086,Paid,No,28,67451,3795938,7.14
RA-101020,"Stone, Ayers and Callahan",Government,Canada,2022-05-23,BlackCat,Malicious Attachment,1284226,Not Paid,No,47,4288690,1686100,12.62
RA-101021,Martinez-Chandler,Transportation,Japan,2022-02-11,Clop,RDP Exploit,3980301,Not Paid,Yes,46,864670,5460708,11.74
RA-101022,Ewing Inc,Government,United Kingdom,2021-09-04,Ryuk,Phishing Email,1114777,Not Paid,Yes,26,321940,1699106,5.34
RA-101023,Anderson and Sons,Retail,Germany,2025-11-06,Conti,Malicious Attachment,432444,Unknown,No,25,3416756,1543388,7.6
RA-101024,"Espinoza, Savage and Ramos",Finance,Canada,2021-05-06,Maze,Malicious Attachment,4282046,Negotiated,No,28,433417,4930188,8.92
RA-101025,Casey LLC,Healthcare,United States,2022-05-21,LockBit,Drive-by Download,2688019,Negotiated,Yes,58,399031,3079179,11.79
RA-101026,Colon PLC,Education,Canada,2022-08-08,DarkSide,Malicious Attachment,3964910,Negotiated,No,18,845350,4878588,7.51
RA-101027,Allison PLC,Transportation,United Kingdom,2021-08-17,Maze,Malicious Attachment,817748,Negotiated,No,43,114701,2260022,7.38
RA-101028,Roberts-Rosario,Finance,South Africa,2022-05-03,Clop,Drive-by Download,2319810,Paid,Yes,14,4901791,3135219,9.32
RA-101029,"Sparks, Lee and Roth",Finance,South Africa,2024-04-16,Hive,Credential Theft,1602472,Negotiated,No,13,3739488,3553387,7.29
RA-101030,Hayes-Reed,Education,United States,2025-01-25,Clop,RDP Exploit,3982865,Unknown,No,49,1694591,5111816,13.03
RA-101031,Barnes Group,Finance,India,2025-12-31,BlackCat,Zero-Day Exploit,4705523,Unknown,Yes,23,3070431,5656058,11.23
RA-101032,Zimmerman-Hernandez,Healthcare,Japan,2021-12-08,LockBit,Drive-by Download,2304725,Not Paid,No,45,1081678,2922178,10.14
RA-101033,Harris LLC,Education,Brazil,2023-10-11,Hive,Zero-Day Exploit,4471680,Unknown,No,56,4307546,4638936,17.18
RA-101034,"Howell, Brewer and Burns",Education,Japan,2024-05-28,Conti,Credential Theft,2282458,Paid,No,14,1544160,2300008,5.93
RA-101035,Pugh-Stephenson,Government,Canada,2023-10-29,REvil,Credential Theft,4409633,Paid,Yes,17,2545288,6207402,9.5
RA-101036,Sellers and Sons,Healthcare,United Kingdom,2022-04-04,REvil,RDP Exploit,387625,Negotiated,Yes,35,1998407,1009664,7.64
RA-101037,Grimes and Sons,Finance,United States,2024-08-08,Maze,Drive-by Download,2093831,Negotiated,No,53,1761476,3224957,11.81
RA-101038,Harvey Inc,Hospitality,Canada,2021-06-20,Maze,Phishing Email,4612653,Paid,No,17,1120915,5479010,8.28
RA-101039,Merritt PLC,Transportation,Japan,2022-03-26,BlackCat,Drive-by Download,2351208,Unknown,No,12,2147476,2394004,6.3
RA-101040,"Young, Rangel and Rodriguez",Manufacturing,Canada,2025-11-17,Conti,Credential Theft,4626097,Unknown,Yes,14,3709415,5098810,10.44
RA-101041,"Lewis, Lane and Herrera",Education,Brazil,2023-07-03,BlackCat,Zero-Day Exploit,1948834,Not Paid,No,47,3639946,2731928,12.64
RA-101042,"Franklin, Castillo and Hoffman",Education,Canada,2022-01-14,LockBit,Malicious Attachment,1482322,Not Paid,Yes,13,4778737,2521013,8.21
RA-101043,Lee PLC,Education,South Africa,2025-08-02,Ryuk,RDP Exploit,3311766,Unknown,No,44,1575883,3467421,11.49
RA-101044,Bryant-Briggs,Finance,India,2021-07-25,Ryuk,Phishing Email,4423938,Paid,Yes,9,98989,5699136,5.87
RA-101045,"Williams, Anthony and Carter",Finance,Canada,2025-04-13,Clop,Drive-by Download,371918,Paid,Yes,9,2083351,1996971,3.81
RA-101046,Martinez-Houston,Finance,Germany,2025-06-10,Clop,Zero-Day Exploit,897035,Unknown,Yes,35,2838720,2695318,8.99
RA-101047,Davis Group,Healthcare,France,2022-09-22,REvil,Drive-by Download,2787973,Paid,Yes,31,1296251,3309277,8.73
RA-101048,"Kelly, Brown and Romero",Finance,France,2025-08-17,Ryuk,RDP Exploit,378509,Paid,Yes,7,4568889,1010814,6.0
RA-101049,"Young, Douglas and Deleon",Manufacturing,Canada,2021-02-19,Conti,Drive-by Download,1906488,Unknown,Yes,28,3232927,2225558,9.34
RA-101050,"Solomon, Harris and White",Retail,Australia,2023-10-05,BlackCat,Credential Theft,1427364,Negotiated,Yes,8,1883530,1650720,4.51
RA-101051,Li and Sons,Education,United Kingdom,2023-01-09,Ryuk,Credential Theft,716390,Negotiated,Yes,58,363719,1994131,9.78
RA-101052,Martinez Ltd,Retail,Australia,2024-10-23,BlackCat,Malicious Attachment,3572209,Unknown,No,10,2529800,4892422,7.6
RA-101053,"Sweeney, Villanueva and Gomez",Education,United Kingdom,2022-06-28,Maze,RDP Exploit,645633,Unknown,No,51,18376,2462778,8.31
RA-101054,"Barron, Soto and Long",Hospitality,India,2025-01-17,REvil,RDP Exploit,4018378,Paid,No,53,564767,4265700,12.53
RA-101055,Colon PLC,Manufacturing,Brazil,2021-09-19,Ryuk,Zero-Day Exploit,1530655,Unknown,No,50,3229860,2280129,12.26
RA-101056,Garcia-Ibarra,Energy,France,2021-10-11,Hive,Zero-Day Exploit,2067826,Not Paid,No,25,3512071,3229873,9.33
RA-101057,Cox-Torres,Hospitality,Germany,2021-06-21,BlackCat,RDP Exploit,4878478,Negotiated,Yes,46,3538756,5993563,15.32
RA-101058,Barr-Hood,Education,South Africa,2022-02-21,LockBit,Malicious Attachment,148903,Negotiated,Yes,24,4684084,1152798,8.43
RA-101059,Nguyen Inc,Technology,Germany,2022-08-27,Conti,RDP Exploit,3867017,Paid,Yes,10,4626420,5830182,9.99
RA-101060,Thompson Group,Technology,Australia,2021-08-29,LockBit,Drive-by Download,1205213,Paid,Yes,25,221113,2675087,5.18
RA-101061,"Williams, Escobar and Osborn",Education,Australia,2023-09-04,Clop,Phishing Email,4987209,Not Paid,Yes,56,1326952,5060513,14.71
RA-101062,Ramos-Mora,Education,Brazil,2021-01-26,Clop,Drive-by Download,4779654,Negotiated,No,54,3493912,5103633,16.37
RA-101063,Hall-Meyer,Finance,United Kingdom,2023-04-23,LockBit,Drive-by Download,2834787,Paid,Yes,29,110908,3446185,7.3
RA-101064,"Jackson, Smith and Patterson",Technology,Brazil,2023-10-28,Hive,Drive-by Download,1350103,Negotiated,No,1,3325266,3106359,4.83
RA-101065,Lawrence Ltd,Finance,France,2024-12-23,Ryuk,RDP Exploit,1911855,Not Paid,No,28,1315439,2491918,7.43
RA-101066,Watts PLC,Transportation,Japan,2024-06-21,BlackCat,Drive-by Download,474735,Unknown,No,15,3290875,869968,6.02
RA-101067,"Shelton, Mcintyre and Williams",Healthcare,Australia,2022-10-04,Ryuk,RDP Exploit,3403224,Negotiated,Yes,53,3191714,3758885,14.54
RA-101068,Roberts-Ward,Government,Canada,2021-08-02,Clop,Credential Theft,657705,Paid,Yes,24,2814240,726527,7.07
RA-101069,Goodman Ltd,Transportation,Germany,2022-03-10,LockBit,RDP Exploit,97081,Negotiated,Yes,49,2593187,500808,10.04
RA-101070,"Smith, White and Wood",Energy,United States,2024-03-13,LockBit,Malicious Attachment,4742859,Paid,No,3,4729088,6410082,9.92
RA-101071,Dunn and Sons,Transportation,Germany,2021-01-18,Maze,Zero-Day Exploit,2996789,Negotiated,Yes,49,2369061,3841741,12.72
RA-101072,"Garcia, Bird and Hutchinson",Transportation,South Africa,2024-12-10,Hive,RDP Exploit,821881,Paid,No,22,3416667,2712001,7.54
RA-101073,"Ellis, Kirk and Saunders",Education,United Kingdom,2023-09-04,DarkSide,Phishing Email,4923729,Paid,Yes,56,313903,5542153,13.64
RA-101074,"Oconnor, Ross and Gillespie",Education,France,2025-12-17,Hive,Drive-by Download,1813979,Negotiated,No,52,1181741,3436323,10.8
RA-101075,Bautista Inc,Hospitality,India,2025-05-28,LockBit,Drive-by Download,1105565,Unknown,Yes,22,2439856,1871203,6.85
RA-101076,"Morton, Bishop and Jordan",Energy,South Africa,2022-03-04,LockBit,RDP Exploit,634131,Negotiated,Yes,10,4755609,1960701,6.89
RA-101077,"Jones, Juarez and Parker",Retail,United Kingdom,2023-10-19,BlackCat,Malicious Attachment,794485,Negotiated,No,30,2631763,1160408,7.93
RA-101078,Rodriguez-Ortiz,Energy,Canada,2021-07-02,DarkSide,Drive-by Download,601714,Not Paid,Yes,12,3865076,1152661,6.27
RA-101079,"Sutton, Maxwell and Thomas",Retail,India,2024-03-10,Ryuk,Credential Theft,4100813,Not Paid,No,3,3049125,5912273,7.6
RA-101080,Willis Ltd,Finance,India,2023-01-22,Hive,Zero-Day Exploit,4303987,Negotiated,Yes,55,2631148,5097657,15.19
RA-101081,Miller LLC,Transportation,United States,2024-06-25,Clop,Phishing Email,483642,Negotiated,No,48,2053772,1961114,9.74
RA-101082,Davis PLC,Technology,Brazil,2021-11-21,BlackCat,Malicious Attachment,4787628,Unknown,No,26,612289,5265400,9.3
RA-101083,Rivera Ltd,Finance,United Kingdom,2024-08-08,BlackCat,Zero-Day Exploit,4493876,Unknown,Yes,58,3899569,4732715,17.09
RA-101084,"Johnston, Marks and Johnson",Hospitality,Brazil,2023-04-03,Conti,Drive-by Download,2762508,Unknown,Yes,5,2661678,3490622,6.17
RA-101085,Cole-Hamilton,Energy,United Kingdom,2022-07-25,Conti,Malicious Attachment,3818282,Paid,No,3,4572572,4154894,8.84
RA-101086,Black Inc,Government,United States,2021-05-08,Conti,Phishing Email,3037421,Unknown,No,51,3608121,4040232,14.3
RA-101087,Chan-Cunningham,Retail,India,2022-06-01,BlackCat,Malicious Attachment,1482281,Unknown,No,6,1189083,1637527,3.57
RA-101088,Gallegos Ltd,Healthcare,South Africa,2023-12-11,Ryuk,Malicious Attachment,1801042,Negotiated,Yes,43,2176501,2197082,10.43
RA-101089,Chavez Group,Transportation,United Kingdom,2022-02-11,Ryuk,Malicious Attachment,2934941,Unknown,Yes,27,4040265,3942135,11.03
RA-101090,Brown LLC,Education,Australia,2024-02-23,Maze,Phishing Email,1670641,Not Paid,No,5,4852820,2973561,7.27
RA-101091,"Cook, Thomas and Miller",Technology,Canada,2021-10-30,Hive,Drive-by Download,4194653,Paid,No,56,2654321,4442903,15.25
RA-101092,"Butler, Cantu and Clark",Hospitality,South Africa,2025-09-01,LockBit,RDP Exploit,1059592,Not Paid,No,41,3769341,2409496,10.98
RA-101093,Hicks-Richardson,Technology,Germany,2024-11-27,Maze,RDP Exploit,4585903,Not Paid,Yes,50,1393456,5856172,13.48
RA-101094,"Berger, Young and Burch",Retail,France,2023-01-29,BlackCat,Drive-by Download,3056729,Unknown,No,2,2532993,4947150,5.89
RA-101095,"Johnson, Herrera and Krause",Transportation,India,2023-04-28,Hive,Malicious Attachment,3447574,Paid,Yes,23,2954661,5194405,9.85
RA-101096,"Johnson, Hughes and Williams",Hospitality,United Kingdom,2023-07-29,Hive,Zero-Day Exploit,3598542,Unknown,No,24,1484004,4767750,8.68
RA-101097,Juarez Group,Hospitality,South Africa,2025-09-27,BlackCat,Phishing Email,3674962,Paid,Yes,41,2376159,5157356,12.2
RA-101098,"Scott, Pollard and Barnes",Hospitality,France,2024-06-16,BlackCat,Drive-by Download,3455063,Unknown,Yes,7,4164246,5037808,8.67
RA-101099,Schneider-Harris,Government,Brazil,2024-09-29,Hive,Zero-Day Exploit,2436894,Paid,Yes,55,3528691,2891219,14.22
RA-101100,Morris-Smith,Energy,India,2025-10-20,Ryuk,Phishing Email,3944074,Negotiated,Yes,8,2941260,5618690,8.09
RA-101101,Rivas LLC,Technology,Germany,2023-11-06,LockBit,Zero-Day Exploit,2384046,Paid,Yes,18,2218879,3038703,7.3
RA-101102,Sanford-Williams,Transportation,Japan,2021-02-23,Maze,Malicious Attachment,1291605,Not Paid,No,51,3140842,3064826,12.08
RA-101103,"Gross, Alvarez and Anderson",Technology,United States,2022-05-11,Akira,Zero-Day Exploit,4666881,Not Paid,No,26,1616252,5969288,10.18
RA-101104,Cole-Oliver,Education,India,2025-01-31,Conti,Phishing Email,1462246,Not Paid,Yes,26,2668725,2557054,8.03
RA-101105,Hernandez-Lopez,Retail,France,2024-07-17,Clop,Malicious Attachment,4844671,Not Paid,Yes,51,3288536,6622634,15.78
RA-101106,Chavez PLC,Hospitality,United Kingdom,2021-07-11,LockBit,Credential Theft,220085,Paid,No,28,96888,1548971,4.52
RA-101107,Harper-Jones,Government,Germany,2021-02-21,REvil,RDP Exploit,1100116,Not Paid,No,30,3004239,1501350,8.6
RA-101108,"Baldwin, Henderson and Sanders",Finance,United Kingdom,2025-04-27,LockBit,Drive-by Download,2190062,Paid,Yes,43,434200,2776705,9.07
RA-101109,"Howard, Sanchez and Lowery",Retail,United Kingdom,2023-07-30,BlackCat,Phishing Email,1034150,Unknown,No,7,1189901,1636517,3.27
RA-101110,"Rodriguez, Collins and Richards",Healthcare,India,2026-02-13,BlackCat,Zero-Day Exploit,1749599,Paid,Yes,26,844595,2789378,6.49
RA-101111,Bartlett Group,Energy,United Kingdom,2024-11-08,Clop,Malicious Attachment,3527436,Paid,Yes,25,2630641,4866090,9.91
RA-101112,Kramer-Browning,Manufacturing,Australia,2024-09-12,DarkSide,Credential Theft,4763805,Paid,Yes,41,263925,5019606,11.18
RA-101113,"Sanchez, Wright and Soto",Hospitality,United States,2023-12-05,Hive,Phishing Email,2139909,Not Paid,Yes,60,1020101,2554334,12.16
RA-101114,Powell-Campbell,Manufacturing,United Kingdom,2025-11-11,Conti,Phishing Email,3065924,Not Paid,No,8,1820073,3137784,6.09
RA-101115,Vazquez-Blevins,Transportation,Canada,2022-07-15,DarkSide,Drive-by Download,4044742,Unknown,No,13,771598,4785711,6.77
RA-101116,Villanueva-Lam,Education,Germany,2023-11-16,REvil,Zero-Day Exploit,3359957,Paid,No,60,1619556,3894440,13.98
RA-101117,Taylor-Olson,Energy,India,2021-12-06,Akira,Drive-by Download,1731642,Negotiated,No,47,4092329,2650697,12.87
RA-101118,Callahan-Watts,Government,Japan,2024-06-29,Maze,Malicious Attachment,907271,Paid,No,39,3213321,1817605,9.97
RA-101119,Woods Ltd,Technology,Canada,2021-12-09,Akira,Drive-by Download,288199,Negotiated,No,33,2122951,1528953,7.36
RA-101120,"Lewis, Cobb and Mccoy",Education,Australia,2021-03-03,Conti,Phishing Email,966753,Not Paid,No,12,2706945,1877242,5.47
RA-101121,"Gomez, Roberson and Barnes",Healthcare,Australia,2023-02-01,LockBit,Drive-by Download,1221680,Negotiated,Yes,50,2637922,1488169,11.36
RA-101122,Green-Schaefer,Government,France,2023-08-12,BlackCat,Zero-Day Exploit,4765277,Negotiated,Yes,51,2697551,6660079,15.11
RA-101123,"Gordon, Baker and Cruz",Hospitality,South Africa,2023-12-16,Akira,Drive-by Download,1829215,Unknown,No,7,4705762,2422324,7.58
RA-101124,Anderson-Harris,Energy,Brazil,2022-10-13,LockBit,Malicious Attachment,2690373,Unknown,Yes,13,1653689,2804517,6.29
RA-101125,"Long, Freeman and Bryan",Technology,Germany,2021-09-12,Akira,Phishing Email,3803236,Negotiated,Yes,11,2742124,5053011,8.2
RA-101126,Mullen Inc,Education,India,2024-08-11,LockBit,Credential Theft,4834814,Paid,No,1,3873723,5441172,8.86
RA-101127,Perry LLC,Technology,Canada,2024-08-13,REvil,Malicious Attachment,141501,Negotiated,No,5,3941851,350981,4.83
RA-101128,"Moore, Montgomery and Crawford",Hospitality,United States,2021-06-13,Ryuk,Malicious Attachment,4672842,Unknown,No,50,2627199,5718454,14.8
RA-101129,Griffin Ltd,Hospitality,South Africa,2025-10-05,LockBit,RDP Exploit,1023485,Paid,Yes,54,3136651,2999992,12.26
RA-101130,Lawson and Sons,Education,South Africa,2021-10-12,Conti,Drive-by Download,886942,Negotiated,Yes,21,3654869,1371614,7.69
RA-101131,"Carter, Joseph and Duncan",Healthcare,Canada,2024-11-10,BlackCat,Malicious Attachment,445326,Negotiated,No,17,361449,687697,3.36
RA-101132,"Gonzalez, Miller and Hernandez",Energy,South Africa,2022-07-07,Clop,Malicious Attachment,1433903,Not Paid,No,60,1155742,2667493,11.59
RA-101133,Moss Ltd,Transportation,Germany,2024-07-28,Akira,Zero-Day Exploit,3752860,Unknown,No,43,1026641,4857077,11.23
RA-101134,Kim-Torres,Retail,South Africa,2022-10-22,Maze,Credential Theft,4054234,Not Paid,Yes,15,770168,4617487,7.07
RA-101135,Hughes-Long,Government,United States,2024-11-24,Conti,Zero-Day Exploit,659451,Unknown,Yes,5,4149153,795839,5.56
RA-101136,Walker LLC,Hospitality,France,2023-09-26,Hive,Malicious Attachment,881900,Negotiated,No,22,1750479,2598972,5.93
RA-101137,"Martinez, Wolfe and Wilkinson",Education,Germany,2024-09-04,Maze,Zero-Day Exploit,1296836,Unknown,Yes,55,4232248,1528422,13.78
RA-101138,Glover-Bowers,Technology,United Kingdom,2025-05-17,REvil,Credential Theft,3362162,Paid,Yes,13,575888,3954831,5.89
RA-101139,Lewis-Hayes,Healthcare,Brazil,2023-08-03,Clop,Malicious Attachment,904035,Paid,No,48,924517,1418531,9.03
RA-101140,"Schmidt, Hines and Taylor",Finance,France,2024-09-17,BlackCat,Malicious Attachment,4458389,Unknown,Yes,29,2952527,5025347,11.76
RA-101141,Chen-Webb,Manufacturing,United States,2021-11-05,DarkSide,Malicious Attachment,3334673,Negotiated,Yes,33,3614318,4409872,11.9
RA-101142,Garcia Group,Retail,Germany,2021-04-11,Ryuk,RDP Exploit,3213831,Negotiated,No,47,3545028,3630535,13.81
RA-101143,Walker-Miller,Government,South Africa,2023-11-29,Conti,Phishing Email,3642009,Paid,Yes,7,418452,5007492,5.11
RA-101144,"Manning, Carrillo and Nicholson",Finance,Canada,2024-03-24,Conti,Credential Theft,2237864,Unknown,No,16,552467,3363825,5.19
RA-101145,Johnson-Rubio,Government,United Kingdom,2023-03-16,Conti,Malicious Attachment,854801,Negotiated,No,15,2250486,1903251,5.36
RA-101146,Carr-Johnson,Hospitality,Brazil,2025-02-11,REvil,Drive-by Download,31062,Not Paid,Yes,7,1552653,1096433,2.63
RA-101147,"Wu, Contreras and Patterson",Energy,United Kingdom,2022-10-08,LockBit,Drive-by Download,587627,Unknown,No,11,1571658,1294207,3.81
RA-101148,Larson-Chavez,Finance,United Kingdom,2022-11-16,LockBit,Credential Theft,179708,Negotiated,No,12,2213284,2037838,4.19
RA-101149,Kennedy-Rose,Finance,United States,2024-04-09,LockBit,Credential Theft,13442,Negotiated,Yes,32,2076367,1014489,6.89
RA-101150,Smith LLC,Finance,South Africa,2023-12-12,REvil,Drive-by Download,4225698,Negotiated,No,11,1229726,5861528,7.11
RA-101151,Perez-Rhodes,Energy,Canada,2023-10-02,Maze,Zero-Day Exploit,2947564,Paid,No,35,2158820,4348832,10.36
RA-101152,Mcmahon PLC,Hospitality,Brazil,2022-09-09,BlackCat,Malicious Attachment,2804604,Paid,Yes,58,4343981,4438903,15.85
RA-101153,Lucero-Carter,Energy,United States,2023-04-21,Conti,Credential Theft,1852637,Unknown,No,43,1188204,2611727,9.49
RA-101154,Hale Group,Finance,Canada,2022-02-27,Hive,Zero-Day Exploit,753884,Not Paid,No,13,3169133,2103405,5.87
RA-101155,Garcia-Reyes,Hospitality,India,2026-02-08,REvil,Malicious Attachment,2931324,Not Paid,Yes,57,2778370,3761365,14.26
RA-101156,"Williams, Garza and Martinez",Hospitality,South Africa,2024-04-01,Ryuk,Zero-Day Exploit,4367728,Negotiated,No,45,2879694,6127112,14.0
RA-101157,"Castillo, Ellis and Clark",Education,France,2021-08-14,REvil,Credential Theft,74918,Not Paid,No,32,1234325,1062856,6.11
RA-101158,Crawford Group,Energy,United States,2023-09-25,Conti,Malicious Attachment,2423099,Paid,Yes,5,2472447,2465798,5.65
RA-101159,Wilson PLC,Healthcare,United States,2023-09-28,REvil,RDP Exploit,2570416,Negotiated,No,1,3609909,3319149,6.33
RA-101160,"Jackson, Hayes and Allen",Finance,Canada,2025-05-28,Clop,Drive-by Download,4216024,Not Paid,No,43,4704004,4551160,15.37
RA-101161,"Farmer, Jones and Davis",Energy,Australia,2024-04-13,Conti,Drive-by Download,682111,Unknown,No,19,1836012,759506,5.37
RA-101162,Campbell-Martin,Retail,Japan,2023-03-29,REvil,RDP Exploit,828247,Unknown,No,58,2191715,2768033,11.72
RA-101163,Davis-Riddle,Education,India,2025-07-06,Hive,RDP Exploit,4855019,Negotiated,No,9,1673683,5389349,7.88
RA-101164,Rodgers and Sons,Education,India,2021-06-25,Ryuk,Phishing Email,2499219,Not Paid,No,37,3868543,3653908,11.92
RA-101165,Fisher-Boyd,Manufacturing,India,2024-11-22,DarkSide,Zero-Day Exploit,2632819,Unknown,No,33,2999522,3625080,10.58
RA-101166,Mitchell-Smith,Education,Japan,2021-02-26,REvil,RDP Exploit,4693469,Negotiated,Yes,2,3531021,4888918,8.52
RA-101167,Watson-Gray,Retail,United States,2024-06-25,Ryuk,RDP Exploit,4562275,Unknown,Yes,58,4744483,6413166,18.01
RA-101168,"Erickson, Bonilla and Kane",Healthcare,Canada,2023-08-06,BlackCat,Malicious Attachment,4350368,Paid,No,30,455989,4537910,9.31
RA-101169,"Adams, Lee and Norris",Healthcare,South Africa,2024-03-04,Akira,Drive-by Download,4043845,Paid,Yes,45,2779309,5866443,13.57
RA-101170,"Roberts, Hodges and Kelly",Government,United Kingdom,2023-11-24,REvil,Drive-by Download,1214233,Negotiated,Yes,36,4155016,1510290,10.77
RA-101171,Robinson Ltd,Finance,United States,2025-07-08,Clop,Credential Theft,4073098,Paid,Yes,40,1683692,4323659,11.76
RA-101172,Greene-Stanley,Transportation,Brazil,2022-05-22,Ryuk,Phishing Email,1718739,Paid,No,7,3974139,1780447,6.74
RA-101173,Travis Group,Transportation,Canada,2023-04-09,Akira,Drive-by Download,4062733,Unknown,Yes,12,1970817,5837949,7.83
RA-101174,Hansen Inc,Education,Germany,2023-06-05,Clop,Credential Theft,1231803,Not Paid,No,41,181779,1629373,7.56
RA-101175,"Anderson, Washington and Collins",Energy,Australia,2023-09-11,REvil,Zero-Day Exploit,2437999,Unknown,Yes,19,839125,3682726,6.13
RA-101176,Hinton-Diaz,Healthcare,Canada,2023-08-09,DarkSide,Phishing Email,3502181,Unknown,Yes,53,3563857,3822908,15.02
RA-101177,"Burke, Nash and Brown",Manufacturing,United Kingdom,2024-04-03,DarkSide,Drive-by Download,2544748,Unknown,No,3,3728663,2644153,6.72
RA-101178,"Nguyen, Rhodes and Holmes",Transportation,Germany,2021-01-19,Maze,Drive-by Download,1333038,Unknown,Yes,23,4199759,3137863,8.98
RA-101179,Ray and Sons,Energy,United Kingdom,2021-12-24,REvil,Drive-by Download,1275058,Negotiated,No,23,4724125,1996602,9.45
RA-101180,Fowler Group,Education,Japan,2021-05-20,Hive,Drive-by Download,4062944,Negotiated,Yes,25,3957445,5343486,11.77
RA-101181,Hill-Stone,Hospitality,Japan,2024-11-30,Ryuk,Phishing Email,2723551,Paid,Yes,38,4871572,3463559,13.3
RA-101182,"Bryant, Shea and Jones",Finance,Brazil,2025-10-11,DarkSide,Malicious Attachment,1340295,Not Paid,Yes,15,809939,2745448,4.4
RA-101183,Bush PLC,Technology,South Africa,2021-08-04,LockBit,Credential Theft,1464600,Negotiated,Yes,47,3222025,3059656,11.74
RA-101184,Barry-Hayes,Healthcare,United Kingdom,2021-03-18,Maze,Phishing Email,616375,Unknown,No,29,3140141,1898367,8.11
RA-101185,Newton-Mckinney,Retail,Brazil,2021-09-30,DarkSide,Drive-by Download,4818212,Negotiated,Yes,36,1675593,5238662,11.89
RA-101186,Rasmussen-White,Government,South Africa,2022-02-17,Akira,Phishing Email,1364705,Paid,Yes,28,4433726,3070613,10.0
RA-101187,"Brown, Schmitt and Petty",Technology,Japan,2021-03-10,Hive,Phishing Email,1184124,Negotiated,Yes,58,44025,1948178,9.93
RA-101188,Higgins-Woods,Government,Japan,2024-10-29,DarkSide,Credential Theft,4435481,Negotiated,No,32,1595083,6191156,10.83
RA-101189,"Vargas, Tyler and Miller",Finance,Brazil,2024-06-20,Ryuk,Drive-by Download,4691692,Unknown,Yes,55,1156667,6382760,14.1
RA-101190,Marshall-Knox,Finance,South Africa,2024-03-11,DarkSide,RDP Exploit,660517,Paid,No,9,4339081,1295944,6.35
RA-101191,"Sanders, Cook and Sanchez",Retail,India,2021-02-16,Maze,Phishing Email,1884226,Not Paid,No,53,2431927,3828373,12.27
RA-101192,"Jefferson, Russell and Anderson",Transportation,Japan,2021-06-03,Hive,Malicious Attachment,4488071,Unknown,Yes,37,2025096,6287351,12.06
RA-101193,"Brown, Rivera and Donovan",Retail,United States,2024-01-24,LockBit,Malicious Attachment,935082,Unknown,No,38,3950955,2909960,10.59
RA-101194,Holt-Adams,Government,France,2022-02-15,Maze,Drive-by Download,2811335,Paid,Yes,57,498315,3113444,11.86
RA-101195,Williamson-Mccall,Hospitality,United States,2023-10-08,Maze,Phishing Email,616629,Unknown,Yes,52,4730068,2523133,13.15
RA-101196,"Jones, Hubbard and Benton",Healthcare,South Africa,2025-12-23,LockBit,Zero-Day Exploit,4630690,Not Paid,No,31,1086127,5207987,10.37
RA-101197,Hernandez Ltd,Healthcare,United States,2023-06-03,Conti,Credential Theft,4011337,Unknown,Yes,20,1910648,4066306,8.92
RA-101198,Trujillo-Hebert,Technology,United Kingdom,2024-02-06,Ryuk,Drive-by Download,4049763,Unknown,Yes,4,3247538,5665513,7.9
RA-101199,Smith and Sons,Government,Australia,2021-08-25,Ryuk,Phishing Email,3678814,Not Paid,Yes,8,3084663,4426569,7.96
RA-101200,Williams-Stokes,Transportation,Japan,2021-07-08,LockBit,Phishing Email,4942681,Not Paid,Yes,1,1905370,5818942,7.0
RA-101201,"Stein, Cunningham and Tyler",Retail,United States,2021-06-06,Maze,Malicious Attachment,480253,Not Paid,No,9,3678973,868984,5.51
RA-101202,Bishop and Sons,Finance,South Africa,2021-09-23,REvil,Credential Theft,3342144,Not Paid,No,31,1026667,4729113,9.02
RA-101203,"Benitez, Fields and Walls",Retail,Australia,2024-12-15,Hive,Malicious Attachment,2999383,Not Paid,No,58,1848003,3939557,13.55
RA-101204,Reid-Marsh,Manufacturing,India,2022-10-16,Akira,Zero-Day Exploit,4546753,Negotiated,Yes,33,875687,4669994,10.37
RA-101205,Snyder-Sweeney,Retail,France,2022-02-21,Conti,Phishing Email,1155342,Negotiated,Yes,54,4370522,1648810,13.63
RA-101206,Cook-Moore,Energy,South Africa,2021-03-15,LockBit,Zero-Day Exploit,1977205,Paid,No,45,3693414,3350161,12.42
RA-101207,"Santiago, Ortega and Jennings",Finance,United States,2022-07-24,REvil,Credential Theft,4939516,Unknown,No,25,2520145,6684235,11.21
RA-101208,"Lane, Armstrong and Nelson",Government,Germany,2021-02-08,Ryuk,RDP Exploit,3214382,Unknown,Yes,25,3724807,3317528,10.69
RA-101209,Thompson-White,Manufacturing,United States,2024-09-14,Akira,Malicious Attachment,2564767,Negotiated,Yes,3,4542943,4174886,7.56
RA-101210,"Smith, Francis and Cortez",Technology,United States,2025-03-31,BlackCat,Credential Theft,234387,Unknown,No,22,3641393,2059980,7.18
RA-101211,Mckay Ltd,Hospitality,France,2025-10-25,REvil,RDP Exploit,4490903,Unknown,No,30,3555485,5701737,12.55
RA-101212,"Hernandez, Mitchell and Cunningham",Retail,South Africa,2025-03-08,Conti,Credential Theft,2003392,Negotiated,No,9,127467,2602062,3.48
RA-101213,Blair and Sons,Retail,Canada,2024-03-15,Akira,Phishing Email,3315154,Paid,No,3,2300842,4083683,6.07
RA-101214,"Chang, Garcia and Leonard",Education,Brazil,2024-03-10,DarkSide,Phishing Email,2697654,Unknown,Yes,54,2219033,4485184,13.02
RA-101215,"Greer, Hernandez and Williams",Transportation,Germany,2023-08-14,Ryuk,Phishing Email,315410,Paid,No,23,4028375,1662854,7.79
RA-101216,"Hernandez, Tucker and Henry",Education,Canada,2026-01-12,REvil,Malicious Attachment,4630880,Unknown,Yes,21,537335,5564548,8.32
RA-101217,Aguilar-Williams,Finance,United States,2022-04-11,Clop,Drive-by Download,1468772,Unknown,No,10,416004,1966721,3.38
RA-101218,Hudson-Hodges,Retail,Canada,2021-03-27,LockBit,Drive-by Download,4647320,Negotiated,Yes,46,1912303,4784853,13.46
RA-101219,Lee LLC,Transportation,Brazil,2024-05-14,BlackCat,Credential Theft,1973779,Paid,Yes,23,915829,2146264,6.34
RA-101220,Hawkins and Sons,Technology,South Africa,2022-02-22,Ryuk,Malicious Attachment,2737916,Not Paid,Yes,37,3115288,4486744,11.4
RA-101221,Lewis Ltd,Manufacturing,Brazil,2022-10-31,REvil,Credential Theft,3027305,Paid,Yes,22,3423805,4919272,9.75
RA-101222,Gutierrez Group,Hospitality,United States,2023-01-25,BlackCat,Credential Theft,379220,Not Paid,No,19,1258921,2301555,4.49
RA-101223,Watson Group,Manufacturing,Germany,2023-11-13,Ryuk,Credential Theft,4267941,Paid,Yes,51,4877962,5772875,16.8
RA-101224,Long-Tran,Transportation,Japan,2023-02-20,Hive,Drive-by Download,663044,Unknown,Yes,5,1884022,1858778,3.3
RA-101225,"Vazquez, Ramos and Hall",Energy,France,2025-10-02,Hive,Zero-Day Exploit,4432141,Negotiated,No,52,431538,5715326,12.66
RA-101226,"Holmes, Ryan and Evans",Government,Australia,2022-02-04,Conti,Zero-Day Exploit,4830494,Negotiated,Yes,19,2047163,5529795,9.73
RA-101227,Martin LLC,Finance,Australia,2024-11-20,Hive,Credential Theft,2027044,Paid,No,29,3438806,2795963,9.82
RA-101228,English Inc,Technology,Germany,2024-08-31,Akira,RDP Exploit,4066382,Not Paid,No,39,1932414,5017936,11.85
RA-101229,Ramirez-Sanchez,Retail,Canada,2024-10-12,Maze,Malicious Attachment,4910283,Paid,Yes,43,1158903,6190204,12.52
RA-101230,Kane-Porter,Energy,Germany,2023-04-17,Clop,Zero-Day Exploit,3536793,Paid,Yes,33,1244957,4754777,9.73
RA-101231,"Lewis, Murray and Cooper",Energy,South Africa,2021-09-05,Clop,Phishing Email,3516686,Unknown,Yes,17,4652243,5018561,10.72
RA-101232,Kerr-Haas,Transportation,India,2024-11-14,Ryuk,Malicious Attachment,1405357,Not Paid,No,5,1110565,2495174,3.27
RA-101233,Mitchell-Clark,Manufacturing,Australia,2024-11-28,Akira,Credential Theft,4676957,Paid,Yes,16,2461249,4936580,9.54
RA-101234,"Sanchez, Robinson and Gordon",Energy,India,2021-06-01,REvil,Zero-Day Exploit,2982600,Not Paid,Yes,29,3429989,4315550,10.76
RA-101235,Roth Inc,Education,United States,2025-01-22,Akira,Credential Theft,4950572,Negotiated,No,59,4273038,5136291,18.07
RA-101236,White-Jennings,Hospitality,Canada,2023-02-16,BlackCat,RDP Exploit,2693019,Negotiated,No,29,1482553,3769771,8.53
RA-101237,Kennedy LLC,Transportation,Japan,2022-11-30,Hive,Zero-Day Exploit,410068,Negotiated,No,37,4342694,2301845,10.3
RA-101238,Anderson Inc,Healthcare,Germany,2023-02-26,Ryuk,Credential Theft,2677428,Negotiated,No,49,1496760,2987732,11.52
RA-101239,"Chavez, Mccormick and Reynolds",Retail,Canada,2021-07-23,DarkSide,Zero-Day Exploit,2918746,Not Paid,Yes,19,1389190,3177365,7.16
RA-101240,"Thompson, Hughes and Mosley",Government,Canada,2022-08-14,Clop,Phishing Email,2181248,Not Paid,Yes,39,890294,4130098,8.92
RA-101241,Dennis Ltd,Government,United States,2021-02-26,DarkSide,Phishing Email,338405,Negotiated,Yes,58,4528520,1476496,13.57
RA-101242,Figueroa-Webster,Education,Brazil,2022-08-01,REvil,Phishing Email,4796280,Paid,No,28,3731559,5898673,12.73
RA-101243,"Carpenter, Garner and Edwards",Education,Canada,2025-12-26,BlackCat,Malicious Attachment,3631109,Paid,Yes,32,2206778,3823275,10.64
RA-101244,Mosley-Torres,Manufacturing,Canada,2025-01-29,DarkSide,Drive-by Download,628695,Paid,No,21,1314822,1702077,5.09
RA-101245,Watson-Medina,Transportation,Australia,2026-01-02,Conti,Credential Theft,326760,Paid,Yes,28,842641,2292077,5.37
RA-101246,"Combs, Salas and Kelley",Government,Germany,2022-05-19,REvil,Zero-Day Exploit,1153187,Not Paid,No,38,3155970,2992144,10.01
RA-101247,"Glenn, Johnson and Butler",Education,Germany,2025-07-25,BlackCat,Credential Theft,1574549,Not Paid,Yes,47,4166943,2177203,12.79
RA-101248,"Jordan, Boyd and Barrera",Government,United Kingdom,2023-06-09,LockBit,Zero-Day Exploit,569228,Negotiated,No,32,4678738,1861043,10.05
RA-101249,Sanders-Cisneros,Transportation,United Kingdom,2024-07-16,REvil,RDP Exploit,4903099,Negotiated,No,16,2925239,5928609,10.23
RA-101250,White LLC,Energy,Canada,2023-10-01,BlackCat,RDP Exploit,3295096,Paid,No,39,2995905,4444716,12.14
RA-101251,"Castro, Lynch and Rodriguez",Technology,South Africa,2023-05-10,Clop,Zero-Day Exploit,3756158,Negotiated,Yes,21,2075410,5155349,8.98
RA-101252,"Cross, Stewart and Hall",Energy,Brazil,2022-12-13,Akira,Zero-Day Exploit,3344415,Not Paid,Yes,46,1074327,4976943,11.32
RA-101253,Tucker LLC,Technology,United States,2022-08-19,Hive,Malicious Attachment,2252508,Negotiated,No,33,1804541,4128576,9.01
RA-101254,Park-Johnson,Technology,Canada,2023-04-23,LockBit,Malicious Attachment,3288119,Unknown,Yes,52,3707458,4189826,14.8
RA-101255,Lowery-Taylor,Government,Japan,2022-11-27,Clop,Credential Theft,387759,Not Paid,Yes,20,3755145,1257196,7.14
RA-101256,Butler-Johnson,Healthcare,India,2024-06-10,BlackCat,Drive-by Download,2770591,Negotiated,No,9,4527996,2822366,8.65
RA-101257,"Huffman, Miranda and Lamb",Government,Australia,2025-04-20,Hive,RDP Exploit,4643012,Not Paid,No,5,412947,5740697,5.81
RA-101258,Nielsen-Tran,Manufacturing,Australia,2025-10-27,Ryuk,RDP Exploit,1928796,Not Paid,Yes,19,1354056,3848575,6.13
RA-101259,Chase Inc,Transportation,India,2021-03-15,DarkSide,Phishing Email,173010,Not Paid,No,49,4417166,398011,11.94
RA-101260,Newman-Johnson,Retail,South Africa,2022-09-10,Ryuk,Drive-by Download,208376,Unknown,Yes,15,2074676,289213,4.53
RA-101261,Quinn LLC,Finance,France,2025-08-03,Ryuk,Phishing Email,2269912,Paid,Yes,56,712432,2440400,11.38
RA-101262,Baker Group,Hospitality,Canada,2021-07-15,Maze,Zero-Day Exploit,4939143,Paid,No,51,3281085,5356586,15.87
RA-101263,"Murray, Grant and Nash",Hospitality,Brazil,2022-07-16,Ryuk,Malicious Attachment,3854579,Unknown,Yes,13,836269,4418793,6.64
RA-101264,"Peterson, Parks and Elliott",Retail,France,2022-04-01,Hive,RDP Exploit,3413549,Unknown,Yes,36,2336813,4437206,11.15
RA-101265,Barrett and Sons,Finance,Brazil,2023-10-15,Conti,Credential Theft,3307135,Paid,No,24,4585157,4815715,11.49
RA-101266,"Simmons, Smith and Ferrell",Hospitality,South Africa,2025-04-29,REvil,Malicious Attachment,1952126,Not Paid,Yes,29,3102388,2962061,9.4
RA-101267,"Rodriguez, Wright and Stein",Energy,Japan,2021-07-15,Conti,Phishing Email,4710047,Not Paid,No,11,1742261,6533722,8.1
RA-101268,Hampton-Brown,Government,United States,2024-06-16,DarkSide,Malicious Attachment,3977128,Unknown,No,34,4753414,5582183,13.83
RA-101269,"Hammond, Collins and Carter",Manufacturing,Japan,2025-02-25,Akira,Zero-Day Exploit,2839246,Paid,No,54,1263524,2925812,12.2
RA-101270,Smith Inc,Energy,France,2024-11-14,DarkSide,Malicious Attachment,1760099,Not Paid,No,49,4717932,3436696,13.83
RA-101271,Watkins-Brady,Finance,South Africa,2023-08-03,Ryuk,Drive-by Download,4056666,Paid,No,33,4654160,5867391,13.66
RA-101272,Davis-Ray,Finance,United Kingdom,2021-09-18,Conti,Zero-Day Exploit,119290,Paid,Yes,11,4361664,1698271,6.13
RA-101273,Olson LLC,Transportation,Brazil,2025-12-19,Clop,Drive-by Download,3563298,Unknown,No,32,1432220,4886460,9.8
RA-101274,Lee-Miller,Retail,France,2021-01-19,Maze,Credential Theft,2494328,Negotiated,Yes,8,3653165,3121359,7.35
RA-101275,Lyons and Sons,Hospitality,Australia,2021-10-17,Hive,Credential Theft,2439347,Negotiated,No,34,1715250,4132969,9.25
RA-101276,Holmes PLC,Education,United Kingdom,2023-08-06,Hive,Drive-by Download,1771784,Unknown,Yes,60,2769826,3726010,13.54
RA-101277,"Lindsey, Reyes and Smith",Finance,United States,2022-10-13,REvil,Drive-by Download,3497202,Not Paid,Yes,12,1261319,4493898,6.56
RA-101278,"Villa, King and Duncan",Finance,United States,2024-11-22,Akira,Zero-Day Exploit,792252,Not Paid,Yes,35,3847061,1496482,9.89
RA-101279,Schmitt-Martinez,Healthcare,Germany,2022-12-19,REvil,Malicious Attachment,4695541,Unknown,No,57,1896172,5428969,15.14
RA-101280,Price-Martinez,Transportation,Germany,2023-01-23,BlackCat,Credential Theft,3387860,Not Paid,Yes,60,2137092,4574597,14.52
RA-101281,Crawford Inc,Hospitality,South Africa,2025-02-05,Clop,Credential Theft,1820642,Unknown,No,18,1496000,2382062,6.02
RA-101282,Fuentes and Sons,Hospitality,Brazil,2024-03-24,Conti,RDP Exploit,4972481,Paid,Yes,39,2325736,6675510,13.15
RA-101283,Perez-Pearson,Education,Brazil,2022-03-20,LockBit,Malicious Attachment,771200,Paid,Yes,60,1228961,1081791,11.0
RA-101284,Wood-Barrett,Energy,Australia,2021-10-08,REvil,Credential Theft,4297494,Paid,Yes,52,3688478,5199634,15.79
RA-101285,"Marks, Jones and Perez",Energy,Australia,2024-02-22,REvil,Credential Theft,3303792,Negotiated,Yes,25,3234158,4794894,10.29
RA-101286,Cordova-Willis,Education,India,2025-12-14,Hive,Zero-Day Exploit,1799317,Unknown,No,11,2329924,3301121,5.78
RA-101287,Brewer PLC,Manufacturing,United Kingdom,2024-11-04,LockBit,Malicious Attachment,1013644,Unknown,No,36,3652612,2391180,10.07
RA-101288,Boyd-Washington,Government,India,2025-01-31,Maze,RDP Exploit,3562423,Paid,Yes,14,4695992,5410146,10.36
RA-101289,Ballard Group,Hospitality,Canada,2023-06-25,Maze,Phishing Email,3033215,Negotiated,No,34,1634944,3054989,9.77
RA-101290,"Miller, Cobb and Swanson",Retail,Brazil,2023-10-27,Ryuk,Phishing Email,114005,Negotiated,No,39,2290423,194318,8.25
RA-101291,"Payne, Garcia and Morgan",Energy,Japan,2024-07-04,DarkSide,Zero-Day Exploit,485054,Not Paid,No,37,255335,2305284,6.29
RA-101292,Curtis LLC,Manufacturing,United States,2025-03-16,Akira,Drive-by Download,4581718,Not Paid,Yes,52,871569,4671815,13.25
RA-101293,"Fitzgerald, Collins and Brown",Finance,United States,2025-11-19,DarkSide,Drive-by Download,1109345,Paid,No,6,3519729,2868504,5.53
RA-101294,Smith Ltd,Hospitality,United States,2021-07-19,Maze,Drive-by Download,4569103,Negotiated,Yes,18,1629019,5952958,8.9
RA-101295,Smith Inc,Healthcare,India,2026-01-29,Ryuk,Drive-by Download,4927833,Paid,Yes,47,3072482,6020677,15.05
RA-101296,Hall PLC,Education,Brazil,2022-01-31,LockBit,Malicious Attachment,4212102,Not Paid,No,10,2236804,4398197,7.95
RA-101297,Thompson-Gill,Manufacturing,South Africa,2021-12-21,Maze,Zero-Day Exploit,32048,Paid,No,20,2296591,1217626,5.33
RA-101298,Wallace LLC,Finance,United Kingdom,2021-06-30,Maze,Credential Theft,980273,Paid,Yes,59,759786,1373005,10.59
RA-101299,"Gregory, Lynch and Dennis",Finance,Germany,2025-06-04,REvil,Drive-by Download,92566,Not Paid,Yes,14,3141881,1067988,5.33
RA-101300,Lewis-Smith,Retail,United Kingdom,2022-09-28,Akira,Malicious Attachment,452408,Unknown,Yes,25,2408272,835709,6.61
RA-101301,"Williams, Villanueva and Reeves",Retail,Canada,2025-09-07,DarkSide,Malicious Attachment,1584115,Paid,No,18,1671317,1965545,5.96
RA-101302,"Paul, Bowman and Young",Transportation,Brazil,2022-12-29,Clop,Phishing Email,4859455,Unknown,Yes,24,2926543,6489233,11.39
RA-101303,Coleman LLC,Retail,Germany,2024-01-07,Maze,Drive-by Download,4775696,Negotiated,Yes,14,3639526,5513243,10.52
RA-101304,Romero-Adams,Retail,United States,2023-11-18,BlackCat,Credential Theft,1772664,Not Paid,No,17,1830954,2763477,6.15
RA-101305,Smith-Booth,Hospitality,India,2021-10-14,Akira,Phishing Email,3924550,Negotiated,Yes,38,2709544,4715283,12.33
RA-101306,Sandoval and Sons,Technology,Brazil,2024-07-13,Maze,Malicious Attachment,3015538,Paid,Yes,56,66355,3358461,11.48
RA-101307,Lang PLC,Transportation,United Kingdom,2026-02-14,LockBit,Zero-Day Exploit,3008159,Unknown,No,20,1365309,3997196,7.37
RA-101308,Fields Ltd,Manufacturing,Japan,2025-02-05,Maze,Zero-Day Exploit,3354852,Unknown,No,31,2043470,3894539,10.05
RA-101309,"Wood, Hill and Price",Technology,India,2021-03-24,REvil,Credential Theft,1970476,Unknown,Yes,49,4252795,2206664,13.57
RA-101310,Greene-Gibbs,Hospitality,France,2021-12-02,Conti,Credential Theft,4301681,Not Paid,Yes,11,2521570,6171005,8.47
RA-101311,Kim-Collins,Retail,United Kingdom,2024-09-20,Maze,Zero-Day Exploit,2799640,Unknown,Yes,51,451407,2999219,10.9
RA-101312,"Berry, Potter and Mueller",Education,Canada,2023-08-02,REvil,Phishing Email,12073,Not Paid,Yes,43,1237344,442355,7.7
RA-101313,Stevens LLC,Government,United Kingdom,2025-10-23,Hive,Malicious Attachment,1710588,Paid,No,28,756474,3239207,6.67
RA-101314,"Anthony, Reyes and Cervantes",Technology,Germany,2021-11-23,DarkSide,Drive-by Download,2896652,Unknown,No,7,3949462,4059727,7.9
RA-101315,Grant-Parker,Education,Australia,2024-12-17,Clop,Zero-Day Exploit,2041267,Negotiated,No,49,803937,2864068,10.2
RA-101316,Aguilar Ltd,Finance,Australia,2025-08-06,DarkSide,Drive-by Download,3566739,Paid,Yes,39,3303956,4696859,12.72
RA-101317,Wilkins-Johnson,Manufacturing,Australia,2025-12-19,Hive,Phishing Email,1499514,Unknown,Yes,50,1972744,2283641,10.97
RA-101318,Jimenez PLC,Healthcare,Germany,2024-08-15,REvil,Zero-Day Exploit,1934996,Paid,No,9,4193981,2339198,7.48
RA-101319,Dodson-Foster,Retail,India,2023-02-26,DarkSide,Phishing Email,1513906,Negotiated,No,28,1264662,2121519,6.98
RA-101320,"Cooper, Williams and Robinson",Finance,Brazil,2022-01-03,BlackCat,Malicious Attachment,1376897,Paid,No,26,4339934,3136409,9.62
RA-101321,"Clark, Reed and Davis",Hospitality,France,2025-07-04,Ryuk,Drive-by Download,107546,Unknown,Yes,11,2676282,387532,4.43
RA-101322,"Baird, Harmon and Schneider",Technology,Canada,2023-09-23,BlackCat,Credential Theft,3374732,Unknown,No,28,457373,4020073,8.03
RA-101323,"Allen, Day and Allen",Transportation,Australia,2025-05-19,BlackCat,RDP Exploit,3977402,Unknown,No,46,2810816,5757751,13.69
RA-101324,"Williams, Cox and Kim",Hospitality,Canada,2025-11-18,Conti,Credential Theft,676165,Unknown,No,10,58457,1393147,2.23
RA-101325,Duke-Vasquez,Energy,Brazil,2021-04-10,Maze,Phishing Email,3903716,Negotiated,No,19,334339,4168627,7.09
RA-101326,Perez Group,Healthcare,France,2023-05-22,REvil,RDP Exploit,2835834,Negotiated,No,44,2484339,4454000,11.92
RA-101327,"Zimmerman, Jackson and Dean",Healthcare,Japan,2023-05-05,BlackCat,Malicious Attachment,151959,Paid,No,29,2723315,786246,7.23
RA-101328,Ortiz LLC,Education,United Kingdom,2022-05-25,DarkSide,Zero-Day Exploit,1474966,Negotiated,No,6,4487881,1683299,6.86
RA-101329,Santiago-Campbell,Energy,United States,2023-07-28,BlackCat,Malicious Attachment,2052665,Negotiated,Yes,59,4392029,3256087,15.29
RA-101330,Flores-Osborn,Finance,Australia,2021-10-28,REvil,Zero-Day Exploit,853278,Unknown,Yes,25,4300371,2384550,8.9
RA-101331,Alvarez-Sims,Technology,South Africa,2022-01-12,Conti,Credential Theft,2159681,Negotiated,No,47,665176,3924689,9.87
RA-101332,Stewart Group,Healthcare,Australia,2024-06-14,Akira,Zero-Day Exploit,4317076,Not Paid,No,35,2044843,5783038,11.61
RA-101333,Hamilton PLC,Healthcare,Japan,2022-07-17,Ryuk,RDP Exploit,1562877,Negotiated,No,18,4207516,2980987,8.47
RA-101334,"Carson, Dillon and Jones",Technology,United Kingdom,2021-01-11,REvil,Malicious Attachment,3420696,Unknown,No,14,157125,5070774,5.68
RA-101335,"Barber, Ware and Fernandez",Manufacturing,Germany,2021-07-18,BlackCat,Credential Theft,1861597,Negotiated,No,15,151706,3358495,4.26
RA-101336,"Howell, Hunter and Taylor",Transportation,India,2024-04-19,DarkSide,Credential Theft,3534630,Paid,No,41,4993257,4234072,14.68
RA-101337,Delgado-Bright,Energy,Brazil,2022-11-29,Conti,Credential Theft,2686358,Not Paid,No,23,3727855,3014660,9.86
RA-101338,"Thompson, Riley and Ayala",Energy,France,2022-06-08,Maze,Phishing Email,3385090,Not Paid,No,3,4792623,3559944,8.63
RA-101339,"Taylor, Cross and Chavez",Energy,United States,2022-09-15,Clop,Credential Theft,2452989,Not Paid,No,49,2645347,3409851,12.45
RA-101340,"Velez, Jones and Price",Retail,France,2024-03-02,DarkSide,RDP Exploit,3624942,Unknown,Yes,27,196463,5210717,7.87
RA-101341,"Garcia, Foster and Middleton",Government,South Africa,2023-02-15,Akira,Malicious Attachment,1040942,Not Paid,Yes,7,3319889,1508761,5.41
RA-101342,Cortez-Bolton,Government,India,2025-04-20,Akira,Malicious Attachment,3369809,Negotiated,No,36,3426982,4118058,12.2
RA-101343,"Turner, Huynh and Wilson",Transportation,France,2024-07-14,Ryuk,RDP Exploit,891162,Unknown,No,43,2665790,1954571,10.01
RA-101344,Yates and Sons,Education,India,2025-03-30,REvil,Phishing Email,3896592,Negotiated,No,19,3770409,4235777,10.52
RA-101345,Fernandez PLC,Hospitality,India,2024-09-05,Ryuk,Zero-Day Exploit,1450111,Not Paid,Yes,44,824893,2264061,8.88
RA-101346,Bailey PLC,Hospitality,Japan,2024-06-21,Ryuk,Phishing Email,1885663,Negotiated,Yes,9,4222600,2064495,7.46
RA-101347,Wang Group,Finance,Australia,2021-12-07,LockBit,Drive-by Download,4780686,Unknown,Yes,41,3958797,6225899,14.89
RA-101348,"Riley, Marks and Gay",Government,United Kingdom,2025-10-08,DarkSide,Drive-by Download,1358747,Not Paid,No,30,3096035,2885113,8.95
RA-101349,Bryant-Taylor,Hospitality,Brazil,2021-09-29,DarkSide,RDP Exploit,2462710,Unknown,Yes,5,259222,2906835,3.47
RA-101350,Savage Group,Finance,Japan,2025-06-20,Maze,RDP Exploit,1488759,Not Paid,No,30,4196207,2843828,10.18
RA-101351,English-Cunningham,Technology,France,2025-01-18,DarkSide,Zero-Day Exploit,590879,Paid,No,1,271241,2031186,1.01
RA-101352,Stevenson LLC,Healthcare,Brazil,2022-06-17,DarkSide,Drive-by Download,4512546,Paid,No,8,4481049,6021515,10.19
RA-101353,Daniels-Carpenter,Technology,France,2025-07-21,DarkSide,Zero-Day Exploit,3346994,Paid,Yes,54,334859,4119042,11.78
RA-101354,Chang-Mooney,Finance,United Kingdom,2021-10-26,Maze,Zero-Day Exploit,2207002,Negotiated,Yes,49,4863915,3797369,14.42
RA-101355,"Porter, Christensen and Brown",Retail,South Africa,2026-02-13,Maze,Drive-by Download,2044007,Paid,No,51,4048366,2494587,13.74
RA-101356,Blankenship Inc,Retail,Australia,2026-01-16,REvil,Drive-by Download,4128646,Unknown,No,49,2053030,5726149,13.53
RA-101357,Butler-Perez,Retail,Japan,2025-06-01,LockBit,RDP Exploit,3783029,Not Paid,No,45,2163704,4984696,12.7
RA-101358,"Wagner, Hughes and Jimenez",Manufacturing,Canada,2021-02-23,REvil,Drive-by Download,1859063,Not Paid,No,57,3111024,3050890,13.52
RA-101359,"Williams, Obrien and Cummings",Education,United Kingdom,2023-09-01,Akira,Malicious Attachment,3694832,Unknown,No,44,2473729,4028718,12.77
RA-101360,Allen-Bates,Retail,United Kingdom,2024-07-28,Akira,Phishing Email,1916915,Negotiated,No,2,1775649,3150037,3.99
RA-101361,Dunn and Sons,Energy,Japan,2025-01-16,Clop,Malicious Attachment,4271375,Not Paid,No,48,4335483,5132492,15.81
RA-101362,Mason LLC,Education,France,2023-12-08,DarkSide,RDP Exploit,3145380,Unknown,No,25,4070636,4515124,10.97
RA-101363,Mcbride and Sons,Government,Germany,2021-01-30,Clop,Malicious Attachment,548184,Paid,Yes,22,1886070,1206850,5.73
RA-101364,"Stevens, Barton and Valdez",Healthcare,France,2023-01-01,Conti,Drive-by Download,4189155,Not Paid,No,30,4776640,6113230,13.47
RA-101365,Lewis-Glenn,Transportation,South Africa,2024-09-22,REvil,Credential Theft,280486,Paid,Yes,26,829230,981529,5.01
RA-101366,Mcconnell-Contreras,Retail,United Kingdom,2023-07-04,Conti,RDP Exploit,4758842,Unknown,Yes,34,2080239,5281998,11.94
RA-101367,Francis and Sons,Government,South Africa,2021-03-24,Clop,Credential Theft,2234384,Negotiated,Yes,36,2327742,2435978,9.96
RA-101368,Conner-Calderon,Hospitality,Brazil,2022-03-02,DarkSide,Phishing Email,1914131,Paid,No,16,4913118,3521490,9.23
RA-101369,Davis Inc,Energy,South Africa,2025-06-06,DarkSide,RDP Exploit,617825,Paid,Yes,13,4012363,871946,6.58
RA-101370,"Gross, Hill and Phillips",Hospitality,India,2024-05-10,BlackCat,Drive-by Download,4092187,Unknown,Yes,20,4775980,4122324,11.87
RA-101371,Mcintosh-Morris,Technology,Japan,2024-04-21,REvil,Zero-Day Exploit,3832339,Not Paid,No,1,2111913,5424766,6.09
RA-101372,Jordan-Lynch,Retail,Canada,2023-11-05,Hive,RDP Exploit,4059043,Negotiated,No,33,2380415,5422292,11.39
RA-101373,"Conrad, Lee and Smith",Energy,South Africa,2024-10-20,Clop,Zero-Day Exploit,4713226,Paid,No,33,2590535,6035878,12.25
RA-101374,Bryant-White,Education,South Africa,2026-01-04,Ryuk,Drive-by Download,4279397,Negotiated,Yes,31,4159070,4631507,13.09
RA-101375,Carlson-Garcia,Education,Germany,2026-03-11,BlackCat,RDP Exploit,3722817,Not Paid,No,22,4518121,5457845,11.54
RA-101376,"Bell, Ballard and Costa",Finance,Canada,2023-10-25,Akira,RDP Exploit,2566745,Not Paid,No,21,4449413,3566339,10.17
RA-101377,Jones-Obrien,Education,United Kingdom,2021-11-17,Akira,Drive-by Download,1614807,Not Paid,No,50,3324001,3272772,12.44
RA-101378,Cortez-Clark,Technology,Canada,2023-11-24,Conti,Malicious Attachment,3979314,Unknown,No,42,4993248,5643439,15.27
RA-101379,"Murray, Jones and Simpson",Manufacturing,Australia,2023-01-30,DarkSide,Malicious Attachment,1221235,Unknown,No,20,2799564,2755255,7.02
RA-101380,Goodman-Cruz,Technology,Australia,2025-04-11,Clop,Zero-Day Exploit,3504086,Negotiated,Yes,1,3389778,3630074,7.04
RA-101381,Cherry Ltd,Manufacturing,United States,2025-08-04,Maze,Zero-Day Exploit,1701286,Unknown,No,14,2146990,2329519,5.95
RA-101382,Mclaughlin-Rodriguez,Government,Japan,2024-02-17,Hive,Zero-Day Exploit,4702387,Negotiated,Yes,48,1673225,6384812,13.58
RA-101383,"Davis, Miller and Bennett",Energy,Japan,2021-06-02,DarkSide,Phishing Email,2044587,Unknown,No,11,2730449,3570511,6.43
RA-101384,Castro-Davis,Healthcare,South Africa,2022-05-27,LockBit,Drive-by Download,2355006,Negotiated,No,39,4916783,3151477,13.12
RA-101385,Hodge-Webster,Energy,United Kingdom,2024-01-07,BlackCat,Malicious Attachment,3104161,Unknown,Yes,29,2384438,3347009,9.84
RA-101386,"Anderson, Martin and Mendez",Government,France,2025-11-25,BlackCat,Zero-Day Exploit,1266810,Not Paid,No,38,2507082,2480760,9.47
RA-101387,Wood Group,Transportation,Canada,2024-03-18,LockBit,RDP Exploit,4590088,Paid,No,49,2187170,5767518,14.13
RA-101388,"Sanders, Dawson and Cabrera",Government,United Kingdom,2025-10-14,Maze,Zero-Day Exploit,3035213,Not Paid,No,58,3740080,4612358,15.48
RA-101389,Gardner LLC,Hospitality,United States,2023-01-12,Clop,Phishing Email,2798507,Unknown,No,13,2172966,3344031,6.92
RA-101390,"Greer, Lane and Arroyo",Transportation,United States,2023-03-23,Hive,Malicious Attachment,4084862,Paid,No,52,403013,5839009,12.29
RA-101391,"Reeves, Shaffer and Wilson",Transportation,Brazil,2021-03-07,REvil,Credential Theft,4234633,Negotiated,Yes,56,2743762,5901671,15.38
RA-101392,"Cardenas, Williams and Hubbard",Finance,France,2025-02-13,Clop,Credential Theft,638780,Paid,No,37,773055,1819600,6.96
RA-101393,"Davis, Whitaker and Melendez",Technology,Canada,2024-06-03,DarkSide,Zero-Day Exploit,1606280,Not Paid,No,49,613169,3225037,9.57
RA-101394,Warren PLC,Energy,France,2021-05-30,Ryuk,Phishing Email,1528990,Unknown,No,42,4825426,2251622,12.65
RA-101395,"Simon, Hernandez and Porter",Manufacturing,India,2021-01-14,Clop,Malicious Attachment,3276116,Not Paid,No,2,71721,3758457,3.65
RA-101396,Mcdonald Inc,Hospitality,Australia,2023-12-27,Akira,RDP Exploit,3844913,Not Paid,Yes,42,1680602,5469568,11.83
RA-101397,Henderson-Marshall,Transportation,Japan,2022-02-27,LockBit,RDP Exploit,2592731,Negotiated,Yes,12,846481,2657727,5.24
RA-101398,Dixon Inc,Government,Germany,2022-11-02,REvil,RDP Exploit,2650232,Unknown,No,60,1930351,4040508,13.58
RA-101399,Brennan-Williams,Education,Brazil,2022-04-23,BlackCat,Zero-Day Exploit,1827306,Paid,No,50,2980947,1894550,12.31
RA-101400,Moreno-Smith,Energy,India,2025-11-12,Conti,RDP Exploit,1754732,Unknown,Yes,25,412939,2701765,5.92
RA-101401,"Hawkins, Hunter and Martinez",Transportation,South Africa,2021-07-10,Clop,RDP Exploit,1473818,Paid,No,33,4851261,3003243,11.28
RA-101402,"Taylor, Dawson and Shields",Government,Germany,2025-02-25,BlackCat,Credential Theft,3011396,Negotiated,No,48,2658278,3891982,12.87
RA-101403,Cooper Inc,Healthcare,India,2022-06-07,Ryuk,Zero-Day Exploit,4272580,Paid,No,8,3833305,4316439,9.31
RA-101404,"Little, Becker and Dominguez",Retail,Germany,2023-01-09,BlackCat,Drive-by Download,2605315,Unknown,No,54,547923,3525791,11.25
RA-101405,"Hill, Farmer and Lopez",Education,Germany,2021-02-02,Clop,Credential Theft,2309485,Paid,Yes,47,2711893,2414631,12.07
RA-101406,Hill Group,Healthcare,United States,2023-11-29,Akira,RDP Exploit,1311595,Negotiated,No,9,3941174,2920228,6.6
RA-101407,"Romero, Garcia and Mitchell",Education,United Kingdom,2024-06-18,Hive,RDP Exploit,3485235,Not Paid,No,53,1321160,4374443,12.76
RA-101408,Silva-Miller,Energy,Germany,2025-12-06,REvil,Zero-Day Exploit,922643,Negotiated,No,51,1362189,995515,9.93
RA-101409,Young Group,Healthcare,Brazil,2024-06-27,LockBit,Drive-by Download,2698353,Not Paid,No,2,216778,3403730,3.22
RA-101410,King-Brown,Education,South Africa,2021-04-06,LockBit,Malicious Attachment,4530443,Not Paid,Yes,25,4405835,4896414,12.69
RA-101411,Smith PLC,Technology,France,2023-05-10,DarkSide,RDP Exploit,561380,Paid,No,8,3990471,1545367,5.75
RA-101412,Johnson Ltd,Manufacturing,France,2023-09-03,Maze,Credential Theft,3943342,Paid,No,58,2154811,4222193,14.8
RA-101413,Spencer-Anderson,Transportation,United Kingdom,2023-10-07,Clop,RDP Exploit,4796904,Paid,Yes,13,1055663,5266832,7.8
RA-101414,Bailey-Villanueva,Government,Canada,2025-01-08,Clop,Drive-by Download,3392643,Negotiated,No,19,882818,3926467,7.13
RA-101415,Solis Group,Transportation,Japan,2024-12-26,REvil,RDP Exploit,3881788,Negotiated,No,43,4955960,4982132,15.29
RA-101416,"Robinson, Gonzalez and Santos",Technology,United States,2023-02-07,Conti,RDP Exploit,1223202,Paid,Yes,38,287202,2801737,7.21
RA-101417,Grimes Ltd,Technology,Australia,2024-07-23,LockBit,Credential Theft,291169,Unknown,No,54,1995157,640666,10.39
RA-101418,Calhoun and Sons,Energy,Germany,2025-10-23,DarkSide,Credential Theft,2889857,Negotiated,No,13,4842016,3750581,9.68
RA-101419,Pineda Inc,Manufacturing,Australia,2021-08-30,Clop,Malicious Attachment,2347981,Negotiated,No,42,4315962,4295509,12.96
RA-101420,"Hall, Rowe and Brown",Manufacturing,France,2025-05-01,REvil,Phishing Email,4609513,Negotiated,No,30,809629,6020437,9.92
RA-101421,Rhodes LLC,Government,Brazil,2024-08-08,BlackCat,Phishing Email,218187,Negotiated,Yes,35,1058978,426543,6.53
RA-101422,Flowers-Gonzalez,Transportation,South Africa,2025-11-24,Hive,RDP Exploit,2921083,Unknown,Yes,20,3796488,3845785,9.72
RA-101423,Delacruz-Farmer,Manufacturing,France,2021-10-18,Akira,RDP Exploit,1866072,Paid,No,50,140351,2292728,9.51
RA-101424,"Berry, Miller and Richardson",Manufacturing,United Kingdom,2024-01-10,BlackCat,Drive-by Download,1937932,Not Paid,Yes,45,4453360,2297639,13.14
RA-101425,Guzman-Armstrong,Government,Canada,2025-09-23,LockBit,Zero-Day Exploit,1280496,Negotiated,No,35,3557001,3090471,10.09
RA-101426,Pugh-Jones,Manufacturing,United Kingdom,2026-01-20,REvil,Phishing Email,4381744,Paid,No,27,3997656,5373219,12.43
RA-101427,"Solis, Schroeder and Baker",Hospitality,Japan,2024-12-21,BlackCat,Phishing Email,4667030,Unknown,Yes,43,2614035,5114820,13.73
RA-101428,Phillips LLC,Government,India,2021-10-22,Clop,Drive-by Download,4039351,Unknown,No,53,1344399,5652818,13.33
RA-101429,Farmer-Collier,Government,Canada,2024-04-26,Clop,Zero-Day Exploit,1627116,Paid,Yes,16,2939529,1785031,6.97
RA-101430,Jimenez LLC,Manufacturing,United States,2022-02-26,BlackCat,Credential Theft,3724352,Negotiated,Yes,10,2310912,5329413,7.54
RA-101431,Mcclure and Sons,Finance,France,2025-04-30,Akira,Zero-Day Exploit,3956951,Not Paid,Yes,15,3676591,4593626,9.88
RA-101432,Garcia LLC,Technology,Canada,2025-12-08,BlackCat,Drive-by Download,2868679,Unknown,No,57,2282663,2964602,13.7
RA-101433,Freeman-May,Retail,Germany,2024-04-13,Hive,Phishing Email,1418111,Paid,No,57,4087903,3018715,14.06
RA-101434,Sawyer PLC,Healthcare,South Africa,2022-05-10,REvil,Drive-by Download,4153433,Negotiated,No,54,3627982,5047747,15.88
RA-101435,"Jimenez, Jordan and Peterson",Retail,Australia,2024-08-04,BlackCat,Phishing Email,4264932,Paid,No,22,3520340,5673687,11.09
RA-101436,Wu-Reese,Technology,Canada,2022-05-13,BlackCat,Drive-by Download,4918913,Unknown,No,32,1857238,6168506,11.58
RA-101437,Stone Group,Hospitality,South Africa,2024-05-27,Akira,Drive-by Download,4358408,Paid,Yes,56,3209474,4456700,15.97
RA-101438,Hall Inc,Hospitality,India,2021-08-29,Ryuk,Drive-by Download,2006641,Paid,No,24,4866516,3427205,10.47
RA-101439,Clark LLC,Transportation,United States,2024-08-18,Ryuk,Drive-by Download,3698043,Unknown,Yes,55,3865092,4910434,15.81
RA-101440,Butler-Bright,Manufacturing,South Africa,2022-03-19,REvil,Zero-Day Exploit,4760753,Paid,No,12,202638,6093051,6.76
RA-101441,"Thompson, Mata and Mcbride",Government,Canada,2025-10-06,DarkSide,Phishing Email,2131631,Negotiated,No,23,2886198,2880622,8.47
RA-101442,Gonzalez PLC,Transportation,France,2024-12-02,Maze,Drive-by Download,2212660,Unknown,No,50,1347244,2661763,11.06
RA-101443,Jacobson-Olson,Finance,Australia,2025-05-19,Maze,Credential Theft,1448327,Not Paid,No,55,4193031,3254844,13.89
RA-101444,"Hernandez, Richardson and Navarro",Technology,Australia,2025-08-25,Akira,Zero-Day Exploit,2570531,Not Paid,No,7,758702,3921558,4.38
RA-101445,Pearson-Lopez,Manufacturing,Brazil,2022-02-19,Maze,RDP Exploit,2225300,Not Paid,No,55,4072271,2970548,14.55
RA-101446,Thomas-Martinez,Transportation,France,2021-02-02,REvil,Credential Theft,940167,Not Paid,No,13,4880985,1601390,7.77
RA-101447,Thompson-Lee,Hospitality,India,2024-06-20,REvil,RDP Exploit,641991,Negotiated,No,13,783291,841871,3.38
RA-101448,"Whitehead, Hatfield and Miles",Retail,Japan,2023-03-24,Akira,Phishing Email,1120955,Negotiated,Yes,59,3231728,1348274,13.2
RA-101449,"Walker, Jones and Underwood",Retail,United States,2023-06-26,DarkSide,RDP Exploit,347027,Not Paid,Yes,16,4596949,682110,7.34
RA-101450,Brown-Chavez,Healthcare,Canada,2025-11-28,Conti,Phishing Email,1899421,Unknown,No,29,1811771,2214298,8.06
RA-101451,Sherman-Jones,Technology,United Kingdom,2023-04-29,Hive,Credential Theft,4671770,Unknown,No,36,4765548,5084924,14.84
RA-101452,Simmons Ltd,Retail,India,2025-03-10,Maze,Malicious Attachment,2198556,Not Paid,No,46,3053292,3893462,12.15
RA-101453,"Warren, Johnson and Conley",Government,France,2024-01-12,Akira,RDP Exploit,3000355,Paid,No,5,1128307,3684930,4.88
RA-101454,Dennis-Sweeney,Manufacturing,France,2024-01-02,Conti,Zero-Day Exploit,2634700,Negotiated,Yes,7,1911229,4154872,5.6
RA-101455,"Holder, Richardson and Bradley",Finance,United Kingdom,2023-08-01,LockBit,Credential Theft,3678127,Unknown,Yes,32,4958295,4602871,13.44
RA-101456,Jordan and Sons,Manufacturing,South Africa,2026-01-09,REvil,Credential Theft,2920906,Negotiated,Yes,31,1240608,3064655,8.81
RA-101457,Ruiz-Russell,Government,Brazil,2025-01-01,REvil,Credential Theft,4122211,Negotiated,No,28,1118777,4963199,9.44
RA-101458,"Swanson, Davis and Webb",Technology,United Kingdom,2022-04-22,Hive,Drive-by Download,4785310,Negotiated,Yes,52,4261134,6779777,16.85
RA-101459,"Cooper, Turner and Oliver",Finance,South Africa,2024-06-02,Akira,Phishing Email,449352,Unknown,Yes,46,3006153,1691319,10.36
RA-101460,"Brown, King and Owen",Education,United States,2025-02-09,DarkSide,Drive-by Download,1637582,Paid,No,16,1504519,3400254,5.54
RA-101461,"Whitaker, Rice and Fox",Technology,India,2021-07-02,Ryuk,Drive-by Download,794883,Unknown,Yes,26,4815185,2274836,9.51
RA-101462,Simmons and Sons,Manufacturing,United Kingdom,2025-10-02,Ryuk,Malicious Attachment,2884770,Unknown,Yes,12,804259,3547394,5.49
RA-101463,Frank-Bass,Manufacturing,South Africa,2022-01-13,Maze,Zero-Day Exploit,2190279,Paid,No,26,1682915,2675577,7.77
RA-101464,"Downs, Pittman and Baker",Manufacturing,South Africa,2021-02-11,Clop,Phishing Email,515873,Paid,Yes,36,496254,1957619,6.41
RA-101465,Simpson-Rivers,Hospitality,Japan,2022-11-01,Maze,Phishing Email,3232546,Not Paid,Yes,20,232074,4920347,6.46
RA-101466,"Rocha, Chaney and Ward",Manufacturing,South Africa,2024-07-27,Clop,Credential Theft,4184215,Negotiated,Yes,12,4489800,4652178,10.47
RA-101467,Ferguson Ltd,Education,Brazil,2025-12-31,LockBit,Credential Theft,3701839,Paid,Yes,46,1489010,4775784,12.09
RA-101468,Black Group,Manufacturing,United Kingdom,2025-07-12,Akira,Credential Theft,2619438,Not Paid,Yes,60,2444799,2855458,14.06
RA-101469,"Ortiz, Johnson and Hernandez",Manufacturing,Brazil,2023-10-17,Hive,Zero-Day Exploit,1625340,Unknown,Yes,39,1302453,2921296,8.78
RA-101470,"Kennedy, Clements and Ramsey",Manufacturing,United Kingdom,2024-10-01,Conti,Zero-Day Exploit,4656163,Not Paid,No,5,2838334,5182528,8.24
RA-101471,Brown LLC,Hospitality,South Africa,2021-03-27,Hive,Phishing Email,3010817,Negotiated,No,4,4030183,4721412,7.64
RA-101472,Alvarez-Barnes,Manufacturing,United Kingdom,2025-03-31,DarkSide,RDP Exploit,4588377,Negotiated,No,42,1685640,5190951,12.57
RA-101473,Hayden-Hawkins,Healthcare,Brazil,2023-04-08,BlackCat,Malicious Attachment,3655209,Unknown,No,25,691228,4693789,8.1
RA-101474,Andrews-Ramirez,Healthcare,France,2022-09-19,LockBit,RDP Exploit,4179293,Paid,No,51,2409257,5805867,14.24
RA-101475,Long-Crane,Education,Australia,2026-01-02,LockBit,Credential Theft,4933054,Paid,Yes,48,4792301,6081360,16.93
RA-101476,"Rivera, Grimes and Nguyen",Healthcare,India,2022-09-13,Hive,Credential Theft,3233786,Not Paid,No,13,2950923,4371558,8.13
RA-101477,Williamson and Sons,Energy,United Kingdom,2024-10-26,Conti,Drive-by Download,380144,Negotiated,Yes,59,1799399,597029,11.03
RA-101478,Holloway-Lewis,Hospitality,United States,2025-01-02,LockBit,Zero-Day Exploit,1712989,Not Paid,Yes,32,1734335,2920767,8.25
RA-101479,Perez PLC,Manufacturing,United Kingdom,2026-03-08,Ryuk,RDP Exploit,2441401,Negotiated,No,1,2016615,3834670,4.61
RA-101480,"Carpenter, Howard and Martinez",Retail,India,2021-04-02,Akira,Drive-by Download,1313027,Negotiated,Yes,10,2065150,2626960,4.88
RA-101481,Lewis-Russell,Technology,India,2025-12-05,REvil,RDP Exploit,2291859,Unknown,No,27,85893,3174038,6.43
RA-101482,"Hall, Palmer and Poole",Energy,United Kingdom,2024-05-14,Conti,Phishing Email,92490,Paid,Yes,41,3317530,190149,9.56
RA-101483,Vasquez-West,Manufacturing,United Kingdom,2021-11-22,REvil,Drive-by Download,4103143,Unknown,No,5,1538223,5239187,6.39
RA-101484,"Hall, Mathis and Hill",Finance,South Africa,2024-01-04,Ryuk,RDP Exploit,2407824,Paid,No,19,4782515,2966227,10.04
RA-101485,Lopez-Mercado,Energy,South Africa,2022-02-16,BlackCat,RDP Exploit,1071318,Paid,No,34,299532,2064792,6.47
RA-101486,"Russell, Valencia and Townsend",Technology,Japan,2022-01-13,Maze,Zero-Day Exploit,706354,Not Paid,No,49,565495,1223344,8.62
RA-101487,Boyd Inc,Government,Germany,2024-05-07,Maze,Phishing Email,349368,Paid,Yes,43,4224764,1967443,11.02
RA-101488,Estrada-Jones,Energy,Germany,2022-12-01,LockBit,Zero-Day Exploit,2108881,Unknown,Yes,59,1472544,2853130,12.43
RA-101489,"Neal, Simpson and Diaz",Government,Australia,2022-08-21,DarkSide,Phishing Email,4246234,Unknown,Yes,5,1889513,4642032,6.89
RA-101490,Newton-Ingram,Transportation,United Kingdom,2025-09-24,Clop,Credential Theft,2066719,Negotiated,Yes,39,4433954,2680293,12.35
RA-101491,Wallace-Adams,Healthcare,Japan,2021-08-17,Clop,Drive-by Download,551361,Negotiated,No,27,4345795,1681814,8.95
RA-101492,Howard PLC,Government,United States,2021-03-20,Ryuk,Phishing Email,1208651,Paid,No,58,870775,2653766,10.78
RA-101493,"Farmer, Boyd and James",Healthcare,Japan,2025-04-24,Hive,Phishing Email,4760961,Paid,No,8,1883494,6369360,7.84
RA-101494,Nguyen Inc,Government,Brazil,2024-03-16,Akira,Malicious Attachment,3243461,Negotiated,No,19,3244537,4196489,9.34
RA-101495,Aguilar LLC,Manufacturing,Germany,2023-09-09,Clop,Malicious Attachment,1289613,Not Paid,No,30,4500207,3143941,10.29
RA-101496,"Farmer, Blake and Bass",Retail,United Kingdom,2022-06-11,LockBit,Zero-Day Exploit,1349833,Unknown,Yes,24,175733,2265250,5.13
RA-101497,"Walters, Stone and Wright",Technology,India,2023-04-04,Ryuk,Zero-Day Exploit,1053779,Unknown,No,54,2960786,1500198,12.11
RA-101498,Smith-Cox,Technology,United Kingdom,2023-03-07,Hive,RDP Exploit,3893263,Not Paid,Yes,24,2833782,4586957,10.33
RA-101499,"Williams, Griffin and Brown",Hospitality,Australia,2024-12-30,DarkSide,Credential Theft,1606931,Unknown,No,37,1632539,3605041,8.79
RA-101500,"Goodman, Johnson and Stephenson",Energy,South Africa,2024-08-11,Hive,Drive-by Download,2579455,Unknown,No,14,3295393,2885848,7.97
RA-101501,Harmon PLC,Manufacturing,France,2026-01-27,Clop,Drive-by Download,3462095,Unknown,No,4,1672870,3927550,5.73
RA-101502,"Daniels, Brown and Bryant",Hospitality,United Kingdom,2022-01-05,REvil,Drive-by Download,3720988,Not Paid,No,2,1731955,4540427,5.75
RA-101503,Adams Ltd,Energy,Germany,2024-03-23,Clop,Zero-Day Exploit,1664348,Negotiated,Yes,10,3450248,2338077,6.61
RA-101504,Parker-Brown,Healthcare,United States,2024-10-16,LockBit,Malicious Attachment,819236,Paid,No,51,548371,1009066,9.02
RA-101505,Garner-Combs,Retail,South Africa,2026-01-21,Maze,Credential Theft,2997185,Negotiated,No,13,1263448,3453903,6.21
RA-101506,"Gordon, Graham and Garza",Retail,South Africa,2023-08-31,Hive,RDP Exploit,2845556,Not Paid,Yes,46,1469935,3463187,11.22
RA-101507,Clark Ltd,Transportation,France,2023-05-01,DarkSide,Drive-by Download,998550,Negotiated,Yes,35,3436744,1340488,9.69
RA-101508,"Jones, Rodriguez and Williams",Healthcare,United Kingdom,2021-08-21,Ryuk,Zero-Day Exploit,1235158,Unknown,No,59,3732224,1448726,13.82
RA-101509,Martin Inc,Energy,Japan,2021-12-16,Akira,RDP Exploit,172387,Unknown,Yes,38,3039999,2134714,8.91
RA-101510,Martinez-Holloway,Manufacturing,South Africa,2023-10-05,Clop,RDP Exploit,4759520,Negotiated,No,23,2850353,4947799,11.06
RA-101511,Perez and Sons,Manufacturing,Canada,2026-02-21,BlackCat,Malicious Attachment,1258979,Unknown,Yes,8,1653761,2599040,4.11
RA-101512,Mcgee-Benson,Retail,Germany,2024-06-27,Hive,Malicious Attachment,4956986,Paid,No,27,1418279,5732899,10.43
RA-101513,"Eaton, Young and Stewart",Retail,Canada,2022-10-15,DarkSide,Zero-Day Exploit,1404907,Negotiated,Yes,4,2003332,2883993,4.01
RA-101514,"Hooper, Gray and Chang",Transportation,United States,2022-07-13,Clop,Credential Theft,3847716,Paid,Yes,43,673237,4555897,10.97
RA-101515,Marsh-Phillips,Technology,United States,2022-09-12,REvil,Drive-by Download,3198300,Unknown,No,13,3943760,4005253,9.09
RA-101516,"Bradley, Li and Sanchez",Manufacturing,United Kingdom,2023-01-22,Maze,Drive-by Download,4304868,Negotiated,Yes,55,3561183,5168817,16.12
RA-101517,"Rodgers, Walker and Warren",Energy,South Africa,2023-09-29,Maze,Credential Theft,2367577,Paid,Yes,18,698922,4293026,5.77
RA-101518,Thomas-Daniels,Finance,United Kingdom,2025-07-19,Maze,Phishing Email,1083152,Not Paid,Yes,52,898097,1602678,9.78
RA-101519,Burton Inc,Healthcare,Australia,2025-05-15,Akira,Phishing Email,738055,Not Paid,No,56,632697,768282,9.77
RA-101520,Brady Inc,Finance,United States,2024-07-16,Clop,RDP Exploit,2780795,Paid,Yes,51,887889,4075437,11.32
RA-101521,"Woods, Adkins and Richards",Government,Germany,2021-07-07,LockBit,Drive-by Download,773278,Paid,No,1,3632110,2443368,4.56
RA-101522,Greer PLC,Government,Brazil,2022-10-19,Akira,Drive-by Download,4445371,Not Paid,No,13,3993447,6169899,10.39
RA-101523,Lyons-Nichols,Education,France,2022-08-13,LockBit,Phishing Email,4969479,Not Paid,Yes,56,514039,5907503,13.88
RA-101524,Anderson and Sons,Government,South Africa,2022-06-24,BlackCat,RDP Exploit,1212060,Not Paid,No,57,4546712,2428832,14.31
RA-101525,Dalton and Sons,Hospitality,Canada,2025-03-29,Akira,Zero-Day Exploit,1915216,Negotiated,Yes,11,3310814,3257530,6.88
RA-101526,Fletcher-Trevino,Government,France,2023-05-24,LockBit,Drive-by Download,2110119,Negotiated,No,53,2892148,3662455,12.95
RA-101527,Brown-Cohen,Energy,Australia,2025-03-25,LockBit,Credential Theft,1357781,Unknown,Yes,5,517002,1499446,2.62
RA-101528,Rhodes LLC,Hospitality,Australia,2024-10-12,Akira,Drive-by Download,3745748,Paid,No,1,740241,4423477,4.64
RA-101529,Pena LLC,Energy,Australia,2025-01-29,DarkSide,Malicious Attachment,2681502,Unknown,No,29,3004165,4247992,10.04
RA-101530,"Chavez, Adkins and Marshall",Healthcare,Australia,2024-01-24,Ryuk,Zero-Day Exploit,1601226,Unknown,No,15,4926134,1968901,8.78
RA-101531,Smith PLC,Education,United Kingdom,2026-03-07,Ryuk,Zero-Day Exploit,3387636,Paid,Yes,30,3895707,4345918,11.78
RA-101532,Jones-Tapia,Manufacturing,United States,2025-06-03,Ryuk,Drive-by Download,2661869,Not Paid,Yes,25,1253223,3509509,7.67
RA-101533,Anderson and Sons,Technology,Brazil,2024-04-29,Clop,Malicious Attachment,1547745,Negotiated,Yes,14,795727,1592115,4.44
RA-101534,Hughes Group,Transportation,Canada,2021-02-14,Conti,RDP Exploit,4176842,Unknown,No,26,1328153,4823374,9.4
RA-101535,"Lawrence, Morris and Sanders",Healthcare,Australia,2023-06-06,BlackCat,Phishing Email,3654946,Negotiated,No,55,1340772,4686976,13.25
RA-101536,Lawson PLC,Energy,Germany,2024-05-29,Ryuk,Zero-Day Exploit,2432007,Paid,No,10,1972701,3529931,5.9
RA-101537,"Cooper, Brewer and Mcconnell",Hospitality,India,2024-07-17,Akira,Phishing Email,1335453,Not Paid,No,22,2605701,2780025,7.24
RA-101538,Reeves-Wheeler,Hospitality,Brazil,2022-11-30,BlackCat,Phishing Email,3136926,Unknown,No,52,1074961,3921965,12.01
RA-101539,"Tucker, Lewis and Ramirez",Government,Australia,2023-05-05,DarkSide,Malicious Attachment,2069519,Negotiated,No,14,2736469,3522950,6.91
RA-101540,"Levine, Ramsey and Pierce",Hospitality,Germany,2024-12-01,Akira,Credential Theft,1635558,Not Paid,Yes,58,1066567,2320490,11.4
RA-101541,"Campbell, Hall and Anderson",Transportation,South Africa,2023-09-28,Ryuk,RDP Exploit,4730286,Negotiated,Yes,31,162816,5397659,9.54
RA-101542,"Kirby, Calderon and Huerta",Energy,India,2023-12-20,Conti,Malicious Attachment,4123307,Not Paid,No,30,2231531,4273659,10.85
RA-101543,Gibson-Martin,Healthcare,Australia,2025-10-03,Maze,Credential Theft,500106,Unknown,Yes,31,2068610,978469,7.22
RA-101544,Davis-Johnson,Hospitality,France,2025-05-24,Conti,Drive-by Download,2293056,Not Paid,Yes,21,4066039,2961914,9.51
RA-101545,Peters and Sons,Transportation,Canada,2022-08-29,Conti,Zero-Day Exploit,513038,Unknown,Yes,48,1635401,1620901,9.35
RA-101546,"Gomez, Martinez and Brown",Healthcare,United States,2022-09-03,Ryuk,Phishing Email,2194325,Negotiated,No,14,1208559,2825298,5.5
RA-101547,"Francis, Cook and Gibson",Education,Japan,2025-05-08,DarkSide,Malicious Attachment,1243282,Paid,No,29,3204711,2417755,8.8
RA-101548,Davis-Harrison,Education,Japan,2023-07-23,Clop,Malicious Attachment,2319831,Paid,Yes,13,3802936,2927021,8.07
RA-101549,Sullivan and Sons,Education,Australia,2021-04-18,Ryuk,Credential Theft,2744199,Paid,No,36,4002317,3527674,12.15
RA-101550,"Jones, Robinson and Buchanan",Hospitality,United States,2024-08-16,REvil,Malicious Attachment,2721937,Paid,Yes,26,1493259,3416888,8.12
RA-101551,Howard Inc,Finance,United Kingdom,2025-01-20,Clop,Phishing Email,1111178,Not Paid,Yes,32,535946,3065130,6.45
RA-101552,Williams-Ward,Technology,Australia,2021-07-08,BlackCat,Zero-Day Exploit,3027557,Unknown,Yes,23,2836775,3207759,9.31
RA-101553,"Ortiz, Reeves and Davis",Education,France,2023-12-11,BlackCat,RDP Exploit,3497621,Unknown,Yes,42,3321906,4964274,13.12
RA-101554,Lopez Group,Transportation,United States,2021-08-25,LockBit,Drive-by Download,2192368,Not Paid,No,15,2007203,2320886,6.45
RA-101555,Martin-Pierce,Education,France,2021-03-28,Maze,Malicious Attachment,358796,Unknown,No,15,1951840,688885,4.56
RA-101556,Decker Group,Healthcare,India,2021-02-09,Hive,Phishing Email,4285261,Paid,Yes,49,2429771,5327536,14.07
RA-101557,Hill Inc,Energy,United States,2024-04-22,Maze,Drive-by Download,307036,Paid,No,14,1925335,1539128,4.33
RA-101558,Avila-Cook,Transportation,United States,2023-11-09,Akira,Malicious Attachment,1382234,Negotiated,No,26,1785014,1711537,7.07
RA-101559,Davis Group,Hospitality,Canada,2023-11-13,Maze,RDP Exploit,3263301,Negotiated,No,11,1691125,4854913,6.6
RA-101560,"Hamilton, Johnson and Thompson",Healthcare,Brazil,2023-03-16,Akira,Drive-by Download,1004650,Unknown,Yes,42,2394055,1961828,9.7
RA-101561,Dunn-Rivera,Finance,Germany,2022-01-14,Conti,Credential Theft,950341,Negotiated,Yes,3,3250283,2647784,4.65
RA-101562,Spencer PLC,Energy,United States,2025-12-21,Conti,Credential Theft,4981610,Negotiated,Yes,53,2544957,5748552,15.48
RA-101563,Gutierrez-Velasquez,Education,Australia,2023-11-13,Conti,Zero-Day Exploit,204753,Unknown,No,20,103786,668626,3.31
RA-101564,Schultz LLC,Energy,Brazil,2023-07-27,Hive,Credential Theft,3282885,Negotiated,Yes,39,1386378,5223982,10.52
RA-101565,Lopez LLC,Healthcare,Japan,2021-06-09,LockBit,Phishing Email,904775,Negotiated,Yes,57,2371,2702977,9.46
RA-101566,Perez-Miller,Finance,United States,2022-09-14,Maze,RDP Exploit,3738439,Not Paid,No,25,4765759,4082907,12.25
RA-101567,"Bailey, Reese and Kennedy",Healthcare,Canada,2025-02-28,LockBit,Phishing Email,3132448,Negotiated,Yes,5,2348731,4017981,6.23
RA-101568,Arnold PLC,Healthcare,Brazil,2022-06-23,Clop,Phishing Email,3837986,Paid,Yes,60,1716962,4100325,14.55
RA-101569,"Perry, Taylor and Dalton",Transportation,Canada,2025-01-24,REvil,Phishing Email,1974668,Unknown,Yes,30,4863622,3442017,11.34
RA-101570,Hinton-Hernandez,Technology,United States,2025-02-06,LockBit,Zero-Day Exploit,1290930,Unknown,No,14,546682,2134629,3.94
RA-101571,Thomas-Turner,Healthcare,South Africa,2023-04-25,REvil,Drive-by Download,1473198,Negotiated,No,1,4838319,3365199,6.46
RA-101572,Martinez LLC,Government,Germany,2022-02-20,DarkSide,Phishing Email,2247144,Paid,No,2,2281486,4085842,4.83
RA-101573,Fisher-King,Healthcare,Canada,2024-02-19,Maze,Phishing Email,4103066,Negotiated,No,51,1942237,5613723,13.7
RA-101574,Williams and Sons,Manufacturing,France,2025-08-08,Hive,RDP Exploit,3968409,Negotiated,No,35,1374948,4761207,10.59
RA-101575,Moore and Sons,Energy,Australia,2023-04-14,REvil,RDP Exploit,1464305,Unknown,No,38,3370468,2254676,10.53
RA-101576,"French, Jones and Blackwell",Education,Australia,2023-01-08,Maze,Drive-by Download,3626457,Unknown,No,6,2124098,5491959,6.65
RA-101577,"Greene, Clark and Atkinson",Healthcare,Australia,2025-03-24,Hive,Drive-by Download,4528236,Not Paid,No,56,1378148,6404157,14.31
RA-101578,Lynn Group,Government,India,2024-01-12,BlackCat,Zero-Day Exploit,1342378,Paid,Yes,55,4812582,1644975,14.4
RA-101579,Powell LLC,Transportation,United Kingdom,2023-12-01,Conti,Drive-by Download,875865,Negotiated,No,37,33994,1420045,6.46
RA-101580,Mcintosh-Gilbert,Technology,France,2021-08-28,Ryuk,RDP Exploit,2735385,Negotiated,No,47,3131752,3895569,12.92
RA-101581,Clark-Sparks,Government,United States,2024-11-09,Hive,Phishing Email,897771,Unknown,Yes,15,3805626,1234300,6.95
RA-101582,Alvarado and Sons,Technology,Canada,2026-02-19,Conti,Credential Theft,610713,Paid,Yes,45,2571677,1127874,9.93
RA-101583,Rasmussen-Price,Government,United Kingdom,2021-02-18,BlackCat,Phishing Email,141063,Negotiated,No,2,2481316,404976,2.92
RA-101584,Moore and Sons,Hospitality,Canada,2021-09-01,Maze,Zero-Day Exploit,3544300,Negotiated,Yes,23,3380715,3576463,10.38
RA-101585,Powers LLC,Energy,Japan,2022-09-15,Akira,Phishing Email,3599718,Unknown,Yes,40,4946784,5538166,14.55
RA-101586,Lane LLC,Energy,India,2023-10-21,Hive,Phishing Email,2686266,Unknown,No,23,260485,3232680,6.4
RA-101587,Pierce-Anderson,Energy,South Africa,2024-11-03,DarkSide,Malicious Attachment,4118005,Paid,Yes,2,3187496,4209105,7.61
RA-101588,Jones-Fisher,Manufacturing,Germany,2022-05-18,Akira,Zero-Day Exploit,793576,Paid,No,30,3186522,2374452,8.48
RA-101589,Castillo LLC,Hospitality,India,2022-09-27,BlackCat,Phishing Email,4640760,Not Paid,Yes,50,3785031,5104909,15.93
RA-101590,Mitchell-Garcia,Energy,Canada,2023-11-03,Akira,Zero-Day Exploit,3733148,Paid,No,5,4211790,4123221,8.69
RA-101591,Jackson LLC,Education,Brazil,2024-04-14,REvil,RDP Exploit,992075,Paid,No,45,4334798,2031984,12.08
RA-101592,Carter-Kennedy,Education,South Africa,2024-05-16,Conti,Zero-Day Exploit,2785115,Unknown,Yes,28,920116,4235454,7.91
RA-101593,"Campbell, Rasmussen and Li",Technology,United States,2021-01-12,REvil,RDP Exploit,3253938,Not Paid,No,50,1481793,4883909,12.24
RA-101594,Harris-Johnson,Energy,South Africa,2025-11-08,BlackCat,RDP Exploit,4900338,Not Paid,Yes,55,4138628,5390024,17.29
RA-101595,Williams-Campbell,Manufacturing,India,2025-02-25,LockBit,Drive-by Download,4725863,Negotiated,Yes,2,3675126,5776355,8.7
RA-101596,"Griffin, Rhodes and Cochran",Transportation,India,2023-05-08,BlackCat,Phishing Email,3978331,Paid,No,3,2339701,4903299,6.77
RA-101597,Mcgee-Dawson,Government,United Kingdom,2025-12-03,BlackCat,Phishing Email,3005123,Not Paid,Yes,31,3366674,4078617,11.02
RA-101598,"Chan, Love and Haynes",Transportation,Australia,2024-03-14,Hive,Malicious Attachment,1571914,Unknown,Yes,43,1648604,2517457,9.67
RA-101599,"Lawson, Anderson and Donovan",Transportation,United States,2025-06-06,Conti,RDP Exploit,1561172,Not Paid,No,38,3466740,1814126,10.73
RA-101600,"Jordan, Anderson and Castillo",Transportation,United States,2021-09-30,BlackCat,Credential Theft,3282511,Negotiated,Yes,1,3119475,3418327,6.55
RA-101601,Johnson Group,Energy,Germany,2022-09-14,Conti,Drive-by Download,1154757,Unknown,No,21,2044203,2969535,6.35
RA-101602,"Nguyen, Taylor and Willis",Transportation,France,2023-09-08,BlackCat,RDP Exploit,1801189,Not Paid,Yes,7,1446446,2624585,4.3
RA-101603,"Guerra, Bush and Mullen",Hospitality,United Kingdom,2025-10-30,Conti,Drive-by Download,575375,Unknown,No,31,4306682,737607,9.53
RA-101604,Valenzuela-Ward,Technology,United States,2022-04-07,Maze,Zero-Day Exploit,2206744,Paid,Yes,27,500673,3794580,6.76
RA-101605,Clark PLC,Government,United Kingdom,2024-10-07,DarkSide,Credential Theft,3139673,Unknown,Yes,26,3773533,4421462,10.81
RA-101606,Chavez Inc,Finance,India,2022-05-10,Akira,Phishing Email,4377633,Unknown,Yes,19,4170357,6008939,11.4
RA-101607,"Lyons, Rodriguez and Taylor",Healthcare,Australia,2024-02-25,REvil,Zero-Day Exploit,716711,Negotiated,No,46,1221177,2347637,8.84
RA-101608,Bentley Group,Manufacturing,Canada,2024-08-24,DarkSide,Credential Theft,2869563,Unknown,No,20,4490445,4148960,10.36
RA-101609,Carroll-Vance,Hospitality,Japan,2025-04-01,Akira,RDP Exploit,4950596,Unknown,No,45,4699294,6897219,16.4
RA-101610,"Ross, Simpson and Schaefer",Hospitality,South Africa,2021-07-06,REvil,Drive-by Download,4112696,Negotiated,No,22,4469039,5206918,11.88
RA-101611,"Spears, Little and Woodard",Manufacturing,Australia,2025-11-27,Conti,Credential Theft,2428862,Not Paid,No,39,4307800,2916681,12.59
RA-101612,"Owens, Neal and Brewer",Technology,Canada,2022-09-20,REvil,Credential Theft,1614325,Unknown,Yes,53,2810270,2709961,12.37
RA-101613,Bond LLC,Manufacturing,France,2025-04-23,Hive,Malicious Attachment,1173345,Not Paid,No,52,2474867,1581732,11.45
RA-101614,Robinson LLC,Retail,Germany,2024-04-06,Conti,Credential Theft,4368021,Negotiated,Yes,12,983335,5897602,7.15
RA-101615,Willis and Sons,Energy,Canada,2025-12-23,Akira,Zero-Day Exploit,4173766,Negotiated,Yes,24,2060625,5005074,9.83
RA-101616,"Perry, Campos and Lopez",Transportation,India,2022-06-06,LockBit,Phishing Email,609401,Not Paid,No,17,1043888,1409108,4.2
RA-101617,Weaver LLC,Retail,France,2026-03-16,Akira,Zero-Day Exploit,4157827,Not Paid,No,30,4619238,5391690,13.28
RA-101618,Miller-Wood,Finance,Brazil,2021-04-15,Ryuk,Zero-Day Exploit,3592868,Negotiated,Yes,41,4106823,4851243,13.85
RA-101619,"Acosta, Lozano and Allen",Healthcare,United States,2021-10-14,BlackCat,Malicious Attachment,1524216,Paid,No,8,3031197,3128312,5.76
RA-101620,Conrad-Winters,Healthcare,Japan,2021-09-18,LockBit,Phishing Email,809388,Paid,No,60,3550694,1249079,13.36
RA-101621,"Edwards, Robinson and Franklin",Government,Germany,2024-07-02,Akira,Credential Theft,2330102,Negotiated,No,19,3605545,2844845,8.79
RA-101622,Edwards PLC,Hospitality,Australia,2025-09-18,Conti,RDP Exploit,1987750,Unknown,Yes,10,192652,3158964,3.68
RA-101623,Morrow Ltd,Hospitality,Canada,2024-01-15,DarkSide,Phishing Email,151302,Paid,Yes,11,764954,1359279,2.57
RA-101624,"English, Joyce and Rose",Hospitality,United Kingdom,2025-09-28,Clop,RDP Exploit,3414148,Negotiated,Yes,15,2030348,4387803,7.69
RA-101625,Rice Ltd,Hospitality,Japan,2021-01-07,Ryuk,Zero-Day Exploit,2007954,Not Paid,Yes,43,2587937,2930620,11.05
RA-101626,"Guerra, Kidd and Booth",Education,India,2021-07-25,Akira,Zero-Day Exploit,692841,Paid,No,27,3725758,1630888,8.47
RA-101627,Diaz-Bradley,Manufacturing,United States,2022-02-25,DarkSide,Credential Theft,4128167,Unknown,No,28,4395188,4855998,12.72
RA-101628,Brown LLC,Finance,Japan,2024-05-27,Ryuk,RDP Exploit,1728603,Unknown,Yes,24,1212385,3213857,6.54
RA-101629,Goodwin-Greer,Government,Canada,2022-03-23,Conti,Zero-Day Exploit,2640799,Unknown,Yes,23,3398344,3225715,9.49
RA-101630,"Drake, Romero and Shaw",Healthcare,India,2024-11-06,Akira,Malicious Attachment,4730379,Negotiated,No,16,542800,5688807,7.67
RA-101631,Weber-Esparza,Technology,South Africa,2021-02-11,Ryuk,Malicious Attachment,4123449,Negotiated,Yes,28,3735778,6040154,12.06
RA-101632,Morgan Ltd,Education,United Kingdom,2022-07-06,Conti,Credential Theft,3080219,Not Paid,Yes,59,2179956,4093770,14.11
RA-101633,"Martinez, Peters and Stanley",Education,South Africa,2023-02-21,Akira,Drive-by Download,3063250,Paid,No,4,1917569,3261936,5.58
RA-101634,Hunter Inc,Education,Canada,2021-06-12,Clop,Zero-Day Exploit,4411148,Negotiated,Yes,60,2140414,5371369,15.55
RA-101635,"Burns, Green and Brock",Finance,Germany,2022-04-15,BlackCat,Credential Theft,3439836,Paid,Yes,20,1397883,4541420,7.84
RA-101636,Arnold Inc,Education,Germany,2022-08-14,LockBit,RDP Exploit,4601441,Paid,Yes,31,3550695,6488228,12.8
RA-101637,"Dominguez, Jones and Leonard",Finance,Brazil,2025-05-02,Hive,Malicious Attachment,856530,Not Paid,Yes,18,1499400,1986311,5.06
RA-101638,Lynch LLC,Education,Canada,2023-12-29,Hive,Phishing Email,1572048,Paid,No,16,73470,2264624,4.05
RA-101639,"Griffin, Henderson and Fernandez",Education,Germany,2021-10-04,Akira,Malicious Attachment,1405908,Negotiated,No,4,3934918,1742873,5.94
RA-101640,Rodriguez Inc,Government,United Kingdom,2022-05-19,Akira,Phishing Email,3821348,Paid,No,12,921808,5327518,6.54
RA-101641,"Henry, Mayer and Smith",Energy,India,2021-10-06,Hive,Credential Theft,9809,Unknown,No,19,3865341,1128978,6.73
RA-101642,Case-Romero,Technology,Canada,2024-08-18,Hive,Zero-Day Exploit,4364191,Not Paid,No,23,4844285,5880692,12.66
RA-101643,"Marshall, Watkins and Rose",Manufacturing,Canada,2021-09-16,BlackCat,Credential Theft,310485,Unknown,No,14,615967,1578353,3.03
RA-101644,"Clark, Herrera and Noble",Energy,Germany,2023-02-09,LockBit,RDP Exploit,2517538,Unknown,Yes,24,200385,3187187,6.32
RA-101645,"Villa, Wilson and Gomez",Retail,India,2023-07-11,Conti,RDP Exploit,4957885,Paid,Yes,51,1173205,6329086,13.78
RA-101646,Keller Group,Energy,Brazil,2026-01-25,Maze,RDP Exploit,3687817,Unknown,Yes,17,4083471,4535082,10.32
RA-101647,"Wells, Perry and Barker",Finance,Canada,2023-05-02,Maze,Phishing Email,435723,Negotiated,No,16,1220956,2326949,4.06
RA-101648,Anderson-Perez,Hospitality,Canada,2026-02-06,Maze,Credential Theft,3247673,Unknown,Yes,57,3635574,3421509,15.43
RA-101649,"Estrada, White and Nielsen",Government,Canada,2025-11-14,Hive,RDP Exploit,4026989,Paid,Yes,5,2956936,4732095,7.73
RA-101650,West-Collins,Transportation,Germany,2021-10-26,Hive,Malicious Attachment,4715959,Paid,No,18,502468,4777724,7.92
RA-101651,Smith-Valentine,Hospitality,Australia,2023-04-07,REvil,Malicious Attachment,2807138,Paid,Yes,52,3861300,3544694,14.47
RA-101652,Gardner-Hill,Transportation,United States,2025-12-15,Hive,Drive-by Download,3682547,Paid,Yes,49,4089687,4601469,15.12
RA-101653,"Campbell, Williams and Alexander",Retail,United Kingdom,2025-08-17,Clop,RDP Exploit,3175264,Paid,No,22,3689925,4719225,10.17
RA-101654,Rowland Ltd,Retail,United States,2022-07-19,Clop,RDP Exploit,3313462,Unknown,Yes,15,351512,3415764,5.91
RA-101655,"Page, Kent and Johnson",Retail,Germany,2023-05-06,LockBit,Phishing Email,1277102,Not Paid,Yes,28,4589138,2478676,10.07
RA-101656,Orozco Ltd,Energy,United Kingdom,2022-06-28,DarkSide,Phishing Email,4053883,Paid,No,51,554495,4523357,12.26
RA-101657,Ray-Aguilar,Energy,Canada,2025-07-21,Akira,Credential Theft,2880087,Negotiated,No,40,3121638,4673911,12.0
RA-101658,"Waters, Johnson and Esparza",Retail,Japan,2023-12-15,Conti,RDP Exploit,1310253,Paid,No,43,4947529,2410873,12.71
RA-101659,Gibson-Harris,Energy,India,2023-09-17,LockBit,Credential Theft,2288282,Negotiated,No,22,4268517,2928620,9.86
RA-101660,Erickson LLC,Government,Germany,2021-08-07,DarkSide,RDP Exploit,1246278,Paid,No,36,1876004,3027298,8.52
RA-101661,Hawkins-Reilly,Retail,South Africa,2023-04-26,Conti,RDP Exploit,3359190,Unknown,Yes,27,4752857,4063794,12.16
RA-101662,Christensen-Herrera,Technology,India,2025-05-07,Clop,Zero-Day Exploit,2638662,Unknown,Yes,60,477437,3562230,12.12
RA-101663,"Craig, Long and Lee",Energy,Brazil,2022-11-15,Ryuk,Credential Theft,3111973,Not Paid,No,8,2583853,3616234,6.9
RA-101664,"Davis, Davis and Blair",Education,Australia,2023-05-31,Clop,Credential Theft,1977256,Negotiated,No,19,2040510,3267719,6.87
RA-101665,Barnes PLC,Healthcare,United Kingdom,2025-10-14,Hive,Zero-Day Exploit,700234,Unknown,Yes,7,688761,882851,2.44
RA-101666,"Ward, Gallegos and Ortiz",Education,United States,2025-06-14,Clop,Malicious Attachment,1279126,Negotiated,No,4,17609,2277321,1.9
RA-101667,Huang LLC,Retail,Australia,2024-09-26,BlackCat,Phishing Email,4803260,Paid,Yes,6,339250,5159754,6.04
RA-101668,"Vang, Holland and Morrison",Education,India,2024-06-12,DarkSide,Phishing Email,6787,Negotiated,No,53,1612794,1672578,9.57
RA-101669,Jackson-Ochoa,Finance,Brazil,2024-06-14,Akira,Malicious Attachment,4418141,Not Paid,Yes,5,2386196,4718839,7.55
RA-101670,Fernandez-Miller,Technology,Australia,2023-10-14,Clop,Drive-by Download,1882302,Unknown,No,45,2379923,1959481,11.01
RA-101671,"Gibson, Jones and Dean",Technology,India,2023-01-05,Conti,Malicious Attachment,4273760,Negotiated,Yes,20,2463442,5654226,9.74
RA-101672,Prince-Fowler,Finance,United States,2022-05-08,Akira,Phishing Email,3874553,Not Paid,Yes,10,1302172,3961723,6.68
RA-101673,"Black, Strong and Richardson",Manufacturing,Australia,2023-07-09,Akira,RDP Exploit,1062885,Unknown,No,10,616177,1665278,3.18
RA-101674,"Moore, Rojas and Gilbert",Hospitality,Canada,2023-04-20,Conti,Zero-Day Exploit,1033598,Paid,No,60,4631620,2573219,14.67
RA-101675,James-Cantu,Healthcare,United States,2021-11-17,REvil,Zero-Day Exploit,3283220,Not Paid,No,13,2894888,3431748,8.13
RA-101676,"Tucker, Hunter and Weiss",Education,Australia,2023-08-08,Ryuk,Drive-by Download,3339384,Negotiated,Yes,51,2714482,4292289,13.7
RA-101677,Patrick Ltd,Energy,Australia,2021-01-16,Clop,Phishing Email,1382234,Not Paid,Yes,17,3488091,1587722,7.42
RA-101678,Hamilton LLC,Education,India,2023-11-17,LockBit,Phishing Email,4160361,Negotiated,No,18,1696741,5681955,8.56
RA-101679,Kirby-Edwards,Energy,France,2025-06-27,Conti,RDP Exploit,3134151,Not Paid,No,22,23062,3363507,6.46
RA-101680,"Frye, Wagner and Preston",Transportation,Japan,2024-10-25,Akira,Credential Theft,4241088,Not Paid,No,18,4453352,5070424,11.39
RA-101681,Salazar and Sons,Retail,France,2025-04-26,DarkSide,Phishing Email,335722,Negotiated,No,30,4957558,1493122,9.79
RA-101682,Rogers Group,Technology,Brazil,2021-02-06,Akira,Credential Theft,3421984,Not Paid,No,38,526891,4427119,9.65
RA-101683,Harris-Mooney,Retail,United States,2025-09-06,Conti,Drive-by Download,4961775,Negotiated,No,15,3768861,5526892,10.98
RA-101684,Adams and Sons,Government,Brazil,2022-06-28,Conti,Zero-Day Exploit,40945,Paid,No,34,1922943,135972,7.06
RA-101685,"Booth, Vasquez and Campbell",Transportation,India,2021-04-08,LockBit,Credential Theft,643420,Negotiated,Yes,52,2295514,1775936,10.74
RA-101686,"Smith, Brooks and Lopez",Transportation,Canada,2023-10-15,BlackCat,RDP Exploit,4871871,Unknown,No,14,4480371,6268693,11.45
RA-101687,"Molina, Douglas and Mckee",Technology,South Africa,2021-12-29,Maze,Drive-by Download,4577321,Not Paid,No,42,1679978,4617124,12.56
RA-101688,"Colon, Sanchez and Henry",Retail,Canada,2021-02-12,Ryuk,RDP Exploit,839330,Unknown,Yes,9,2165981,1203796,4.36
RA-101689,Williams-Cantu,Retail,Canada,2025-02-02,Hive,Drive-by Download,1379954,Paid,Yes,24,818864,2994469,5.8
RA-101690,"Roman, Sherman and Rios",Finance,Canada,2021-11-15,Clop,Phishing Email,1023719,Unknown,No,55,28019,1536094,9.3
RA-101691,Yang Inc,Transportation,South Africa,2021-09-06,DarkSide,Drive-by Download,4203188,Negotiated,Yes,50,4484581,5188987,16.19
RA-101692,"Holmes, Mullins and Harris",Government,France,2022-12-31,REvil,Drive-by Download,777004,Paid,Yes,23,1479838,1600448,5.71
RA-101693,Goodwin-Ford,Transportation,France,2021-05-10,Conti,Zero-Day Exploit,1366405,Negotiated,Yes,10,2869852,1712661,5.74
RA-101694,Horn-Young,Transportation,India,2022-11-28,Conti,RDP Exploit,3270502,Not Paid,No,51,3627347,3497702,14.55
RA-101695,"Brown, Diaz and Austin",Government,Brazil,2025-05-04,Hive,Zero-Day Exploit,4923697,Unknown,No,48,561302,6495343,12.68
RA-101696,Pierce-Gray,Energy,Germany,2024-08-08,LockBit,Credential Theft,3099312,Negotiated,Yes,13,352124,3185605,5.4
RA-101697,Lewis-Aguirre,Healthcare,Australia,2024-09-23,DarkSide,Phishing Email,3130070,Not Paid,Yes,42,2841536,4011507,12.27
RA-101698,Brown-Ray,Education,Brazil,2024-05-02,DarkSide,Credential Theft,4371389,Negotiated,Yes,36,977321,5624760,10.75
RA-101699,Ward-Ramirez,Retail,France,2024-07-03,Ryuk,Malicious Attachment,277462,Paid,Yes,51,2659850,803440,10.59
RA-101700,"Byrd, Martin and Ellis",Retail,India,2021-04-23,Clop,Malicious Attachment,2523303,Negotiated,No,43,1148663,3992725,10.12
RA-101701,"Lee, Farrell and Elliott",Retail,Canada,2021-06-02,Ryuk,Phishing Email,4459034,Paid,No,24,630182,5514017,8.69
RA-101702,Jenkins and Sons,Education,France,2022-11-03,Akira,Credential Theft,1555014,Paid,No,46,780880,3388497,9.24
RA-101703,"Nicholson, Wright and Roberts",Finance,United Kingdom,2021-08-21,Akira,RDP Exploit,803236,Paid,Yes,17,2800092,1480784,6.15
RA-101704,"Howard, Mcclure and Jimenez",Transportation,South Africa,2021-04-11,Hive,Credential Theft,2324575,Negotiated,No,20,4615582,3917590,9.94
RA-101705,"Ryan, Acevedo and Mathews",Technology,South Africa,2021-07-25,Maze,Malicious Attachment,3391059,Paid,Yes,49,341830,4055144,11.08
RA-101706,Roach-Boyd,Energy,United States,2021-05-21,DarkSide,Malicious Attachment,796171,Unknown,Yes,38,33733,1030207,6.53
RA-101707,"Wilson, Tucker and Garcia",Government,South Africa,2022-06-26,Maze,RDP Exploit,1337169,Not Paid,Yes,38,4707706,3224171,11.74
RA-101708,Bowen-Dunn,Education,United Kingdom,2024-07-15,Hive,RDP Exploit,146310,Unknown,Yes,31,1832321,1684606,6.63
RA-101709,Stone-Meyers,Government,Brazil,2024-10-27,Hive,RDP Exploit,4392033,Paid,No,57,2292827,5611441,15.23
RA-101710,Mcgee-Boone,Manufacturing,United Kingdom,2022-03-09,Ryuk,Credential Theft,3263480,Unknown,No,13,4427449,3887329,9.64
RA-101711,Klein Inc,Technology,Canada,2022-07-06,Akira,Zero-Day Exploit,2094020,Paid,Yes,40,1045729,3586505,9.14
RA-101712,Cordova-Perry,Education,Japan,2023-04-11,Clop,Drive-by Download,4960464,Paid,Yes,13,2121882,6420225,9.03
RA-101713,Ellis PLC,Healthcare,South Africa,2021-09-29,Ryuk,RDP Exploit,342274,Not Paid,No,15,2097218,1914400,4.69
RA-101714,"Roberts, Kelley and Perry",Finance,United States,2021-08-19,Ryuk,Phishing Email,4824882,Negotiated,Yes,1,1763427,6339035,6.74
RA-101715,"Morales, Davis and Smith",Manufacturing,Australia,2023-07-05,Ryuk,Zero-Day Exploit,1216178,Negotiated,No,10,1033946,3048186,3.75
RA-101716,Moore PLC,Technology,Australia,2024-09-20,Conti,Drive-by Download,1695715,Not Paid,No,55,1224127,2139367,11.17
RA-101717,Soto LLC,Healthcare,India,2023-09-29,DarkSide,RDP Exploit,2302618,Paid,Yes,28,410583,2841333,6.91
RA-101718,"Henderson, Mercado and Berry",Technology,South Africa,2025-03-13,REvil,RDP Exploit,3853253,Negotiated,No,34,2425019,4290736,11.38
RA-101719,Chavez PLC,Transportation,South Africa,2021-12-29,Akira,Zero-Day Exploit,3579824,Negotiated,No,50,115591,4582267,11.2
RA-101720,Simmons Group,Retail,Brazil,2024-08-12,Ryuk,Malicious Attachment,1886696,Not Paid,No,29,1685572,3340440,7.92
RA-101721,Hendricks Inc,Government,Brazil,2022-03-28,Ryuk,RDP Exploit,3680294,Not Paid,Yes,58,1119867,3726251,13.5
RA-101722,Duncan-Garcia,Finance,Canada,2022-07-03,Hive,Malicious Attachment,3115781,Unknown,Yes,34,2137611,4572622,10.35
RA-101723,Holland-Fritz,Retail,Canada,2021-05-09,Conti,Drive-by Download,4762648,Not Paid,No,57,898680,5278535,14.21
RA-101724,Bailey-Greene,Transportation,India,2023-12-19,Akira,Malicious Attachment,33276,Paid,No,10,164265,729834,1.7
RA-101725,English LLC,Technology,Canada,2022-02-01,REvil,Credential Theft,1576789,Not Paid,No,7,2569849,3098585,5.2
RA-101726,Bullock PLC,Technology,Brazil,2024-10-03,Akira,RDP Exploit,4746372,Not Paid,No,37,2993889,4957887,13.29
RA-101727,"Smith, Vance and Shields",Government,France,2021-04-04,Maze,Zero-Day Exploit,2824813,Not Paid,No,23,3954354,4426397,10.23
RA-101728,Craig-Huffman,Hospitality,United Kingdom,2024-02-26,Conti,Zero-Day Exploit,142836,Paid,Yes,45,639884,369246,7.53
RA-101729,Smith-Chung,Transportation,Brazil,2023-08-15,Clop,RDP Exploit,3464125,Not Paid,Yes,35,609146,3689324,9.32
RA-101730,"Webster, Sherman and Drake",Hospitality,India,2023-01-30,BlackCat,Malicious Attachment,817488,Unknown,Yes,3,2151413,852020,3.42
RA-101731,Jordan-Ramirez,Finance,South Africa,2021-07-11,REvil,Credential Theft,2863957,Not Paid,Yes,60,1985763,4156940,13.85
RA-101732,"Johnson, Gonzalez and Rodgers",Healthcare,Brazil,2023-09-02,Conti,Zero-Day Exploit,2329328,Negotiated,Yes,35,1401314,3717779,8.98
RA-101733,Houston LLC,Hospitality,Canada,2021-07-01,LockBit,Zero-Day Exploit,4230345,Negotiated,No,38,1923852,6179814,11.85
RA-101734,Perry PLC,Finance,Japan,2025-03-23,LockBit,Drive-by Download,3799635,Negotiated,Yes,36,1378300,3866047,10.58
RA-101735,Moore and Sons,Education,Germany,2021-12-19,Conti,RDP Exploit,1321626,Not Paid,No,15,379300,2867664,3.95
RA-101736,Ingram-Branch,Hospitality,United Kingdom,2023-08-02,LockBit,Phishing Email,519013,Not Paid,No,43,3770502,1002183,10.74
RA-101737,"Smith, Thomas and Clark",Finance,United Kingdom,2024-07-08,DarkSide,Zero-Day Exploit,2518173,Paid,Yes,54,3622489,2850986,14.24
RA-101738,"Cardenas, Long and Kennedy",Technology,South Africa,2023-02-07,BlackCat,RDP Exploit,299687,Not Paid,Yes,35,1468909,1745060,7.02
RA-101739,"Wu, Fox and Flores",Education,Canada,2021-11-11,Hive,Drive-by Download,3486715,Negotiated,No,7,3645943,3977502,8.18
RA-101740,"Arias, Robbins and Taylor",Energy,India,2021-11-19,Clop,Credential Theft,4990094,Unknown,No,35,4758903,5452213,15.0
RA-101741,"Peterson, Logan and Adams",Healthcare,Germany,2022-10-09,Ryuk,Malicious Attachment,2187956,Unknown,No,39,1796496,4140365,9.83
RA-101742,Wall LLC,Education,United States,2026-03-15,Conti,Drive-by Download,768570,Paid,No,56,4877257,1020471,14.05
RA-101743,Mcdonald PLC,Transportation,United Kingdom,2023-03-20,Hive,RDP Exploit,4875948,Not Paid,Yes,46,1134392,4996744,12.91
RA-101744,Novak Ltd,Finance,Germany,2026-02-03,Hive,Credential Theft,430790,Paid,No,33,4560738,2295555,9.94
RA-101745,"Jones, Schwartz and Rosales",Manufacturing,France,2023-12-12,Clop,RDP Exploit,4514434,Paid,No,6,2178271,5072084,7.59
RA-101746,Durham-Fischer,Finance,France,2023-10-02,Clop,Credential Theft,1727184,Unknown,Yes,9,1849853,3202622,4.93
RA-101747,"Olsen, Rogers and Munoz",Education,Canada,2023-05-15,Maze,Phishing Email,4591272,Paid,Yes,6,2699909,5567847,8.19
RA-101748,Robinson-Nelson,Healthcare,South Africa,2025-05-17,Maze,RDP Exploit,234191,Paid,Yes,50,203164,2053793,7.94
RA-101749,Nguyen Inc,Transportation,Australia,2024-11-09,LockBit,Drive-by Download,1602375,Paid,Yes,31,824369,2532980,7.08
RA-101750,Torres-Morris,Transportation,Canada,2022-12-25,REvil,Malicious Attachment,2629325,Not Paid,Yes,25,966111,4305909,7.35
RA-101751,"Garcia, Cooper and Fisher",Energy,Canada,2024-01-23,DarkSide,Credential Theft,1246040,Paid,Yes,39,4835167,2388530,11.93
RA-101752,"Cooper, Roman and Stone",Technology,Brazil,2021-12-26,LockBit,Credential Theft,2429116,Unknown,No,33,356278,3097860,7.74
RA-101753,Rivers Group,Retail,Germany,2021-02-23,Ryuk,Malicious Attachment,375326,Negotiated,Yes,39,409909,391188,6.64
RA-101754,"Rosario, Hammond and Malone",Technology,India,2023-01-11,Akira,Phishing Email,4332604,Not Paid,No,18,4446357,4657089,11.48
RA-101755,Patel LLC,Manufacturing,United States,2021-11-02,Maze,Malicious Attachment,2264968,Not Paid,No,33,1911400,2949496,9.13
RA-101756,"Hood, Skinner and Taylor",Energy,United States,2025-02-03,Ryuk,RDP Exploit,356257,Not Paid,No,36,330409,1677012,6.09
RA-101757,Gilbert-Snyder,Healthcare,Japan,2024-05-18,Hive,RDP Exploit,4688044,Not Paid,Yes,30,2978702,6347502,12.17
RA-101758,Rojas and Sons,Finance,India,2021-05-05,REvil,Credential Theft,2251558,Paid,Yes,52,394252,4208005,10.45
RA-101759,Mack-Leonard,Energy,Brazil,2022-06-20,Conti,Credential Theft,2174810,Not Paid,No,55,1488617,3332953,11.91
RA-101760,Lester-Vance,Retail,Germany,2025-01-10,Clop,Drive-by Download,1579407,Paid,Yes,34,538362,2427656,7.22
RA-101761,Bennett Group,Education,France,2024-11-27,Akira,Drive-by Download,3361136,Negotiated,No,40,2476006,4893646,11.84
RA-101762,Rodriguez Inc,Technology,United Kingdom,2022-09-02,Maze,Drive-by Download,1335373,Unknown,Yes,2,2036151,3189705,3.67
RA-101763,"Brown, Keller and Turner",Energy,United States,2021-08-02,Ryuk,Malicious Attachment,2601987,Unknown,Yes,50,2112770,2784306,12.21
RA-101764,"Mitchell, Suarez and Brown",Healthcare,United Kingdom,2022-12-28,Ryuk,RDP Exploit,3139528,Negotiated,No,49,2437929,4966235,12.93
RA-101765,Hall-Hudson,Healthcare,South Africa,2024-01-19,DarkSide,Zero-Day Exploit,1573294,Negotiated,No,19,1607961,3398312,6.03
RA-101766,Kennedy Group,Hospitality,France,2025-06-11,Hive,Phishing Email,2352028,Not Paid,Yes,56,2437835,3437825,13.19
RA-101767,Hanson-Costa,Education,Canada,2023-01-25,Maze,Drive-by Download,2030373,Not Paid,No,36,4202539,3128264,11.63
RA-101768,Armstrong-Franco,Retail,United States,2024-06-03,REvil,RDP Exploit,521151,Not Paid,Yes,44,2851631,609880,9.97
RA-101769,Henderson-Watson,Hospitality,Australia,2022-03-04,BlackCat,Zero-Day Exploit,2983488,Not Paid,Yes,13,4414290,3533959,9.35
RA-101770,Collins-Baker,Hospitality,Brazil,2025-07-09,Hive,Zero-Day Exploit,862111,Paid,Yes,6,793451,2363826,2.56
RA-101771,Powell-Lopez,Government,Brazil,2024-05-27,Conti,RDP Exploit,1671135,Unknown,No,16,4977209,1872853,9.05
RA-101772,"Morris, Garcia and Townsend",Healthcare,South Africa,2022-04-08,BlackCat,Credential Theft,333926,Unknown,No,57,3411301,2136599,12.3
RA-101773,Spears and Sons,Technology,France,2023-03-09,Hive,Phishing Email,804499,Paid,Yes,30,4200137,2614649,9.5
RA-101774,Silva PLC,Finance,Australia,2022-03-04,Ryuk,Phishing Email,227879,Not Paid,Yes,52,246710,1466999,8.27
RA-101775,"Barrett, Griffith and Nielsen",Energy,Canada,2022-05-16,REvil,Credential Theft,3169947,Paid,No,22,3961813,4515483,10.43
RA-101776,"Simmons, Taylor and Benson",Manufacturing,Japan,2026-02-21,Maze,RDP Exploit,30787,Paid,Yes,57,1792760,862370,10.37
RA-101777,"Webster, Johnson and Ramirez",Transportation,Japan,2022-09-30,REvil,Phishing Email,599858,Negotiated,Yes,52,1033355,2436145,9.43
RA-101778,"Wells, Martinez and Davidson",Healthcare,Japan,2022-04-19,Clop,Zero-Day Exploit,3335295,Not Paid,Yes,34,4004375,4064513,12.44
RA-101779,Erickson Ltd,Finance,Germany,2025-07-28,DarkSide,Malicious Attachment,1327699,Negotiated,No,14,4243499,1647830,7.67
RA-101780,"Parsons, Richmond and Mooney",Healthcare,Canada,2023-05-07,Clop,Credential Theft,648780,Unknown,Yes,6,2140430,2617054,3.69
RA-101781,"Aguirre, Smith and Bailey",Manufacturing,Germany,2025-08-26,DarkSide,Zero-Day Exploit,3082243,Unknown,No,41,178393,4723865,9.41
RA-101782,"Butler, Fitzgerald and Evans",Education,India,2025-06-08,LockBit,Phishing Email,393882,Not Paid,Yes,34,805283,648226,6.3
RA-101783,White-Fisher,Hospitality,South Africa,2023-12-02,LockBit,Zero-Day Exploit,1709415,Not Paid,No,24,3276604,2553725,8.59
RA-101784,"Lopez, Cruz and James",Education,Germany,2021-05-29,REvil,Malicious Attachment,2692527,Negotiated,Yes,48,1785644,2912128,11.68
RA-101785,Villegas and Sons,Technology,Japan,2025-08-02,BlackCat,Zero-Day Exploit,3610368,Unknown,No,33,4616278,4004993,13.18
RA-101786,Perez PLC,Government,France,2025-04-12,REvil,Malicious Attachment,4714120,Paid,Yes,42,1196280,6026826,12.21
RA-101787,Pearson-Edwards,Transportation,Brazil,2022-05-11,Conti,Malicious Attachment,2555188,Negotiated,Yes,58,4651840,2575587,15.91
RA-101788,Davis and Sons,Technology,United States,2023-09-04,Conti,RDP Exploit,4621152,Negotiated,Yes,48,4434384,4917403,16.26
RA-101789,"Griffith, Hawkins and Landry",Healthcare,Japan,2021-04-20,LockBit,Credential Theft,864620,Negotiated,Yes,43,3108606,1821555,10.42
RA-101790,"Russell, Bailey and Mendoza",Healthcare,Brazil,2025-07-04,REvil,Credential Theft,2432240,Not Paid,No,19,4815894,2823456,10.1
RA-101791,"Rhodes, Oneill and Guerra",Hospitality,Japan,2025-03-29,Ryuk,Drive-by Download,4809888,Negotiated,No,40,3529505,6427624,14.34
RA-101792,Morris-Jackson,Manufacturing,Japan,2021-07-03,Ryuk,Drive-by Download,4385635,Not Paid,Yes,19,1217966,5518166,8.45
RA-101793,"Martin, Knox and Ballard",Transportation,Canada,2022-11-08,Akira,Credential Theft,4747414,Not Paid,Yes,7,2469769,4802027,8.27
RA-101794,"Marshall, Adams and Nelson",Government,Canada,2025-12-29,Clop,Zero-Day Exploit,1601987,Unknown,Yes,7,1551611,3371888,4.2
RA-101795,Lloyd-Mueller,Technology,South Africa,2023-04-16,DarkSide,Zero-Day Exploit,197608,Paid,No,36,3967723,532668,9.57
RA-101796,Delgado-Hamilton,Government,France,2021-12-23,Akira,RDP Exploit,1816157,Negotiated,No,20,4711642,3803837,9.53
RA-101797,Jennings-Bennett,Transportation,United States,2024-08-24,REvil,Phishing Email,2051499,Negotiated,No,58,4363925,2352002,15.12
RA-101798,Henson-Anderson,Technology,Australia,2025-12-23,LockBit,Credential Theft,993222,Not Paid,No,10,4750298,2282499,7.24
RA-101799,Carlson and Sons,Retail,South Africa,2024-04-24,Hive,Zero-Day Exploit,3014179,Unknown,No,35,1229972,3934648,9.49
RA-101800,"Perez, Meyer and Weber",Transportation,Brazil,2023-04-14,Ryuk,Phishing Email,615725,Not Paid,Yes,60,1817341,657041,11.43
RA-101801,Hall-Smith,Finance,Canada,2025-07-12,Conti,Malicious Attachment,4438418,Unknown,Yes,21,4794248,5154848,12.38
RA-101802,Garcia PLC,Transportation,Canada,2022-05-08,LockBit,Phishing Email,4934240,Not Paid,No,51,2606798,6726323,15.19
RA-101803,Keller-Parks,Transportation,India,2025-03-21,Akira,Zero-Day Exploit,1881822,Unknown,Yes,1,54737,3292124,2.09
RA-101804,Greene-Clark,Government,South Africa,2021-04-23,BlackCat,Drive-by Download,984654,Not Paid,No,54,3248063,2051407,12.33
RA-101805,"Bryan, Spears and Mitchell",Transportation,United States,2025-08-14,Akira,Drive-by Download,218786,Negotiated,Yes,4,555614,1015619,1.37
RA-101806,Hawkins-Miller,Energy,India,2022-08-24,Clop,Drive-by Download,618734,Not Paid,No,55,2696138,742658,11.56
RA-101807,James-Obrien,Manufacturing,Germany,2024-08-07,REvil,Malicious Attachment,3453850,Paid,No,41,1205107,3569335,10.81
RA-101808,Patterson and Sons,Education,United States,2023-06-22,DarkSide,RDP Exploit,3718594,Unknown,No,39,2361501,4548030,11.93
RA-101809,Walker-Townsend,Healthcare,France,2024-10-07,BlackCat,Drive-by Download,1095760,Unknown,No,39,1150959,1828334,8.1
RA-101810,Parker-Gould,Hospitality,Japan,2026-03-05,BlackCat,Malicious Attachment,3230194,Paid,No,60,400195,3577776,12.63
RA-101811,Santos Inc,Government,Germany,2023-12-10,DarkSide,RDP Exploit,4480624,Paid,Yes,17,563462,4900131,7.59
RA-101812,"Turner, Anderson and Jensen",Manufacturing,India,2022-10-06,BlackCat,Zero-Day Exploit,3007106,Paid,No,46,1436636,3442027,11.34
RA-101813,Waters-Lawrence,Finance,South Africa,2021-01-22,Akira,RDP Exploit,1723968,Paid,No,55,1378120,3155905,11.35
RA-101814,"Davis, Curry and Sanders",Transportation,Australia,2021-08-19,Clop,Zero-Day Exploit,1841023,Unknown,No,49,3539250,2350088,12.73
RA-101815,Romero-Leonard,Finance,France,2023-02-10,REvil,Malicious Attachment,1022237,Negotiated,Yes,13,1830944,1970690,4.8
RA-101816,"Carrillo, Hurst and Garcia",Healthcare,United Kingdom,2025-01-26,Ryuk,Malicious Attachment,1420104,Paid,Yes,56,4855481,2107531,14.68
RA-101817,Torres-Walker,Energy,Germany,2023-06-03,REvil,Phishing Email,2315153,Unknown,No,19,443858,2821145,5.61
RA-101818,Figueroa LLC,Energy,Brazil,2023-12-31,Hive,RDP Exploit,913340,Not Paid,Yes,60,1189380,2821352,11.1
RA-101819,Novak PLC,Energy,Japan,2021-01-29,Hive,RDP Exploit,1359566,Paid,Yes,41,774104,3211246,8.28
RA-101820,"Christian, Rivers and Villa",Hospitality,France,2022-06-19,Maze,Drive-by Download,4362248,Unknown,No,60,3522205,4732160,16.88
RA-101821,"Marks, Bautista and Houston",Transportation,Germany,2022-04-24,BlackCat,Credential Theft,3578718,Not Paid,No,56,1943143,5423166,13.92
RA-101822,"Smith, Davila and Wiley",Energy,United States,2023-04-17,DarkSide,Drive-by Download,249586,Unknown,No,22,1920321,1460048,5.47
RA-101823,Harrison-Franco,Healthcare,India,2024-10-26,DarkSide,RDP Exploit,1003202,Unknown,Yes,30,4012549,2481442,9.52
RA-101824,"Herrera, Woods and Navarro",Transportation,United Kingdom,2025-10-28,BlackCat,Drive-by Download,134703,Not Paid,Yes,24,18986,933477,3.75
RA-101825,Thompson-Wilson,Technology,Australia,2022-04-04,LockBit,Malicious Attachment,2935172,Unknown,Yes,21,1335710,3125923,7.42
RA-101826,"Lee, Harmon and Clayton",Finance,France,2024-11-07,Clop,Phishing Email,2227214,Not Paid,No,26,4776840,2552500,10.9
RA-101827,Little-Malone,Transportation,Japan,2024-03-08,Hive,Drive-by Download,3343082,Negotiated,Yes,30,4984368,3435782,12.83
RA-101828,Stein PLC,Healthcare,United Kingdom,2023-05-31,Clop,Phishing Email,4550431,Negotiated,Yes,19,4586371,6380921,11.99
RA-101829,"Hodge, Davenport and Campos",Hospitality,Canada,2024-05-24,Hive,Malicious Attachment,1932694,Not Paid,No,43,4549093,2851077,12.93
RA-101830,Smith Group,Finance,South Africa,2025-12-13,REvil,Malicious Attachment,2838008,Unknown,No,55,4296792,4008867,15.38
RA-101831,Smith-Brown,Manufacturing,United Kingdom,2025-07-18,Conti,Credential Theft,305307,Unknown,No,45,3702878,507543,10.76
RA-101832,Taylor and Sons,Education,United States,2023-03-11,Akira,Zero-Day Exploit,4011411,Negotiated,No,13,4523825,5634345,10.49
RA-101833,Martinez-Knapp,Energy,Brazil,2025-05-17,Akira,Credential Theft,659243,Unknown,No,40,532617,2177952,7.19
RA-101834,Braun-Cross,Technology,France,2024-01-15,DarkSide,Drive-by Download,1262595,Not Paid,Yes,55,4820134,3192156,14.33
RA-101835,Taylor Group,Healthcare,France,2022-10-18,Maze,Drive-by Download,4334502,Paid,No,37,1645555,5380300,11.53
RA-101836,"Cuevas, Mills and Gardner",Healthcare,Canada,2024-08-10,LockBit,Drive-by Download,1567270,Negotiated,No,44,1992240,2350449,10.16
RA-101837,Washington Inc,Healthcare,United States,2023-02-20,BlackCat,RDP Exploit,2788985,Negotiated,Yes,44,3830635,3992670,13.22
RA-101838,Berry and Sons,Retail,United Kingdom,2025-05-14,Hive,Zero-Day Exploit,2879201,Unknown,No,55,3141879,3451913,14.27
RA-101839,"Hill, Gutierrez and Payne",Government,United Kingdom,2022-02-06,Hive,Drive-by Download,1182376,Negotiated,No,23,2467725,1581793,7.1
RA-101840,Campbell-Shannon,Hospitality,South Africa,2025-08-28,Maze,Zero-Day Exploit,1868924,Not Paid,No,56,1632253,3024350,11.9
RA-101841,"Morales, Stanley and Le",Manufacturing,Brazil,2021-06-13,Clop,Malicious Attachment,2755462,Unknown,Yes,12,4471565,4362439,9.03
RA-101842,Carpenter-Nelson,Government,Australia,2024-03-24,Hive,Credential Theft,1446642,Negotiated,Yes,26,4942032,1921480,10.29
RA-101843,"Ruiz, Holden and Wagner",Technology,Australia,2022-04-03,Maze,Phishing Email,4236895,Unknown,No,7,4697162,5737163,9.98
RA-101844,Huang-Bradshaw,Manufacturing,Brazil,2023-03-03,REvil,Malicious Attachment,4691588,Not Paid,Yes,21,131234,5980607,7.97
RA-101845,Miller LLC,Transportation,Japan,2022-02-02,BlackCat,Phishing Email,2577109,Unknown,No,41,1006546,4427884,9.73
RA-101846,Castillo LLC,Manufacturing,Japan,2021-12-04,Conti,Malicious Attachment,398340,Paid,Yes,13,4375116,2155319,6.72
RA-101847,Fitzpatrick-Jones,Finance,Australia,2025-09-14,REvil,Zero-Day Exploit,3060329,Paid,No,14,3309663,3715372,8.47
RA-101848,Valencia Group,Education,Australia,2025-08-22,Akira,RDP Exploit,2754501,Unknown,No,13,899545,3218735,5.6
RA-101849,Jimenez-Jackson,Technology,Brazil,2025-01-30,Maze,Phishing Email,4405032,Paid,No,7,1997837,6090244,7.45
RA-101850,Martinez and Sons,Finance,United States,2025-09-30,Maze,RDP Exploit,1260661,Unknown,No,45,915336,1865159,8.93
RA-101851,"Gates, Andrews and Johnson",Energy,France,2024-06-14,LockBit,Credential Theft,4444352,Not Paid,No,8,4963931,5552674,10.61
RA-101852,"White, Smith and Avila",Transportation,France,2021-01-14,Hive,Malicious Attachment,2284034,Unknown,Yes,24,1088739,2786885,6.97
RA-101853,Bryant Ltd,Technology,India,2025-12-29,LockBit,Malicious Attachment,1152979,Unknown,No,60,2775833,2331945,12.93
RA-101854,"Reese, Hunter and Robinson",Education,United Kingdom,2024-01-09,DarkSide,Drive-by Download,3714454,Negotiated,No,18,2505359,5533441,8.92
RA-101855,Vaughn Inc,Hospitality,India,2025-02-26,Maze,Malicious Attachment,2350570,Negotiated,Yes,35,2848336,3897547,10.45
RA-101856,"Pitts, Johnson and Haynes",Technology,Australia,2023-10-26,LockBit,RDP Exploit,1086265,Paid,Yes,20,995473,1270282,5.08
RA-101857,Sims Ltd,Government,Japan,2021-03-29,Conti,Phishing Email,1313145,Not Paid,Yes,52,2574071,2104341,11.69
RA-101858,Allen-Haynes,Manufacturing,South Africa,2024-08-09,Conti,Phishing Email,975843,Negotiated,No,52,2734607,2807188,11.51
RA-101859,"Hall, Morgan and Maldonado",Technology,France,2023-09-12,Clop,Drive-by Download,288445,Paid,No,34,1712141,1626818,7.1
RA-101860,"Chapman, Ray and Everett",Hospitality,India,2022-09-14,Ryuk,Credential Theft,2390409,Unknown,Yes,55,4360574,3500977,15.0
RA-101861,Taylor-Moran,Energy,Canada,2023-10-21,Ryuk,RDP Exploit,1867988,Paid,Yes,28,3766621,3763052,9.83
RA-101862,Wheeler-Harrell,Manufacturing,Canada,2023-01-21,Conti,Phishing Email,4327767,Not Paid,Yes,48,1406944,6265555,12.93
RA-101863,"Galvan, Anderson and Murphy",Education,Germany,2024-12-20,BlackCat,RDP Exploit,4563073,Not Paid,Yes,52,888128,6118770,13.25
RA-101864,Larson Group,Finance,United States,2025-12-05,Ryuk,Drive-by Download,64427,Paid,Yes,41,2557530,1383192,8.77
RA-101865,"Wilson, Christensen and Carr",Education,Germany,2023-12-01,Hive,Zero-Day Exploit,2058099,Negotiated,Yes,27,2201189,3094734,8.31
RA-101866,"Logan, Graham and Davis",Transportation,South Africa,2023-12-27,DarkSide,RDP Exploit,1389616,Not Paid,No,50,3956677,2246918,12.85
RA-101867,Allen PLC,Manufacturing,France,2023-09-11,REvil,Zero-Day Exploit,3899507,Not Paid,No,21,2183995,5475715,9.23
RA-101868,Oconnor PLC,Hospitality,South Africa,2021-11-13,Hive,Drive-by Download,4796730,Unknown,No,3,2730040,5105460,7.98
RA-101869,Mclaughlin-Wheeler,Healthcare,France,2026-01-17,Clop,Drive-by Download,4650609,Unknown,Yes,16,857834,5483731,7.91
RA-101870,Berry-Miles,Government,Germany,2024-08-14,DarkSide,Drive-by Download,3937348,Not Paid,Yes,12,531282,4906096,6.27
RA-101871,Stewart Inc,Education,Japan,2025-09-12,Akira,Credential Theft,250505,Not Paid,No,21,1525058,622355,4.93
RA-101872,"Davis, Hale and Francis",Manufacturing,Japan,2025-12-11,BlackCat,Drive-by Download,1441067,Negotiated,Yes,7,3582874,3127536,6.07
RA-101873,"Garrison, Hoover and Barker",Education,Australia,2024-02-07,Maze,Drive-by Download,4624261,Not Paid,Yes,10,1983625,6514790,8.11
RA-101874,Lynch-Hall,Finance,Brazil,2022-10-18,DarkSide,Drive-by Download,4668597,Unknown,Yes,20,2237998,5554945,9.91
RA-101875,"Gallagher, Davis and Reilly",Healthcare,Japan,2021-11-27,Maze,Malicious Attachment,3302409,Negotiated,No,19,2073221,5287713,8.23
RA-101876,Martinez Ltd,Hospitality,Brazil,2024-06-05,LockBit,RDP Exploit,982095,Not Paid,No,12,3748354,2257951,6.53
RA-101877,Wilson Ltd,Hospitality,Brazil,2021-05-24,Hive,Zero-Day Exploit,1364705,Paid,Yes,4,2777649,1891630,4.74
RA-101878,"Hudson, Gregory and Becker",Transportation,Germany,2023-10-02,Clop,RDP Exploit,2747041,Paid,Yes,9,4861957,3927906,8.96
RA-101879,Hernandez-Anderson,Government,United Kingdom,2021-10-03,LockBit,Phishing Email,3061030,Negotiated,No,26,455522,4220226,7.42
RA-101880,Simpson LLC,Hospitality,Brazil,2024-05-27,Maze,Drive-by Download,3910752,Not Paid,No,34,4223434,4981733,13.23
RA-101881,"Williams, Williams and Miller",Transportation,India,2024-09-28,LockBit,Phishing Email,4319550,Not Paid,Yes,23,1549108,4826146,9.32
RA-101882,Gonzalez and Sons,Finance,Japan,2022-07-24,Akira,Malicious Attachment,2539228,Paid,No,16,3253630,3902744,8.19
RA-101883,Parker-Turner,Hospitality,South Africa,2021-05-17,LockBit,RDP Exploit,2914902,Not Paid,No,54,1367482,3365411,12.38
RA-101884,Oconnor and Sons,Energy,Canada,2024-09-21,Hive,RDP Exploit,206577,Paid,Yes,6,2540092,633573,3.65
RA-101885,Gomez Group,Finance,Germany,2026-02-11,Akira,Zero-Day Exploit,46208,Paid,Yes,37,3486274,1042072,9.08
RA-101886,Gray-Levine,Education,South Africa,2021-10-25,Conti,RDP Exploit,3342151,Paid,No,4,1266207,4886753,5.21
RA-101887,Green-Castillo,Finance,Japan,2023-04-20,BlackCat,Phishing Email,3918728,Paid,No,49,1171443,4040932,12.44
RA-101888,Montoya LLC,Finance,Japan,2023-04-05,LockBit,Zero-Day Exploit,881655,Not Paid,No,9,1515980,979423,3.75
RA-101889,Vasquez-Crosby,Government,Germany,2024-09-17,Akira,Drive-by Download,4443875,Not Paid,Yes,49,3671264,6409264,15.47
RA-101890,"Ho, Willis and Dean",Manufacturing,Germany,2022-08-25,Hive,Phishing Email,4802309,Not Paid,No,13,3619352,5609821,10.37
RA-101891,Horton Group,Education,Canada,2024-08-25,Clop,Phishing Email,2533873,Paid,No,50,4370503,2761199,14.4
RA-101892,"Reeves, Williams and Martin",Transportation,United Kingdom,2021-02-16,Maze,Phishing Email,4689086,Negotiated,Yes,44,3311785,6010536,14.6
RA-101893,Carter-Miller,Hospitality,Germany,2021-11-04,Maze,Malicious Attachment,2410122,Unknown,Yes,25,1080614,2456014,7.24
RA-101894,Allen Group,Hospitality,Japan,2025-07-18,Maze,RDP Exploit,15368,Unknown,Yes,52,1800447,1526243,9.62
RA-101895,Novak-Woods,Education,Canada,2025-05-09,Conti,Zero-Day Exploit,820104,Negotiated,No,15,3806299,1078931,6.88
RA-101896,Barnes-Bradley,Education,Germany,2024-01-11,LockBit,Malicious Attachment,3081023,Paid,Yes,25,2574942,4690252,9.41
RA-101897,Cooper LLC,Finance,Australia,2021-02-22,Akira,RDP Exploit,1186500,Unknown,Yes,31,451536,2082462,6.29
RA-101898,"Diaz, Stephenson and Oneal",Hospitality,Japan,2024-02-16,LockBit,Zero-Day Exploit,4156162,Paid,No,18,506008,4515027,7.36
RA-101899,Garner-Brown,Education,United Kingdom,2023-05-23,REvil,Credential Theft,4961095,Paid,No,2,3459068,5449667,8.72
RA-101900,Campbell-Vincent,Healthcare,Germany,2022-10-17,REvil,Phishing Email,2194945,Not Paid,Yes,56,1330520,3940899,11.93
RA-101901,Patterson and Sons,Technology,Brazil,2021-09-13,Akira,Drive-by Download,146433,Unknown,No,40,3046731,2060606,9.19
RA-101902,Lopez and Sons,Energy,Japan,2023-05-17,Maze,Malicious Attachment,2590866,Negotiated,No,40,544372,3378674,9.14
RA-101903,"Bell, Wade and Green",Finance,United Kingdom,2025-09-24,REvil,Zero-Day Exploit,1451888,Unknown,Yes,16,2107999,2467622,5.96
RA-101904,Cooper-Perez,Finance,France,2021-08-15,BlackCat,Phishing Email,375135,Not Paid,Yes,36,498370,1998173,6.27
RA-101905,Carter-Bender,Energy,India,2025-07-09,REvil,Phishing Email,3465910,Unknown,Yes,36,1928229,3686416,10.79
RA-101906,Richardson-Sanford,Transportation,South Africa,2023-05-18,Maze,Zero-Day Exploit,4335869,Paid,Yes,3,4566628,4373402,9.35
RA-101907,Mills-Hunt,Healthcare,Brazil,2024-04-28,BlackCat,RDP Exploit,260701,Paid,No,56,907593,989434,9.57
RA-101908,"Stein, Anderson and Myers",Government,Australia,2023-07-17,BlackCat,Phishing Email,857839,Negotiated,No,16,452104,1836610,3.71
RA-101909,Adams Group,Technology,United Kingdom,2023-12-23,BlackCat,Drive-by Download,2316462,Not Paid,Yes,32,2518666,2744832,9.64
RA-101910,Chapman Group,Transportation,France,2021-02-05,Maze,Zero-Day Exploit,4745664,Unknown,No,28,1524527,5487430,10.47
RA-101911,Anderson Group,Finance,France,2024-05-05,LockBit,Malicious Attachment,2133698,Not Paid,Yes,32,249107,2572695,7.18
RA-101912,"Rodriguez, Lara and Dawson",Retail,India,2024-05-28,Ryuk,Zero-Day Exploit,3382084,Not Paid,Yes,11,3686693,5325593,8.72
RA-101913,Cox-Barrera,Education,Brazil,2022-12-25,LockBit,Phishing Email,4913570,Paid,No,5,4400897,5428035,10.06
RA-101914,Bailey-Walker,Manufacturing,Japan,2023-04-06,LockBit,Phishing Email,3484628,Paid,Yes,28,840363,4146006,8.52
RA-101915,"Cruz, Johnson and Hill",Retail,United States,2023-07-05,LockBit,Drive-by Download,4941815,Negotiated,Yes,32,3920588,5212540,13.66
RA-101916,Johnson Ltd,Retail,Japan,2024-01-19,LockBit,Malicious Attachment,4635802,Not Paid,Yes,5,4722221,6233948,10.11
RA-101917,"Wagner, Chase and Reed",Hospitality,France,2022-10-11,LockBit,Credential Theft,1448852,Negotiated,No,3,2143571,2739285,4.04
RA-101918,Bishop Ltd,Government,South Africa,2026-02-12,Conti,Zero-Day Exploit,3318501,Unknown,Yes,51,4439249,4362028,15.41
RA-101919,Mccoy-Petersen,Retail,South Africa,2025-07-25,Ryuk,Zero-Day Exploit,3482717,Paid,Yes,25,4668712,5065385,11.9
RA-101920,"Blake, Graham and Strong",Energy,Japan,2022-03-19,REvil,RDP Exploit,4073100,Not Paid,Yes,19,412015,5100263,7.34
RA-101921,"Morales, Ball and Long",Transportation,Japan,2025-04-10,Akira,Malicious Attachment,2708812,Paid,No,28,1535343,3161175,8.44
RA-101922,Boyer PLC,Technology,United Kingdom,2025-07-11,LockBit,RDP Exploit,127981,Unknown,Yes,5,2215646,484310,3.09
RA-101923,"Lyons, Wilkinson and Lane",Education,South Africa,2023-11-22,BlackCat,Zero-Day Exploit,3869982,Paid,Yes,53,4534564,5650504,16.35
RA-101924,Johnson LLC,Transportation,South Africa,2024-09-15,Conti,Malicious Attachment,235094,Unknown,Yes,41,2176872,444487,8.56
RA-101925,Miller-Adkins,Transportation,France,2026-01-12,Akira,Malicious Attachment,944160,Paid,Yes,6,3728473,1001163,5.57
RA-101926,"Montgomery, Morgan and Allen",Transportation,United Kingdom,2024-01-25,Clop,Phishing Email,3352068,Unknown,No,58,2181437,3999841,14.23
RA-101927,Schmitt-Wells,Energy,France,2023-12-05,Maze,Zero-Day Exploit,4309575,Paid,Yes,48,1955801,5517232,13.47
RA-101928,"Castillo, Snow and Russell",Technology,Brazil,2021-05-07,Maze,Zero-Day Exploit,220528,Paid,Yes,17,4530745,328721,7.3
RA-101929,"Mendoza, Hinton and Horn",Retail,Japan,2025-09-21,Ryuk,Phishing Email,1589728,Paid,Yes,25,4726485,1778254,10.07
RA-101930,"Atkins, Ayers and Macdonald",Education,Japan,2023-11-13,Ryuk,Credential Theft,4196656,Not Paid,No,44,4952985,4773759,15.75
RA-101931,Garrison Group,Healthcare,Canada,2025-01-27,LockBit,Credential Theft,3294211,Negotiated,Yes,38,4002604,4697943,13.0
RA-101932,"Davis, Fox and Hill",Hospitality,India,2025-01-01,BlackCat,Malicious Attachment,994134,Unknown,Yes,17,741963,2661128,4.29
RA-101933,Roberts-Wong,Energy,Canada,2023-10-10,Hive,Credential Theft,4634236,Not Paid,No,42,2081410,5015493,13.02
RA-101934,"Smith, Blair and Sherman",Energy,Japan,2025-01-20,Ryuk,RDP Exploit,3170750,Negotiated,Yes,23,897755,4814495,7.52
RA-101935,Conway LLC,Hospitality,India,2025-12-18,Ryuk,Credential Theft,3541909,Not Paid,No,45,2374411,5303212,12.67
RA-101936,Lyons and Sons,Transportation,Canada,2024-06-06,Clop,Phishing Email,3606298,Unknown,Yes,2,2228489,4566433,6.13
RA-101937,"Hess, Jackson and Jenkins",Education,United Kingdom,2021-11-10,Maze,Credential Theft,4709609,Not Paid,No,22,857496,5528973,8.87
RA-101938,"Johnson, Adams and Haynes",Transportation,Japan,2022-07-18,Conti,Malicious Attachment,4556823,Unknown,Yes,35,1049160,4567542,10.86
RA-101939,"Williams, Mann and Bailey",Retail,India,2024-06-11,DarkSide,RDP Exploit,349670,Unknown,Yes,57,3656763,647943,12.56
RA-101940,Crane-Clark,Retail,South Africa,2023-05-21,Conti,Phishing Email,190009,Not Paid,No,40,532021,387036,6.72
RA-101941,"Frazier, Lucas and Dixon",Technology,South Africa,2024-09-16,Conti,RDP Exploit,1374399,Unknown,No,53,1716166,2883306,11.04
RA-101942,Jackson-Hernandez,Healthcare,Canada,2026-01-06,Maze,Credential Theft,8560,Paid,No,22,1565249,539965,4.87
RA-101943,Matthews LLC,Retail,Canada,2022-11-12,DarkSide,RDP Exploit,188969,Negotiated,Yes,59,1389030,954606,10.43
RA-101944,King-Gomez,Healthcare,Germany,2024-06-16,REvil,Malicious Attachment,821727,Paid,No,28,2666701,2195475,7.69
RA-101945,"Townsend, Moses and Parks",Finance,France,2023-04-04,Clop,Drive-by Download,534988,Negotiated,Yes,31,4062196,2425243,9.25
RA-101946,Gutierrez-Phillips,Technology,Brazil,2024-01-25,Hive,RDP Exploit,4543587,Paid,No,59,24020,6370347,13.42
RA-101947,Navarro-Williams,Finance,Germany,2021-06-13,Maze,Credential Theft,3719903,Not Paid,No,18,3470462,4814071,9.89
RA-101948,Zimmerman-White,Hospitality,France,2024-07-07,Akira,RDP Exploit,3163577,Unknown,No,17,4579567,4058963,10.29
RA-101949,"Campbell, Madden and Anderson",Finance,Australia,2022-10-01,Maze,Credential Theft,4255702,Negotiated,No,25,4758297,4920748,12.76
RA-101950,"Wang, Singh and Stevenson",Education,Japan,2025-07-04,Clop,Phishing Email,418562,Unknown,No,8,1041267,1715578,2.66
RA-101951,Franco-Taylor,Finance,South Africa,2022-05-20,DarkSide,Phishing Email,3205169,Unknown,Yes,57,373296,3951816,12.13
RA-101952,Clark LLC,Technology,Germany,2022-04-11,Ryuk,Malicious Attachment,4516539,Not Paid,No,49,4657785,6219997,16.52
RA-101953,"Page, Gordon and Frey",Retail,Australia,2024-12-23,Maze,Credential Theft,1059976,Paid,No,7,4317446,2284790,6.43
RA-101954,Gonzalez PLC,Hospitality,Canada,2023-09-22,Clop,Malicious Attachment,69410,Negotiated,Yes,4,207912,1325364,0.88
RA-101955,Carter Inc,Retail,France,2021-04-07,Akira,Zero-Day Exploit,2465524,Unknown,No,59,3157031,3262049,14.47
RA-101956,"Cook, Ross and Fowler",Education,United States,2023-04-21,REvil,Malicious Attachment,424450,Unknown,No,21,3655888,984178,7.23
RA-101957,Blackwell-Branch,Healthcare,Japan,2023-10-01,DarkSide,Malicious Attachment,3721959,Negotiated,Yes,22,4509127,5603590,11.53
RA-101958,"Peterson, Park and Morrison",Education,Germany,2022-01-29,Maze,Malicious Attachment,4253174,Unknown,No,52,242458,5154781,12.3
RA-101959,"Rodriguez, Wagner and Hodges",Technology,Australia,2025-05-24,REvil,Phishing Email,1102281,Paid,No,55,1546333,2727978,10.9
RA-101960,Garcia-Vargas,Healthcare,United States,2024-07-19,Ryuk,RDP Exploit,2806812,Not Paid,Yes,39,2911143,3296854,11.57
RA-101961,Young Group,Energy,India,2021-12-25,DarkSide,Drive-by Download,1281375,Unknown,No,19,1518806,2889481,5.65
RA-101962,Krueger Inc,Finance,India,2023-04-02,LockBit,Phishing Email,1131896,Paid,Yes,49,2650944,2428022,11.13
RA-101963,Mccormick-Henderson,Transportation,Canada,2022-07-30,Hive,Credential Theft,843145,Unknown,Yes,6,3124934,2763061,4.87
RA-101964,Fuller LLC,Hospitality,France,2021-01-13,Ryuk,Zero-Day Exploit,4508427,Unknown,Yes,1,908987,5513704,5.57
RA-101965,Herrera Group,Manufacturing,Brazil,2022-02-06,LockBit,Malicious Attachment,668808,Unknown,Yes,12,4847369,1927713,7.32
RA-101966,Ruiz LLC,Education,India,2025-01-11,BlackCat,RDP Exploit,3432154,Paid,Yes,51,2207329,5230483,13.29
RA-101967,"Cook, Stokes and Johnson",Energy,Australia,2021-04-20,Conti,Zero-Day Exploit,1715361,Negotiated,No,34,2107557,2205205,8.92
RA-101968,Burns and Sons,Manufacturing,United Kingdom,2025-11-10,Maze,Malicious Attachment,4470171,Not Paid,No,4,3868961,5642218,8.94
RA-101969,Velazquez and Sons,Government,France,2021-09-19,Maze,Malicious Attachment,1040203,Negotiated,No,43,4676682,2507128,12.17
RA-101970,"Young, Williams and Wilson",Retail,Australia,2021-04-07,REvil,Drive-by Download,268700,Unknown,No,44,3600803,812351,10.47
RA-101971,Yates LLC,Finance,South Africa,2025-02-24,Clop,RDP Exploit,1226733,Not Paid,No,56,1651056,3009895,11.28
RA-101972,Williams and Sons,Hospitality,South Africa,2022-08-08,DarkSide,Zero-Day Exploit,4511921,Unknown,Yes,40,4121032,5952539,14.63
RA-101973,"Knight, Daniels and Bartlett",Education,United States,2022-05-13,Conti,Credential Theft,2466803,Unknown,Yes,42,1395609,3502908,10.16
RA-101974,Garcia LLC,Healthcare,France,2025-08-06,LockBit,Phishing Email,615489,Unknown,Yes,58,3982447,1367105,13.3
RA-101975,"Simpson, Fuentes and Kirby",Government,United States,2025-08-21,Ryuk,Credential Theft,354826,Not Paid,No,17,2759543,1863782,5.66
RA-101976,Martin Ltd,Hospitality,Germany,2025-01-12,Maze,RDP Exploit,4579464,Negotiated,Yes,33,1214991,5148911,10.74
RA-101977,"Hernandez, Best and Zimmerman",Technology,Brazil,2021-03-15,DarkSide,Credential Theft,876047,Negotiated,Yes,33,579950,2385836,6.41
RA-101978,"Solis, Adams and Cole",Retail,Canada,2025-09-22,Maze,Malicious Attachment,3570029,Negotiated,No,23,1445037,4164828,8.47
RA-101979,Chavez LLC,Manufacturing,South Africa,2021-04-20,DarkSide,Credential Theft,4465533,Not Paid,No,14,4488678,6318946,11.05
RA-101980,"Good, Butler and Montoya",Manufacturing,Germany,2024-12-13,Akira,Phishing Email,4639463,Not Paid,No,7,130707,5995387,5.82
RA-101981,Padilla-Crawford,Transportation,India,2023-10-26,Akira,Credential Theft,4304097,Unknown,Yes,43,2143026,6147287,12.9
RA-101982,Miller Inc,Hospitality,United Kingdom,2025-12-18,DarkSide,Phishing Email,516041,Negotiated,No,20,2638334,1535276,6.15
RA-101983,Mooney PLC,Healthcare,South Africa,2024-10-26,Akira,Credential Theft,1158687,Unknown,No,17,3161281,1656382,6.87
RA-101984,"Orozco, Jones and Garcia",Transportation,Germany,2021-12-25,Akira,Zero-Day Exploit,2251466,Not Paid,Yes,9,1709153,4005544,5.31
RA-101985,Bishop Inc,Finance,France,2022-05-03,DarkSide,Phishing Email,4769839,Unknown,Yes,51,865832,5096399,13.29
RA-101986,Welch Inc,Transportation,United States,2025-12-11,Akira,Credential Theft,4757827,Not Paid,Yes,14,1446316,5852224,8.3
RA-101987,Macdonald and Sons,Education,Germany,2021-10-26,Clop,Phishing Email,1021083,Paid,Yes,3,981340,1062336,2.45
RA-101988,"Gallegos, Perez and Mooney",Technology,South Africa,2024-11-17,LockBit,Phishing Email,4384034,Unknown,No,25,3869841,5304136,12.0
RA-101989,Hill-Kelly,Retail,Germany,2021-09-07,Maze,Zero-Day Exploit,98986,Paid,No,36,701483,1824099,6.2
RA-101990,"Armstrong, Willis and Brown",Manufacturing,Germany,2021-05-07,BlackCat,Credential Theft,1978267,Paid,No,58,4639273,2595105,15.32
RA-101991,Haas-Edwards,Education,Germany,2022-07-20,Maze,Malicious Attachment,3537779,Unknown,No,51,4616614,4893132,15.8
RA-101992,Allen-Freeman,Healthcare,Brazil,2025-09-01,Ryuk,RDP Exploit,824215,Paid,No,3,30717,1250616,1.3
RA-101993,"Walker, Anderson and Werner",Energy,South Africa,2025-08-01,Maze,Phishing Email,2344982,Paid,No,22,4935338,3150199,10.58
RA-101994,Rivera-Lane,Finance,United States,2023-06-06,Ryuk,Malicious Attachment,3276003,Negotiated,Yes,28,2253888,3478998,9.73
RA-101995,Fernandez and Sons,Healthcare,Brazil,2024-12-22,Hive,Malicious Attachment,762460,Paid,No,46,1885820,1364260,9.55
RA-101996,"Thomas, Wong and Patel",Transportation,Japan,2024-06-11,LockBit,Malicious Attachment,4966704,Not Paid,No,18,3937995,5064695,11.6
RA-101997,Potts-Burke,Education,India,2023-05-10,Hive,Drive-by Download,4603926,Unknown,Yes,13,2468037,5775666,9.02
RA-101998,Young-Krueger,Government,France,2023-03-07,Ryuk,Credential Theft,3856321,Paid,No,51,129507,4973521,11.64
RA-101999,Colon-Mahoney,Healthcare,Australia,2023-12-20,Akira,Zero-Day Exploit,4075950,Not Paid,No,51,609514,4849490,12.34
RA-102000,"Stewart, Hall and Miller",Technology,United States,2023-07-18,Akira,RDP Exploit,655405,Not Paid,Yes,37,3812476,2546114,10.02
RA-102001,Simmons LLC,Transportation,Japan,2021-06-28,Hive,RDP Exploit,1118177,Unknown,Yes,28,3007472,2081441,8.33
RA-102002,Fischer-Butler,Hospitality,Australia,2022-09-12,Clop,Phishing Email,664842,Unknown,No,36,49126,2270884,6.11
RA-102003,Jones Ltd,Energy,Brazil,2022-11-19,REvil,Drive-by Download,4287357,Paid,Yes,21,988098,5263243,8.43
RA-102004,Davila-Garcia,Finance,South Africa,2023-09-27,Hive,Drive-by Download,2494720,Not Paid,No,25,1550970,4149009,7.8
RA-102005,"Melendez, Ruiz and Tate",Retail,United Kingdom,2021-07-08,Clop,RDP Exploit,4972906,Unknown,No,26,1155805,5896724,10.03
RA-102006,Villa-Yu,Retail,Australia,2023-11-16,REvil,RDP Exploit,4934438,Paid,No,5,3768926,5056414,9.45
RA-102007,Luna-Cole,Healthcare,Australia,2024-10-26,Ryuk,Credential Theft,2468301,Not Paid,Yes,24,4077857,4226149,10.15
RA-102008,Stuart LLC,Manufacturing,Brazil,2025-09-27,LockBit,Drive-by Download,4853429,Paid,Yes,10,1059820,6634608,7.41
RA-102009,"Jones, Edwards and Wade",Retail,United States,2021-05-10,DarkSide,RDP Exploit,3354558,Not Paid,Yes,15,2870439,4224408,8.47
RA-102010,Hall PLC,Transportation,Japan,2022-07-25,Maze,Drive-by Download,3947668,Negotiated,Yes,12,4220397,4299409,9.97
RA-102011,Delacruz-Mueller,Transportation,United Kingdom,2021-04-30,Clop,Drive-by Download,751245,Negotiated,No,32,4363607,2128482,9.91
RA-102012,Castillo Ltd,Technology,France,2022-05-08,Maze,Phishing Email,760725,Unknown,Yes,9,3520675,922743,5.63
RA-102013,Ortiz-Cordova,Finance,Japan,2021-05-01,Maze,Phishing Email,2953027,Not Paid,No,36,495043,3154846,8.85
RA-102014,Tyler and Sons,Education,India,2025-12-20,BlackCat,Drive-by Download,921097,Paid,No,53,722976,1591665,9.59
RA-102015,Blair-Graham,Government,United States,2022-04-11,LockBit,Zero-Day Exploit,3700927,Paid,No,4,4777511,3996484,9.08
RA-102016,Kelley LLC,Energy,Canada,2024-04-30,BlackCat,Credential Theft,2638268,Negotiated,No,44,123461,2657922,9.36
RA-102017,Sullivan Inc,Hospitality,France,2024-12-02,DarkSide,Zero-Day Exploit,2463160,Not Paid,No,15,1181629,4145531,5.89
RA-102018,"Garcia, Foley and Martin",Energy,South Africa,2022-12-07,Ryuk,Drive-by Download,1108144,Paid,Yes,39,2156734,1703309,9.11
RA-102019,"Dean, Campbell and Carpenter",Transportation,South Africa,2023-08-30,Conti,Drive-by Download,1701047,Paid,Yes,52,2607737,3411704,12.11
RA-102020,Stevenson-Andrews,Transportation,Japan,2022-06-13,Ryuk,RDP Exploit,2792451,Not Paid,Yes,3,1289672,3540218,4.53
RA-102021,Barnett-Mathews,Retail,France,2023-08-18,Conti,Malicious Attachment,2494486,Not Paid,No,14,3019521,3422724,7.61
RA-102022,"Cook, Peterson and Solis",Technology,United States,2023-12-22,Ryuk,Zero-Day Exploit,512305,Not Paid,Yes,26,2290261,1666657,6.7
RA-102023,Sloan-Greer,Transportation,France,2025-01-09,Conti,Credential Theft,2113652,Negotiated,Yes,58,2513123,4075993,13.33
RA-102024,Hardy Ltd,Education,France,2022-10-14,LockBit,Malicious Attachment,1916356,Negotiated,Yes,25,2499194,2777573,8.17
RA-102025,Anderson PLC,Healthcare,India,2023-07-02,Maze,Zero-Day Exploit,3732339,Negotiated,No,60,2321229,5220176,15.05
RA-102026,Buckley and Sons,Hospitality,United Kingdom,2021-06-13,LockBit,Credential Theft,3060316,Paid,No,26,1337711,3502308,8.3
RA-102027,Klein Inc,Retail,United States,2026-01-22,Akira,Phishing Email,2727543,Not Paid,Yes,7,356659,3772245,4.13
RA-102028,Harris-Silva,Technology,South Africa,2021-06-20,Akira,Drive-by Download,844842,Paid,Yes,30,4257405,2829108,9.6
RA-102029,"Clements, Haynes and Atkinson",Technology,United States,2022-11-04,Clop,RDP Exploit,2479068,Paid,No,46,3734584,3919277,13.11
RA-102030,"Williams, Allison and Ross",Retail,South Africa,2025-01-08,Clop,Phishing Email,3116746,Paid,Yes,59,1961422,3787615,13.93
RA-102031,Davis-Barnes,Hospitality,Australia,2022-01-09,LockBit,Phishing Email,3677007,Not Paid,No,58,2632000,5333132,15.01
RA-102032,Williams-Davis,Manufacturing,Germany,2025-04-05,Clop,Malicious Attachment,430922,Negotiated,No,6,2680323,673692,4.01
RA-102033,Paul-Burns,Healthcare,Brazil,2024-07-21,BlackCat,Zero-Day Exploit,2855317,Not Paid,Yes,3,3674827,3457803,6.98
RA-102034,"Hansen, Vega and Castillo",Manufacturing,Japan,2023-08-08,Maze,Drive-by Download,4995890,Paid,Yes,36,415482,6957814,10.81
RA-102035,"Rasmussen, Spencer and Cox",Retail,Japan,2024-09-26,Conti,Malicious Attachment,556658,Paid,Yes,4,81660,1390147,1.24
RA-102036,Simpson Ltd,Manufacturing,United Kingdom,2024-11-14,LockBit,RDP Exploit,4861821,Unknown,Yes,8,25301,5453642,6.09
RA-102037,Wilson and Sons,Retail,Japan,2023-11-04,BlackCat,RDP Exploit,2389137,Negotiated,Yes,5,604152,3537389,3.74
RA-102038,"Spencer, Allen and Rodriguez",Manufacturing,Japan,2024-01-23,Maze,RDP Exploit,3017971,Paid,No,23,2043824,4934916,8.51
RA-102039,Thomas-Holmes,Energy,Japan,2023-03-06,Akira,Phishing Email,597753,Paid,No,3,497753,1462462,1.55
RA-102040,Stephens and Sons,Finance,France,2024-03-15,Ryuk,Drive-by Download,3599293,Unknown,No,59,4592846,3732584,17.04
RA-102041,Conner PLC,Transportation,Canada,2022-06-23,Clop,Drive-by Download,374843,Not Paid,Yes,50,2027088,1389341,9.9
RA-102042,Butler-Wood,Manufacturing,Germany,2024-03-13,LockBit,Phishing Email,2429106,Unknown,No,20,4874327,3904783,10.3
RA-102043,King-Daniel,Manufacturing,United States,2023-07-28,Conti,RDP Exploit,3167311,Negotiated,Yes,49,1318583,3878125,11.84
RA-102044,"Hall, Reed and Warren",Retail,United Kingdom,2021-05-30,Ryuk,RDP Exploit,4142515,Negotiated,Yes,14,3183433,4809140,9.43
RA-102045,Hughes-Williams,Healthcare,United Kingdom,2023-07-30,Akira,Drive-by Download,4511686,Not Paid,Yes,17,1541676,5742465,8.6
RA-102046,Rose-Malone,Finance,South Africa,2025-06-05,LockBit,Drive-by Download,1861586,Paid,Yes,20,2776980,3666772,7.64
RA-102047,Taylor PLC,Government,United States,2024-08-10,Hive,Credential Theft,3542936,Unknown,No,54,389288,4299877,12.03
RA-102048,"Singh, Price and White",Technology,India,2022-05-13,DarkSide,RDP Exploit,121974,Not Paid,Yes,10,978616,317333,2.6
RA-102049,Stokes Group,Hospitality,France,2022-07-31,Hive,Zero-Day Exploit,2811087,Negotiated,Yes,60,3829822,3521709,15.64
RA-102050,"Turner, Sullivan and Schwartz",Technology,Canada,2021-06-29,Clop,Zero-Day Exploit,1439384,Paid,Yes,38,4979549,3066426,12.12
RA-102051,Branch-Estes,Healthcare,United Kingdom,2025-09-23,DarkSide,Malicious Attachment,2020525,Negotiated,Yes,27,1503178,3702667,7.57
RA-102052,"Kelley, Coleman and Jimenez",Healthcare,Japan,2021-06-09,Clop,Phishing Email,2151095,Unknown,Yes,30,3887106,4027409,10.54
RA-102053,"Gomez, Marshall and Lam",Transportation,United States,2021-07-06,Clop,RDP Exploit,2892797,Unknown,Yes,54,1359915,3376018,12.35
RA-102054,Page-Chang,Transportation,South Africa,2021-07-22,Hive,Credential Theft,1438753,Unknown,Yes,5,2957685,3350669,5.15
RA-102055,Barrera Inc,Finance,South Africa,2024-11-06,Hive,Zero-Day Exploit,3075583,Not Paid,No,37,792515,3995190,9.42
RA-102056,Leonard LLC,Hospitality,Australia,2022-11-12,Akira,Drive-by Download,4620731,Unknown,No,36,684216,6162344,10.7
RA-102057,"Duffy, Garcia and Webb",Healthcare,United States,2021-12-09,Maze,RDP Exploit,795176,Unknown,Yes,25,4664274,1888908,9.21
RA-102058,"Obrien, West and Ferguson",Hospitality,Brazil,2021-05-18,Clop,Credential Theft,4597669,Negotiated,No,25,1296754,5674113,9.64
RA-102059,"Terry, Dominguez and Ward",Finance,France,2025-12-12,Clop,RDP Exploit,2613787,Unknown,Yes,56,448223,4002363,11.46
RA-102060,"Johnson, Evans and Sanchez",Hospitality,Canada,2021-01-03,Hive,RDP Exploit,457769,Not Paid,Yes,12,4623899,916038,6.88
RA-102061,Cruz and Sons,Retail,Canada,2024-09-18,DarkSide,Malicious Attachment,1309320,Not Paid,Yes,4,2113710,1505296,4.02
RA-102062,Williams Ltd,Technology,Australia,2026-03-09,Akira,Credential Theft,4408185,Not Paid,Yes,48,920382,4556678,12.53
RA-102063,Bailey-Jackson,Healthcare,Germany,2024-10-10,LockBit,Malicious Attachment,1066435,Not Paid,Yes,48,109535,1343991,8.38
RA-102064,Johns LLC,Manufacturing,United Kingdom,2025-10-12,BlackCat,RDP Exploit,1105589,Negotiated,Yes,9,3681916,2160027,6.14
RA-102065,"Duran, Carlson and Oneill",Manufacturing,United States,2021-03-26,Ryuk,Malicious Attachment,1100911,Unknown,Yes,33,784745,1987370,6.84
RA-102066,Adkins-Willis,Energy,Brazil,2021-01-06,DarkSide,Malicious Attachment,486851,Unknown,Yes,23,4990237,980892,8.93
RA-102067,Bell-Phillips,Finance,United States,2024-06-05,Clop,Credential Theft,4511939,Paid,No,15,1107557,6132352,7.87
RA-102068,Giles Group,Hospitality,United States,2024-10-30,Clop,Credential Theft,625987,Not Paid,Yes,31,2504418,1428962,7.78
RA-102069,Walter-Orozco,Transportation,Canada,2025-05-28,BlackCat,Credential Theft,249709,Unknown,No,17,2079983,2025818,4.88
RA-102070,Johnson Inc,Government,South Africa,2021-11-29,Ryuk,Zero-Day Exploit,1270302,Paid,Yes,37,680918,2961082,7.5
RA-102071,"Sims, Avila and Wise",Technology,India,2023-01-22,DarkSide,Phishing Email,3409623,Unknown,Yes,36,3091926,5183828,11.9
RA-102072,Allen-Woods,Hospitality,France,2024-12-05,Ryuk,Malicious Attachment,3310121,Negotiated,Yes,60,1283319,3496518,13.59
RA-102073,Wilcox-Jimenez,Healthcare,Brazil,2022-09-13,Ryuk,Zero-Day Exploit,4880572,Not Paid,No,19,2136978,5520772,9.87
RA-102074,Williamson PLC,Technology,Australia,2024-05-23,LockBit,Malicious Attachment,1586793,Unknown,Yes,46,1885185,2787037,10.37
RA-102075,Kelly Ltd,Education,India,2023-07-19,BlackCat,Phishing Email,1596929,Negotiated,Yes,9,1417299,2415046,4.36
RA-102076,"Odom, Collins and Kaufman",Education,Australia,2022-06-08,Hive,Drive-by Download,1820648,Negotiated,No,51,3447278,3226228,12.92
RA-102077,Wood and Sons,Transportation,United States,2024-10-11,Hive,Drive-by Download,1274243,Unknown,Yes,7,4317608,3067137,6.64
RA-102078,Hamilton Inc,Retail,South Africa,2025-02-24,Akira,Credential Theft,3423893,Unknown,No,10,2014222,4952975,6.94
RA-102079,Burgess-Garrett,Government,United Kingdom,2022-03-28,REvil,Zero-Day Exploit,1691220,Not Paid,No,36,2842457,3389423,9.93
RA-102080,Cervantes PLC,Government,Germany,2024-09-27,REvil,RDP Exploit,488210,Paid,Yes,24,4459725,992823,8.55
RA-102081,Guzman-Morris,Transportation,Brazil,2021-06-08,Ryuk,Phishing Email,665062,Negotiated,No,46,3069024,2454158,10.63
RA-102082,Dominguez PLC,Hospitality,Canada,2023-01-28,DarkSide,Malicious Attachment,3921678,Unknown,No,50,3275048,5852957,14.7
RA-102083,"Sampson, Brown and Love",Government,Australia,2024-04-16,Conti,Zero-Day Exploit,2255253,Negotiated,No,47,2814507,4251233,12.12
RA-102084,"Callahan, Taylor and Marshall",Hospitality,France,2025-10-22,Ryuk,Phishing Email,2277092,Unknown,Yes,26,3243632,4239945,9.42
RA-102085,"Arnold, Walker and Hampton",Manufacturing,Canada,2026-01-30,Maze,Phishing Email,2356806,Paid,No,9,663459,2738176,4.37
RA-102086,Faulkner-Taylor,Manufacturing,United Kingdom,2026-03-11,Ryuk,Credential Theft,2574845,Not Paid,No,33,734424,4293533,8.26
RA-102087,Singh-White,Retail,Brazil,2025-05-30,Clop,Phishing Email,3118983,Not Paid,Yes,37,3198565,3961709,11.87
RA-102088,Simpson-Morton,Hospitality,South Africa,2023-07-18,REvil,RDP Exploit,2321798,Unknown,Yes,9,2009988,3103429,5.68
RA-102089,Noble-Dougherty,Transportation,Japan,2025-07-25,Conti,RDP Exploit,2403430,Not Paid,No,4,2221167,3777973,5.22
RA-102090,Valdez PLC,Retail,Germany,2025-07-31,LockBit,Zero-Day Exploit,980963,Unknown,Yes,20,2657064,2849314,6.64
RA-102091,"Bennett, Perkins and Young",Healthcare,United States,2024-09-09,Hive,Drive-by Download,3846124,Paid,No,15,874610,5759206,6.97
RA-102092,"Orr, Woodward and Schneider",Finance,South Africa,2023-12-24,Maze,Drive-by Download,2993591,Unknown,Yes,59,1401099,3301572,13.24
RA-102093,"Wilson, Smith and Sanders",Government,Australia,2026-02-20,REvil,Drive-by Download,4677298,Not Paid,No,18,2670492,5015331,10.05
RA-102094,"Hardy, Roberts and Dorsey",Retail,Brazil,2025-12-27,LockBit,Phishing Email,4245323,Unknown,Yes,52,3864351,4800082,15.91
RA-102095,"Jones, Morrison and Curtis",Transportation,India,2024-08-09,Maze,Drive-by Download,1377381,Not Paid,Yes,56,212458,2837563,9.99
RA-102096,Sweeney PLC,Hospitality,India,2026-01-28,Ryuk,Drive-by Download,3735494,Negotiated,No,30,3799857,4022437,12.04
RA-102097,"Allen, Spears and White",Retail,United States,2022-01-21,LockBit,Drive-by Download,1640604,Negotiated,Yes,30,28665,1884384,6.17
RA-102098,Burke-Moran,Healthcare,Australia,2025-07-25,Maze,Drive-by Download,3690353,Paid,Yes,60,4504865,3832225,17.2
RA-102099,"Farmer, Johnson and Warren",Education,South Africa,2021-02-21,REvil,RDP Exploit,1279926,Negotiated,No,31,1494793,2819773,7.42
RA-102100,"Pena, Garner and White",Hospitality,Canada,2024-09-18,Conti,Credential Theft,1639667,Paid,Yes,8,3568803,1705178,6.41
RA-102101,"Lambert, Dickerson and Thompson",Education,United States,2025-04-12,Conti,Phishing Email,3343632,Not Paid,No,34,728605,4390415,9.17
RA-102102,Mathews PLC,Technology,United Kingdom,2024-06-28,LockBit,Credential Theft,2906310,Not Paid,No,23,1293411,4002839,7.65
RA-102103,"Randall, Johnson and Brandt",Manufacturing,Japan,2025-05-25,Maze,Drive-by Download,2069698,Not Paid,Yes,23,1072336,3587836,6.59
RA-102104,Henry-Holmes,Hospitality,Germany,2021-10-31,Hive,Credential Theft,1422473,Not Paid,Yes,10,3713685,1908189,6.64
RA-102105,"Phillips, Mccarthy and Johnson",Government,Australia,2022-08-12,Conti,RDP Exploit,3055018,Not Paid,No,55,3973627,4514548,15.28
RA-102106,Parsons-Smith,Energy,India,2023-05-25,BlackCat,Phishing Email,735711,Unknown,Yes,33,2936180,818604,8.62
RA-102107,"Tucker, Gibbs and Ramirez",Finance,France,2023-11-14,Clop,RDP Exploit,1577340,Unknown,Yes,25,4176235,3239711,9.5
RA-102108,Rivera PLC,Technology,South Africa,2021-07-22,Maze,Drive-by Download,123778,Not Paid,Yes,32,1046002,460872,5.97
RA-102109,"Johnson, Ingram and Rowland",Technology,Canada,2024-12-17,Hive,Malicious Attachment,756959,Unknown,No,55,4135642,2164124,13.14
RA-102110,Wilson PLC,Education,Germany,2022-02-15,Conti,Drive-by Download,2725524,Not Paid,Yes,29,2203414,3010301,9.28
RA-102111,"Wise, Mckinney and Hall",Hospitality,Canada,2021-11-27,REvil,RDP Exploit,4269418,Negotiated,Yes,2,890387,5861470,5.46
RA-102112,Barnes Group,Healthcare,India,2025-01-09,Clop,Credential Theft,1549614,Negotiated,Yes,12,2967477,2409017,6.32
RA-102113,Walker and Sons,Energy,Germany,2023-02-01,BlackCat,Drive-by Download,418633,Paid,Yes,58,3268396,936653,12.39
RA-102114,"Burch, Pierce and Wade",Finance,Germany,2022-07-11,LockBit,Zero-Day Exploit,3333765,Negotiated,Yes,44,4125418,3922116,14.06
RA-102115,Burnett and Sons,Transportation,Australia,2025-10-21,Clop,Phishing Email,4693313,Paid,Yes,20,1023717,6073175,8.72
RA-102116,"Thomas, Zimmerman and Harris",Healthcare,France,2025-05-06,REvil,Drive-by Download,3237690,Unknown,Yes,12,3366386,4634113,8.4
RA-102117,Murphy-Rodriguez,Finance,Australia,2024-03-15,REvil,Zero-Day Exploit,3977228,Paid,No,43,3065087,4796972,13.49
RA-102118,Armstrong LLC,Education,South Africa,2022-10-15,Maze,Phishing Email,2114123,Unknown,No,37,610131,3800339,8.27
RA-102119,"Nguyen, Anderson and Schwartz",Technology,Canada,2021-05-28,LockBit,Credential Theft,655059,Paid,No,37,2870857,1357010,9.08
RA-102120,"Carter, Smith and Hernandez",Transportation,Brazil,2024-04-28,Maze,RDP Exploit,1779358,Paid,No,38,2693183,2734878,10.17
RA-102121,"Martinez, Acevedo and Carlson",Retail,United Kingdom,2025-07-04,Ryuk,RDP Exploit,9428,Paid,Yes,52,1150076,57512,8.96
RA-102122,Moon-Black,Finance,United Kingdom,2024-06-29,REvil,Phishing Email,4166843,Not Paid,Yes,7,1140575,5705591,6.36
RA-102123,Patel-Cook,Transportation,Japan,2025-03-20,DarkSide,Zero-Day Exploit,3612071,Paid,No,58,3385185,4592543,15.7
RA-102124,Brown LLC,Energy,Germany,2022-03-18,BlackCat,Credential Theft,627378,Not Paid,Yes,11,3576687,1666134,5.85
RA-102125,Swanson-Martinez,Manufacturing,Japan,2023-06-16,Hive,Credential Theft,3271552,Unknown,No,44,237651,4247043,10.11
RA-102126,Daniel-Ibarra,Hospitality,Canada,2022-12-23,Conti,Phishing Email,1995041,Paid,No,54,1744971,3977841,11.84
RA-102127,Patterson-Daniels,Hospitality,Australia,2022-11-05,Clop,RDP Exploit,2595122,Paid,Yes,13,259116,3679900,4.8
RA-102128,Edwards-Alvarez,Manufacturing,United States,2021-04-04,Maze,Zero-Day Exploit,1334926,Unknown,No,8,4916608,1490160,7.45
RA-102129,Hall-Fox,Retail,Brazil,2022-08-03,LockBit,Drive-by Download,4728124,Paid,Yes,41,3826100,6414882,14.7
RA-102130,Peterson-Smith,Retail,Canada,2021-10-15,Hive,Drive-by Download,3535470,Unknown,No,36,3894655,4375193,12.83
RA-102131,Clayton-Stone,Energy,Canada,2023-04-02,BlackCat,Zero-Day Exploit,2502656,Not Paid,No,37,3756737,3756447,11.81
RA-102132,"Mckenzie, Webb and Buckley",Manufacturing,United States,2025-12-29,LockBit,Zero-Day Exploit,2920533,Not Paid,No,28,283422,3469357,7.4
RA-102133,Dunlap and Sons,Hospitality,India,2022-10-07,REvil,Credential Theft,1855449,Unknown,Yes,31,1670941,1944375,8.18
RA-102134,Ortiz-Bradley,Hospitality,Australia,2023-08-10,Clop,Credential Theft,3707559,Unknown,Yes,6,922091,5568781,5.53
RA-102135,"Williams, Palmer and Jordan",Energy,United States,2022-10-20,Clop,Malicious Attachment,1732119,Negotiated,Yes,4,3111952,2986913,5.44
RA-102136,Contreras-King,Government,India,2021-11-27,REvil,RDP Exploit,4442709,Paid,No,11,3881278,5319934,9.97
RA-102137,Joyce Ltd,Transportation,Japan,2024-06-11,Maze,Credential Theft,2437535,Unknown,No,59,4400094,3749373,15.69
RA-102138,Green PLC,Retail,Australia,2026-03-05,REvil,Malicious Attachment,2368011,Not Paid,No,27,3645994,2898133,10.06
RA-102139,Duarte and Sons,Retail,Japan,2024-12-23,BlackCat,Zero-Day Exploit,2164209,Not Paid,Yes,51,612417,3834539,10.43
RA-102140,Foster-Collins,Retail,Germany,2025-09-04,Akira,Malicious Attachment,2173276,Unknown,No,18,4851394,3128861,9.72
RA-102141,Lee-Johnston,Education,Germany,2021-02-05,LockBit,Credential Theft,4415935,Negotiated,No,49,4709105,4785255,16.48
RA-102142,Harris-Hurst,Transportation,France,2021-09-20,Akira,Malicious Attachment,4006601,Paid,Yes,47,1833231,5223762,12.89
RA-102143,Fleming and Sons,Education,United States,2021-11-19,Clop,Phishing Email,874154,Unknown,Yes,1,4790053,1818525,5.81
RA-102144,Dixon and Sons,Government,Canada,2023-09-08,Ryuk,Malicious Attachment,2746594,Negotiated,No,20,4350198,3485873,10.1
RA-102145,Crawford-Price,Government,United States,2025-06-28,LockBit,Malicious Attachment,4917411,Negotiated,No,9,1054220,5005618,7.32
RA-102146,Johnson-Allen,Hospitality,Germany,2025-10-04,Akira,Phishing Email,2558380,Paid,Yes,25,537711,2879558,6.85
RA-102147,"Gallegos, Diaz and Dominguez",Finance,Germany,2026-01-12,DarkSide,Malicious Attachment,2989427,Unknown,No,7,1143974,4632657,5.18
RA-102148,Clark-Clark,Hospitality,Australia,2023-12-19,DarkSide,Phishing Email,4995429,Unknown,Yes,26,1596574,5699098,10.49
RA-102149,Burns-Paul,Finance,Canada,2026-03-05,Maze,Credential Theft,4817243,Negotiated,Yes,40,1832179,6807755,12.65
RA-102150,Stevenson and Sons,Finance,South Africa,2022-06-16,Conti,Credential Theft,2750222,Negotiated,Yes,26,3253926,3224295,9.9
RA-102151,"Ellis, Anderson and Peterson",Technology,United Kingdom,2025-12-18,Clop,Phishing Email,1722177,Not Paid,Yes,19,1539973,2131671,6.11
RA-102152,Dennis LLC,Technology,Germany,2022-09-27,BlackCat,Phishing Email,3842950,Negotiated,Yes,19,1536151,4408953,8.23
RA-102153,"Moses, Taylor and Peterson",Transportation,India,2024-09-20,Hive,Phishing Email,3786267,Paid,No,46,4860841,4668022,15.55
RA-102154,Fischer and Sons,Hospitality,United States,2024-12-26,Clop,Drive-by Download,1186688,Paid,No,37,2353773,1996602,9.09
RA-102155,Crawford Group,Government,United States,2023-06-17,REvil,RDP Exploit,2404530,Negotiated,Yes,5,3907649,2967121,7.06
RA-102156,Hays-Best,Healthcare,United Kingdom,2021-11-14,Clop,Credential Theft,1920797,Negotiated,No,35,3075470,3917322,10.25
RA-102157,Oconnell-Clarke,Manufacturing,United Kingdom,2023-03-12,Conti,RDP Exploit,2843205,Not Paid,Yes,12,3762018,4429437,8.41
RA-102158,"Jackson, Wilson and Wilson",Education,Australia,2024-07-01,Ryuk,Credential Theft,1966031,Paid,Yes,1,1143401,2010092,3.26
RA-102159,Watson Group,Government,Canada,2022-02-23,Ryuk,Zero-Day Exploit,88557,Unknown,Yes,15,184368,558797,2.52
RA-102160,Freeman-Conner,Energy,Australia,2025-02-12,LockBit,Zero-Day Exploit,1035588,Unknown,Yes,43,3588547,2688314,11.07
RA-102161,"Durham, Lopez and Carney",Manufacturing,Germany,2025-05-09,LockBit,RDP Exploit,4018010,Negotiated,No,40,2914079,5602769,12.93
RA-102162,"Hill, Frederick and Ingram",Government,Japan,2022-03-08,Hive,Malicious Attachment,475181,Unknown,Yes,6,1451677,2394082,2.83
RA-102163,Jones-Goodwin,Education,United States,2022-04-27,Clop,Credential Theft,248633,Negotiated,No,14,2272181,1761743,4.62
RA-102164,"Jensen, Manning and Gonzales",Energy,United Kingdom,2021-05-20,Clop,Drive-by Download,4883207,Not Paid,No,52,137551,5083768,12.82
RA-102165,Henry and Sons,Technology,Canada,2021-04-17,Hive,Zero-Day Exploit,3136466,Paid,No,4,3685606,4854227,7.42
RA-102166,"Thompson, Brown and Wright",Finance,Japan,2024-08-08,Akira,RDP Exploit,4158973,Negotiated,Yes,21,2184913,5037026,9.49
RA-102167,Cooper LLC,Transportation,Brazil,2023-03-03,Clop,Drive-by Download,3022891,Unknown,Yes,41,4543571,3509762,13.72
RA-102168,Monroe PLC,Education,Australia,2022-11-27,Akira,Phishing Email,4247867,Negotiated,No,56,537717,4635100,13.19
RA-102169,Thompson-Carr,Transportation,United Kingdom,2023-03-19,Conti,Zero-Day Exploit,4482641,Not Paid,Yes,19,2136866,6411237,9.47
RA-102170,Green Ltd,Education,South Africa,2023-07-14,Clop,Phishing Email,4815056,Paid,Yes,50,640227,6491094,12.96
RA-102171,"Watts, Nelson and Dyer",Government,Australia,2021-09-02,Hive,Zero-Day Exploit,4458644,Paid,Yes,30,4307757,4556648,13.27
RA-102172,"Marsh, Sanders and Shaw",Healthcare,Germany,2023-07-20,Akira,RDP Exploit,420099,Negotiated,Yes,56,4066320,1041100,12.89
RA-102173,Hall-Reyes,Hospitality,Australia,2024-04-18,BlackCat,Zero-Day Exploit,2117412,Paid,Yes,45,2977717,2501130,11.85
RA-102174,Wise-Morris,Technology,Canada,2021-12-26,Conti,RDP Exploit,1197062,Unknown,Yes,58,4129224,3189597,14.03
RA-102175,"Thompson, Villanueva and Arnold",Education,South Africa,2021-12-01,Ryuk,RDP Exploit,185053,Unknown,No,24,2426600,508899,6.21
RA-102176,Massey-Sanchez,Government,Germany,2024-11-04,LockBit,Drive-by Download,2191684,Not Paid,Yes,38,3208743,3984257,11.1
RA-102177,Roberts-Ruiz,Healthcare,Canada,2022-08-17,Hive,Credential Theft,2474838,Unknown,No,20,3714731,4324478,9.19
RA-102178,Valdez LLC,Education,United States,2021-01-25,Maze,Credential Theft,2277995,Unknown,No,30,174663,3975026,6.95
RA-102179,Brown Group,Retail,Japan,2021-05-27,Clop,Zero-Day Exploit,2632494,Unknown,Yes,13,3759832,3684432,8.34
RA-102180,Vaughn LLC,Education,Brazil,2021-11-24,DarkSide,Zero-Day Exploit,2660266,Negotiated,Yes,27,1956083,3232318,8.67
RA-102181,Alexander-Shields,Technology,South Africa,2021-11-24,Ryuk,Malicious Attachment,3013932,Paid,Yes,37,1288682,3060709,9.85
RA-102182,"Snyder, Lee and Ward",Education,United Kingdom,2025-07-16,Akira,Malicious Attachment,1127573,Paid,Yes,2,3094535,2338621,4.52
RA-102183,"Dawson, Bryant and Ward",Hospitality,Australia,2022-10-23,Maze,Drive-by Download,3448630,Unknown,Yes,14,352769,3776631,5.9
RA-102184,"Hawkins, Hansen and Dudley",Technology,United Kingdom,2023-06-12,Akira,Drive-by Download,2054871,Negotiated,Yes,30,1293366,3419112,7.85
RA-102185,Perez Inc,Retail,Japan,2021-03-29,Hive,Phishing Email,3624386,Negotiated,Yes,25,637615,4337402,8.01
RA-102186,Jones-Hughes,Transportation,United States,2022-02-03,LockBit,Malicious Attachment,1722674,Not Paid,Yes,47,897422,2200412,9.67
RA-102187,Smith Ltd,Education,South Africa,2021-05-12,Maze,Drive-by Download,707193,Negotiated,Yes,12,1273826,915082,3.78
RA-102188,Walker-Blackwell,Technology,France,2024-12-27,Ryuk,Credential Theft,3129668,Unknown,No,35,1289040,4963624,9.67
RA-102189,Haas-Morgan,Transportation,Australia,2022-09-03,REvil,Credential Theft,75767,Paid,No,7,4889392,315898,6.02
RA-102190,Webb-Maddox,Healthcare,United States,2022-09-26,Ryuk,RDP Exploit,2568514,Unknown,No,49,1120526,4334190,11.04
RA-102191,Estes Group,Manufacturing,France,2024-07-31,Maze,Drive-by Download,4404132,Unknown,No,31,2051550,6158770,11.11
RA-102192,"Webster, Jones and Anderson",Finance,Japan,2022-08-01,Ryuk,Drive-by Download,3354535,Not Paid,Yes,48,2607214,4989976,13.16
RA-102193,Carter LLC,Technology,United Kingdom,2022-08-30,Clop,Phishing Email,1517403,Not Paid,Yes,8,1182133,3026571,3.9
RA-102194,Rodriguez Ltd,Retail,United Kingdom,2021-02-05,Akira,Malicious Attachment,2568879,Not Paid,Yes,45,536667,2674240,9.86
RA-102195,"Freeman, Ross and Cox",Finance,South Africa,2022-07-31,DarkSide,Credential Theft,4078487,Unknown,Yes,33,4767781,5708506,13.8
RA-102196,Williams and Sons,Retail,Japan,2025-08-18,Hive,Phishing Email,3412882,Not Paid,Yes,38,4983448,4708365,14.1
RA-102197,Robinson-Graham,Technology,India,2021-08-16,Ryuk,Phishing Email,4614982,Not Paid,Yes,2,478360,5084971,5.39
RA-102198,Mcdonald Ltd,Education,France,2021-05-08,Maze,RDP Exploit,50152,Unknown,Yes,23,1650210,1628812,5.15
RA-102199,Vang-Perry,Healthcare,Australia,2025-11-23,Clop,Malicious Attachment,813336,Not Paid,Yes,1,2699264,2148334,3.66
RA-102200,Ray Inc,Education,India,2024-02-01,Akira,RDP Exploit,21030,Paid,Yes,60,2980388,1191071,12.0
RA-102201,"Patterson, Ayers and Shields",Energy,India,2023-07-13,Conti,RDP Exploit,3344568,Not Paid,Yes,35,3625619,3698530,12.22
RA-102202,Jordan-Mckee,Government,Germany,2025-12-12,DarkSide,Zero-Day Exploit,4212739,Paid,No,40,3232771,5634489,13.45
RA-102203,Salas Ltd,Technology,United Kingdom,2024-07-24,Ryuk,Zero-Day Exploit,961676,Paid,Yes,57,4549502,2886482,14.06
RA-102204,"Pace, Moore and Bradford",Finance,Germany,2023-06-08,Clop,Drive-by Download,4636769,Not Paid,Yes,20,911607,4648489,8.55
RA-102205,Rodriguez Inc,Transportation,France,2026-01-18,Conti,Malicious Attachment,1897544,Not Paid,No,46,1278142,2115475,10.08
RA-102206,Davis-Hernandez,Healthcare,India,2025-02-18,DarkSide,Zero-Day Exploit,536004,Unknown,Yes,34,4000381,1228347,9.64
RA-102207,Mcclure Inc,Hospitality,United Kingdom,2024-08-25,LockBit,Drive-by Download,369474,Paid,No,28,3105848,2110718,7.68
RA-102208,Young-Reed,Hospitality,Brazil,2022-05-22,Ryuk,Phishing Email,634651,Unknown,Yes,40,1069107,1624207,7.7
RA-102209,Mcdaniel-Romero,Transportation,Germany,2022-12-23,Hive,Drive-by Download,4982974,Negotiated,No,27,4861763,6782324,13.89
RA-102210,Sullivan PLC,Education,India,2024-09-15,Ryuk,Malicious Attachment,4178152,Unknown,No,12,139655,5690112,6.12
RA-102211,Jenkins LLC,Finance,United Kingdom,2025-04-14,Maze,Zero-Day Exploit,1437899,Not Paid,No,40,2968844,2653229,10.41
RA-102212,"Tanner, Gonzales and Calhoun",Education,Australia,2024-06-17,Maze,RDP Exploit,4259951,Negotiated,No,38,4743894,6138742,14.7
RA-102213,Thomas-Berger,Retail,United Kingdom,2024-07-10,Akira,Credential Theft,80769,Paid,No,49,3727474,1638832,11.16
RA-102214,Johnson LLC,Hospitality,Canada,2022-07-04,BlackCat,Zero-Day Exploit,3991094,Unknown,No,10,3456254,4888297,8.95
RA-102215,Lee-Miller,Hospitality,Brazil,2021-02-14,REvil,Drive-by Download,4723054,Unknown,No,1,4641062,6372705,9.51
RA-102216,Sanchez and Sons,Technology,Canada,2024-02-20,BlackCat,Credential Theft,2957314,Not Paid,No,44,4789815,3563380,14.35
RA-102217,"York, Griffin and Lynn",Energy,France,2021-08-19,Maze,RDP Exploit,3452327,Unknown,Yes,30,2034604,4068352,9.99
RA-102218,Kennedy Group,Healthcare,Canada,2023-02-19,REvil,Malicious Attachment,2462587,Paid,Yes,50,4901394,3591845,14.86
RA-102219,Scott-Kelly,Healthcare,Australia,2024-09-19,Clop,Phishing Email,4323200,Paid,Yes,52,3309393,6169966,15.43
RA-102220,Phelps Group,Technology,Canada,2023-03-28,Hive,Credential Theft,1175554,Paid,Yes,30,327964,2017510,6.0
RA-102221,Lee-Russell,Retail,Australia,2025-09-17,Hive,Phishing Email,4571457,Not Paid,Yes,12,2269718,5702681,8.64
RA-102222,Murphy and Sons,Healthcare,Australia,2024-02-14,DarkSide,Malicious Attachment,4531693,Not Paid,No,37,4660345,4940055,14.74
RA-102223,Hall LLC,Government,United States,2022-06-21,Clop,Zero-Day Exploit,894077,Negotiated,Yes,36,2916256,1776479,9.21
RA-102224,Johnson Group,Manufacturing,India,2021-04-07,Ryuk,Phishing Email,10300,Negotiated,Yes,14,385340,1445644,2.5
RA-102225,Johnson-Jackson,Transportation,Canada,2021-02-05,Akira,RDP Exploit,3003393,Unknown,No,25,2456148,3217008,9.21
RA-102226,Reynolds Group,Energy,United States,2023-06-04,BlackCat,Credential Theft,3770021,Unknown,Yes,37,434515,4834162,9.75
RA-102227,Barber-Adams,Government,India,2023-04-29,Maze,Drive-by Download,297925,Paid,Yes,2,948000,1631276,1.55
RA-102228,"White, Mills and Jackson",Retail,United Kingdom,2022-04-18,Akira,Credential Theft,2281528,Paid,No,59,2479994,2926998,13.61
RA-102229,"Johnston, Rose and Huang",Transportation,India,2023-09-19,Maze,RDP Exploit,2305649,Negotiated,Yes,43,2876923,3200520,11.63
RA-102230,King and Sons,Manufacturing,Australia,2023-02-13,Akira,Credential Theft,1194197,Unknown,No,51,1057450,1449205,9.9
RA-102231,Foley-Mercado,Education,United Kingdom,2021-10-08,Clop,Phishing Email,2650988,Paid,No,60,3569202,4271849,15.22
RA-102232,Clark and Sons,Healthcare,Canada,2022-04-29,DarkSide,Malicious Attachment,1812366,Unknown,No,60,2473860,2744225,13.29
RA-102233,Potter-Willis,Hospitality,Germany,2022-09-14,Akira,Zero-Day Exploit,4544779,Negotiated,Yes,19,2732104,5335685,10.13
RA-102234,"Meadows, Bell and Sims",Healthcare,Brazil,2021-07-17,BlackCat,RDP Exploit,1949145,Negotiated,No,35,1889417,2614588,9.09
RA-102235,"Lowery, Simmons and Gonzalez",Hospitality,United States,2025-02-01,LockBit,Drive-by Download,2921703,Not Paid,No,14,852612,3280300,5.87
RA-102236,"Gutierrez, Ward and Walker",Energy,Germany,2021-09-19,Clop,Drive-by Download,1555507,Unknown,No,6,570436,3514381,3.03
RA-102237,Pratt and Sons,Transportation,Germany,2021-11-18,Akira,Malicious Attachment,3575180,Negotiated,No,50,2270895,4709403,13.35
RA-102238,"Gordon, Harper and Holmes",Retail,United Kingdom,2024-02-09,Maze,RDP Exploit,2728982,Negotiated,Yes,11,1517973,3964674,5.9
RA-102239,"Mosley, Hurst and Davis",Manufacturing,Japan,2023-04-12,BlackCat,Zero-Day Exploit,975194,Paid,Yes,33,2748977,2011233,8.67
RA-102240,Maxwell Ltd,Retail,Japan,2022-11-20,BlackCat,Malicious Attachment,443098,Unknown,No,34,395737,1214936,5.94
RA-102241,Simpson Group,Manufacturing,Germany,2022-09-22,Maze,RDP Exploit,2263590,Negotiated,No,31,1932173,3877252,8.85
RA-102242,Brooks LLC,Energy,South Africa,2025-11-25,Maze,Credential Theft,4441939,Negotiated,No,47,2481421,4687103,13.97
RA-102243,Romero-Knight,Manufacturing,Germany,2022-02-13,DarkSide,Credential Theft,2185681,Paid,Yes,19,1704451,2272535,6.74
RA-102244,Tran and Sons,Finance,South Africa,2022-02-04,Conti,RDP Exploit,1051996,Not Paid,No,34,1826914,1945495,7.98
RA-102245,"Evans, Robinson and Garcia",Education,France,2021-03-18,BlackCat,Malicious Attachment,4308186,Not Paid,No,31,4244967,5440053,13.2
RA-102246,Young-Wilson,Transportation,India,2024-01-18,Clop,Malicious Attachment,3991416,Paid,No,13,80988,4599609,6.02
RA-102247,"Meyer, Oneal and Gray",Manufacturing,Germany,2022-01-07,Maze,Drive-by Download,1030315,Not Paid,No,29,2564745,1897198,7.95
RA-102248,Howard-Williams,Hospitality,South Africa,2025-07-22,Maze,Zero-Day Exploit,4298775,Unknown,Yes,4,851771,5382273,5.75
RA-102249,"Brown, Watts and Brown",Finance,Brazil,2022-08-23,DarkSide,Drive-by Download,2347236,Unknown,Yes,56,3200487,3398606,13.95
RA-102250,Long Inc,Government,Germany,2024-04-28,Ryuk,RDP Exploit,3339391,Negotiated,No,38,547913,4000329,9.59
RA-102251,"Coleman, Rogers and Heath",Hospitality,Japan,2024-07-12,Akira,Credential Theft,3612198,Paid,Yes,17,2864432,3732630,9.03
RA-102252,"Smith, Bell and Hudson",Manufacturing,Brazil,2021-08-18,Conti,Credential Theft,409534,Paid,Yes,35,4996165,1581573,10.66
RA-102253,"Ross, Jackson and Hernandez",Finance,France,2025-09-02,Akira,Zero-Day Exploit,2860319,Negotiated,No,11,798692,4347283,5.31
RA-102254,Jensen Ltd,Transportation,France,2021-12-15,REvil,Credential Theft,2478037,Unknown,No,25,2323202,4031797,8.55
RA-102255,Chapman-Brown,Energy,Australia,2023-06-17,Akira,Malicious Attachment,1436906,Not Paid,Yes,36,3111730,3174718,9.95
RA-102256,"Sexton, Jackson and Lane",Finance,Brazil,2025-09-22,Akira,Zero-Day Exploit,4973872,Paid,Yes,4,1502920,5284727,7.08
RA-102257,"Sawyer, Wilson and Roberts",Hospitality,Brazil,2022-09-05,BlackCat,Zero-Day Exploit,4441032,Paid,No,35,1573227,5791736,11.26
RA-102258,Hughes-Carrillo,Retail,Australia,2025-03-18,BlackCat,Malicious Attachment,4875421,Not Paid,No,34,2510380,6806211,12.49
RA-102259,Moore-Chaney,Finance,South Africa,2023-10-14,Clop,Drive-by Download,1346136,Not Paid,Yes,34,3281879,2453722,9.73
RA-102260,Abbott and Sons,Technology,France,2022-03-06,BlackCat,Phishing Email,4435553,Not Paid,No,33,2866646,6022580,12.25
RA-102261,Clark-Wilson,Manufacturing,Japan,2025-09-05,LockBit,Phishing Email,4524535,Not Paid,Yes,6,2307824,6516888,7.73
RA-102262,James LLC,Manufacturing,United Kingdom,2023-07-01,Hive,Zero-Day Exploit,3930955,Unknown,Yes,37,394314,4717753,9.88
RA-102263,Oneal-Stevenson,Transportation,France,2022-03-29,LockBit,Drive-by Download,3139561,Unknown,Yes,6,2626413,4710919,6.67
RA-102264,"Odom, Morris and Stewart",Technology,United States,2025-04-24,BlackCat,Phishing Email,2676074,Not Paid,Yes,13,1061565,4098158,5.69
RA-102265,Miller Ltd,Hospitality,Brazil,2021-01-22,REvil,RDP Exploit,2090573,Negotiated,No,55,4468193,2364080,14.81
RA-102266,Dunn Ltd,Hospitality,United States,2021-09-06,Hive,Malicious Attachment,2046361,Paid,Yes,47,3578612,2144991,12.67
RA-102267,"Bryant, Brennan and Silva",Education,Canada,2021-03-29,Conti,Drive-by Download,2382390,Unknown,Yes,21,511776,4236456,6.04
RA-102268,Lewis Inc,Transportation,Brazil,2023-04-01,Conti,Zero-Day Exploit,589508,Unknown,Yes,58,2879498,2555450,12.17
RA-102269,Roberts-Becker,Manufacturing,France,2026-02-17,Akira,Zero-Day Exploit,3694903,Not Paid,Yes,6,1820704,5152372,6.42
RA-102270,Mcgee Group,Healthcare,Australia,2022-12-25,Hive,Malicious Attachment,2034996,Unknown,Yes,52,506383,3522050,10.34
RA-102271,"Allen, Walls and Garner",Manufacturing,India,2023-01-22,Ryuk,RDP Exploit,2453624,Unknown,Yes,29,2066300,2643870,8.87
RA-102272,Hart-Bradley,Technology,Canada,2023-01-02,Conti,Zero-Day Exploit,2913475,Paid,Yes,51,970579,3135836,11.53
RA-102273,"Sosa, Garrett and Medina",Energy,United Kingdom,2025-09-13,DarkSide,Phishing Email,4266900,Not Paid,No,59,2013233,5265784,15.13
RA-102274,Hamilton-Mendoza,Government,Canada,2025-04-18,Clop,Credential Theft,3177658,Paid,No,27,39408,3907223,7.27
RA-102275,Spencer-Gibbs,Technology,South Africa,2025-07-12,LockBit,Phishing Email,2143150,Unknown,No,17,576296,3866523,5.27
RA-102276,Holder PLC,Retail,India,2024-07-23,REvil,Phishing Email,1722464,Negotiated,Yes,22,4491471,3561584,9.51
RA-102277,"Dennis, Reynolds and Lester",Healthcare,United Kingdom,2021-03-18,DarkSide,RDP Exploit,1589686,Paid,No,43,4699536,2746540,12.74
RA-102278,Simpson-Jones,Education,France,2021-10-20,BlackCat,Malicious Attachment,4086950,Negotiated,No,27,1749381,4982410,9.89
RA-102279,"Thompson, Sawyer and Burns",Hospitality,Australia,2023-07-18,Conti,Phishing Email,978575,Unknown,Yes,34,4857201,1470745,10.94
RA-102280,Velasquez Inc,Hospitality,United States,2023-05-07,Akira,RDP Exploit,4159853,Not Paid,No,26,2182209,5627735,10.24
RA-102281,Phillips and Sons,Manufacturing,Australia,2024-06-10,BlackCat,Drive-by Download,4276038,Not Paid,No,30,2261856,6113011,11.04
RA-102282,Mcclure-Harper,Energy,Canada,2024-01-07,Conti,Phishing Email,3810697,Unknown,Yes,9,4118570,4079246,9.28
RA-102283,"Perez, James and Williams",Retail,United States,2025-06-04,Conti,Malicious Attachment,891326,Not Paid,Yes,49,3219206,2661137,11.46
RA-102284,Rubio-Green,Energy,Australia,2023-11-05,Hive,RDP Exploit,4144087,Not Paid,Yes,14,4600217,5139524,10.84
RA-102285,Meyer-Krueger,Healthcare,Canada,2023-04-09,BlackCat,RDP Exploit,2387068,Paid,Yes,49,3983819,3339752,13.72
RA-102286,Jones-Owen,Technology,United States,2024-06-29,Clop,Credential Theft,950539,Not Paid,No,23,1619112,2035646,6.02
RA-102287,"Rivera, Rich and Knapp",Retail,South Africa,2021-09-30,Clop,RDP Exploit,2929946,Paid,Yes,17,1399812,3022823,6.88
RA-102288,Robertson-Richards,Healthcare,Canada,2025-01-23,REvil,Phishing Email,2992178,Paid,Yes,29,3874171,3283092,11.22
RA-102289,Martin-Smith,Retail,South Africa,2024-12-19,Akira,RDP Exploit,4155246,Not Paid,No,45,4962508,5924474,15.87
RA-102290,Cook Ltd,Finance,United States,2023-01-31,Akira,Zero-Day Exploit,2019927,Negotiated,Yes,54,4620866,3378912,14.74
RA-102291,Sanchez-Johnson,Energy,United States,2024-07-23,Akira,Drive-by Download,1216674,Unknown,Yes,10,2324145,2367495,5.04
RA-102292,Stevenson Group,Government,United Kingdom,2025-03-05,Clop,Malicious Attachment,3274666,Paid,No,17,4817981,4137942,10.64
RA-102293,"Gibbs, Holmes and Kelly",Retail,United States,2025-09-21,REvil,Drive-by Download,2509396,Not Paid,Yes,51,1209343,2908464,11.37
RA-102294,Gutierrez LLC,Hospitality,United States,2023-05-09,LockBit,RDP Exploit,841166,Negotiated,No,7,4476004,2588524,6.37
RA-102295,Becker Inc,Healthcare,Brazil,2023-12-13,LockBit,RDP Exploit,3625700,Unknown,No,7,3200207,4086823,7.88
RA-102296,Duncan-Marsh,Healthcare,United States,2024-11-23,Akira,Malicious Attachment,1429681,Not Paid,No,4,1270524,3073437,3.3
RA-102297,Lambert-Taylor,Hospitality,Australia,2026-01-04,Conti,Zero-Day Exploit,3478760,Paid,Yes,47,1137108,3635725,11.67
RA-102298,Ross-Jenkins,Healthcare,South Africa,2022-11-26,DarkSide,RDP Exploit,3904413,Not Paid,No,31,2625637,3977380,11.18
RA-102299,"Dawson, Potter and Fuller",Energy,Germany,2025-06-23,Akira,Zero-Day Exploit,4728506,Paid,Yes,1,218177,6413144,5.1
RA-102300,Ramirez-Campbell,Education,South Africa,2025-03-22,BlackCat,RDP Exploit,295306,Unknown,Yes,42,3787313,665313,10.38
RA-102301,"Hampton, Lopez and Lucas",Technology,Brazil,2025-03-03,Clop,RDP Exploit,4277453,Paid,Yes,31,634031,5661267,9.56
RA-102302,Manning LLC,Technology,South Africa,2025-07-06,DarkSide,Phishing Email,2134748,Not Paid,Yes,21,2343270,3703941,7.63
RA-102303,Dixon Ltd,Government,India,2023-08-29,LockBit,RDP Exploit,57753,Not Paid,No,30,2154590,710306,6.71
RA-102304,Hogan-Harris,Finance,India,2022-08-24,LockBit,RDP Exploit,1110154,Negotiated,Yes,12,3024578,1422615,5.93
RA-102305,Hanson Ltd,Healthcare,Japan,2022-03-16,REvil,Malicious Attachment,4935095,Unknown,No,18,690332,5242714,8.33
RA-102306,Chavez-Gilbert,Education,India,2025-12-15,Maze,Malicious Attachment,1517420,Paid,Yes,25,189715,1964139,5.46
RA-102307,Davis-Campbell,Energy,Japan,2026-03-06,REvil,Drive-by Download,1100132,Paid,Yes,31,3430833,1275603,9.18
RA-102308,Esparza Ltd,Transportation,Australia,2022-07-08,BlackCat,Zero-Day Exploit,2898620,Paid,Yes,53,3012367,4134082,13.86
RA-102309,"Armstrong, Rodriguez and Miller",Transportation,Japan,2021-08-05,BlackCat,RDP Exploit,896714,Unknown,No,37,926538,1577108,7.37
RA-102310,"Young, Sharp and Harris",Technology,Canada,2025-04-01,DarkSide,Credential Theft,2400247,Unknown,No,47,4495224,4266008,13.95
RA-102311,Martin-Hall,Healthcare,France,2021-09-17,Hive,Malicious Attachment,1799272,Negotiated,No,30,3182479,1932558,9.48
RA-102312,Morgan Inc,Transportation,South Africa,2022-06-15,Akira,Phishing Email,203269,Paid,No,33,1935530,1132496,7.09
RA-102313,"Jimenez, Rowland and Anderson",Retail,United States,2022-08-21,LockBit,Zero-Day Exploit,4763469,Not Paid,No,9,719456,5690308,6.83
RA-102314,Bailey-Newman,Manufacturing,Germany,2024-05-30,REvil,Credential Theft,1077546,Negotiated,No,54,1655847,2734697,10.83
RA-102315,Castillo-Bowers,Finance,Germany,2022-07-08,Akira,Credential Theft,3771882,Unknown,No,3,4229381,4112645,8.45
RA-102316,Boone-Smith,Healthcare,United Kingdom,2022-07-16,BlackCat,RDP Exploit,3626307,Not Paid,No,12,1241900,5134545,6.67
RA-102317,"Hutchinson, Simon and Crawford",Manufacturing,United States,2024-11-06,Conti,RDP Exploit,1249738,Paid,Yes,56,122110,2013201,9.77
RA-102318,"Drake, Mcconnell and Lewis",Government,Canada,2021-02-12,Ryuk,Zero-Day Exploit,157452,Not Paid,Yes,36,4353763,957875,9.91
RA-102319,"Williams, Johnson and Smith",Hospitality,Japan,2024-06-07,BlackCat,Phishing Email,45510,Negotiated,Yes,1,4329946,1148319,4.53
RA-102320,Marshall-Weaver,Finance,India,2023-04-12,Akira,Drive-by Download,27230,Not Paid,Yes,2,4862515,1832127,5.19
RA-102321,Jones Group,Hospitality,France,2021-10-12,Akira,Drive-by Download,4152932,Unknown,Yes,13,3831565,5719363,9.93
RA-102322,"Miller, Gentry and Jenkins",Transportation,South Africa,2023-03-07,Hive,Zero-Day Exploit,79712,Unknown,No,35,2825705,719280,8.16
RA-102323,Turner and Sons,Hospitality,Japan,2023-03-07,Hive,Malicious Attachment,2059737,Not Paid,Yes,3,425085,2118092,2.93
RA-102324,Diaz Inc,Government,Brazil,2023-06-09,BlackCat,Phishing Email,1001069,Paid,No,57,811958,2527336,10.36
RA-102325,Bradley Group,Retail,Australia,2021-07-09,Hive,RDP Exploit,4663160,Negotiated,Yes,42,3098684,6129218,14.06
RA-102326,Meza Group,Healthcare,South Africa,2021-02-07,Maze,RDP Exploit,1591391,Negotiated,Yes,41,2179244,3289430,9.92
RA-102327,Schaefer Group,Manufacturing,India,2022-07-23,Akira,Credential Theft,3468429,Negotiated,No,27,251517,4414760,7.77
RA-102328,Williams LLC,Energy,United Kingdom,2024-04-06,LockBit,Phishing Email,2297927,Paid,Yes,56,3392637,3213775,14.09
RA-102329,Martinez Inc,Transportation,South Africa,2022-07-01,Hive,RDP Exploit,139485,Not Paid,Yes,52,1168458,1630787,9.11
RA-102330,"Turner, Ray and Mathis",Education,India,2023-11-18,Clop,Phishing Email,3752512,Negotiated,Yes,39,2424289,3764878,12.03
RA-102331,Frost Inc,Education,Brazil,2023-10-15,Conti,Malicious Attachment,2203485,Not Paid,No,45,2724398,4111060,11.68
RA-102332,"Ruiz, Murphy and Warner",Energy,United States,2022-10-01,LockBit,Malicious Attachment,1345243,Paid,Yes,60,1864629,2077587,12.21
RA-102333,Cochran PLC,Transportation,Australia,2024-06-23,BlackCat,Credential Theft,799411,Paid,No,50,4697835,1101941,13.0
RA-102334,"Garcia, Jenkins and Roman",Hospitality,United States,2021-05-23,REvil,Drive-by Download,1487178,Unknown,Yes,51,2746228,2222691,11.88
RA-102335,"Garcia, Wilson and Williams",Education,Germany,2025-12-15,LockBit,Malicious Attachment,270978,Unknown,No,4,3897852,1542656,4.77
RA-102336,Serrano-Gonzalez,Government,France,2021-02-18,Clop,Zero-Day Exploit,456157,Paid,Yes,6,1072053,1643828,2.43
RA-102337,"Charles, Shaw and Henderson",Technology,South Africa,2021-07-03,Maze,Phishing Email,1479558,Not Paid,Yes,13,1066730,2680317,4.5
RA-102338,Woods-Jenkins,Energy,India,2024-09-03,Ryuk,Malicious Attachment,2223719,Not Paid,No,35,3139631,2257895,10.61
RA-102339,Gonzalez LLC,Retail,United Kingdom,2022-10-02,Clop,Zero-Day Exploit,3208069,Unknown,Yes,47,386005,5053746,10.64
RA-102340,Woods PLC,Hospitality,South Africa,2025-10-12,Maze,RDP Exploit,2520288,Paid,No,25,211100,2754832,6.48
RA-102341,Cox-Lee,Education,Canada,2023-10-20,Conti,Malicious Attachment,1724310,Unknown,Yes,47,2593250,2765727,11.37
RA-102342,Cervantes-Stanley,Manufacturing,South Africa,2023-10-03,Clop,Zero-Day Exploit,3442922,Not Paid,No,35,1418420,3795139,10.11
RA-102343,"Fischer, Martin and Reid",Technology,India,2023-07-17,Maze,Drive-by Download,36820,Unknown,Yes,33,3288305,1823745,8.28
RA-102344,Bowen-Medina,Hospitality,Brazil,2025-10-19,Ryuk,Credential Theft,1095703,Unknown,No,18,642570,3048919,4.44
RA-102345,"Martin, Kelly and Robertson",Finance,United Kingdom,2025-06-07,Akira,Phishing Email,2466652,Not Paid,No,31,3918263,4217014,11.03
RA-102346,Curtis Ltd,Transportation,Canada,2021-01-31,Hive,Credential Theft,311179,Unknown,No,27,913225,2012063,5.27
RA-102347,Brown Ltd,Retail,Germany,2021-10-26,REvil,Phishing Email,1058223,Negotiated,No,16,2627470,2880360,6.09
RA-102348,"Martinez, Noble and Vaughn",Finance,United Kingdom,2025-12-05,BlackCat,Malicious Attachment,3179280,Unknown,No,36,1278191,5176277,9.86
RA-102349,Snow Group,Hospitality,United Kingdom,2024-05-23,LockBit,Zero-Day Exploit,2993696,Negotiated,No,11,2994138,3542198,7.64
RA-102350,Martinez Group,Hospitality,Brazil,2024-08-09,Conti,Credential Theft,742706,Paid,Yes,50,1037978,964676,9.28
RA-102351,Morgan-Farrell,Retail,Germany,2023-08-08,Maze,Drive-by Download,2094414,Negotiated,Yes,1,3599102,2594102,5.84
RA-102352,Miller PLC,Hospitality,India,2025-01-22,Hive,Phishing Email,548354,Unknown,No,34,4335476,1139742,9.98
RA-102353,"Ramos, Simpson and Cox",Finance,United States,2022-06-16,Clop,Phishing Email,158398,Not Paid,No,23,825032,1880845,4.43
RA-102354,"Robertson, Bishop and Stanley",Education,Germany,2022-09-29,LockBit,Phishing Email,1649782,Unknown,Yes,43,2340235,1832297,10.44
RA-102355,Johnson-Stafford,Government,Brazil,2022-09-29,Clop,Phishing Email,4433283,Unknown,Yes,28,35259,6170907,8.67
RA-102356,"Moore, Garcia and Ramos",Government,South Africa,2021-04-30,Akira,Zero-Day Exploit,1704831,Paid,Yes,11,524236,3180462,3.88
RA-102357,Walker-Anderson,Retail,Brazil,2021-07-03,BlackCat,RDP Exploit,2320444,Paid,No,3,110882,2770545,2.88
RA-102358,"Jones, Powers and Young",Transportation,India,2025-03-11,LockBit,Drive-by Download,834645,Paid,No,38,3914516,2442522,10.45
RA-102359,Thomas Inc,Hospitality,United States,2025-12-16,Hive,Malicious Attachment,1310167,Paid,No,49,2976198,2754079,11.64
RA-102360,"Santos, Hall and Welch",Manufacturing,United States,2025-09-28,BlackCat,Phishing Email,3919622,Not Paid,No,53,4394753,4618865,16.26
RA-102361,Turner-Stanley,Finance,United States,2022-11-29,DarkSide,RDP Exploit,1879492,Unknown,Yes,22,4446977,2236882,9.63
RA-102362,King-Murphy,Healthcare,Germany,2023-08-24,DarkSide,Phishing Email,1159287,Unknown,Yes,50,3925817,2424944,12.59
RA-102363,Dodson-Vincent,Hospitality,Brazil,2023-05-24,Clop,RDP Exploit,235605,Not Paid,No,36,4294947,478531,9.93
RA-102364,Brooks LLC,Government,Brazil,2022-05-30,Maze,RDP Exploit,4040941,Paid,No,32,1011887,5173911,9.85
RA-102365,"Walls, Mathews and Fitzgerald",Healthcare,United Kingdom,2025-12-04,REvil,Credential Theft,3521716,Paid,No,36,889647,5418461,9.81
RA-102366,Becker LLC,Healthcare,United Kingdom,2025-05-26,REvil,Drive-by Download,2956934,Negotiated,Yes,30,4198609,3032947,11.66
RA-102367,Galloway Ltd,Education,South Africa,2025-06-24,Ryuk,Credential Theft,1137071,Paid,No,14,3315792,1537608,6.55
RA-102368,Reyes and Sons,Energy,Canada,2024-05-18,Ryuk,Drive-by Download,3213027,Unknown,Yes,36,2956342,4999138,11.57
RA-102369,Williams Group,Technology,Japan,2023-03-08,BlackCat,RDP Exploit,3716824,Negotiated,Yes,44,2990700,3865850,13.31
RA-102370,Wilson-Griffith,Technology,Canada,2021-07-03,Clop,Zero-Day Exploit,2704907,Paid,Yes,4,968481,4473850,4.27
RA-102371,Gonzalez-Arellano,Healthcare,France,2023-09-11,REvil,RDP Exploit,85918,Negotiated,Yes,14,1657898,859236,3.84
RA-102372,Sullivan LLC,Government,Japan,2024-12-10,Clop,Malicious Attachment,948770,Negotiated,Yes,40,4514795,2774279,11.46
RA-102373,"Snyder, Fisher and Martin",Finance,India,2022-03-28,Akira,Phishing Email,202846,Paid,No,1,2528659,2127283,2.88
RA-102374,"Mejia, Moore and Miller",Manufacturing,South Africa,2025-10-24,Ryuk,Zero-Day Exploit,1922913,Negotiated,No,3,1236246,2144586,3.61
RA-102375,Rodriguez-Ross,Hospitality,Australia,2024-12-01,Conti,Malicious Attachment,2444421,Paid,Yes,26,2055879,2939048,8.4
RA-102376,Guerra LLC,Retail,Brazil,2021-01-07,Ryuk,Malicious Attachment,2738441,Not Paid,No,2,994079,4594908,4.03
RA-102377,Lee PLC,Finance,Australia,2023-11-02,DarkSide,RDP Exploit,4914078,Negotiated,No,51,3560949,6718239,16.13
RA-102378,Crosby Group,Finance,Brazil,2025-03-05,DarkSide,Malicious Attachment,937537,Paid,Yes,9,4580352,2563242,6.87
RA-102379,Lee LLC,Transportation,South Africa,2022-04-25,Maze,Malicious Attachment,4973365,Negotiated,Yes,24,4721101,6027223,13.29
RA-102380,Wheeler-Mills,Government,India,2023-02-10,LockBit,RDP Exploit,387641,Negotiated,No,49,3874460,734813,11.61
RA-102381,May Group,Energy,Brazil,2023-06-11,Clop,Phishing Email,3107205,Negotiated,Yes,50,2350450,4003988,12.96
RA-102382,Brown-Jackson,Healthcare,France,2023-06-24,DarkSide,Phishing Email,858504,Negotiated,No,2,3864669,1295430,5.02
RA-102383,Henderson-Miles,Government,Brazil,2025-07-08,LockBit,RDP Exploit,2216022,Paid,No,49,4032372,3340781,13.6
RA-102384,Hunter Ltd,Education,Brazil,2022-10-14,REvil,Phishing Email,2579427,Negotiated,No,15,4446702,2622867,9.28
RA-102385,Martinez-Vasquez,Healthcare,United Kingdom,2024-12-16,Akira,RDP Exploit,3855528,Negotiated,No,43,1519007,4669413,11.82
RA-102386,Cruz Group,Education,Brazil,2025-04-28,Clop,Credential Theft,3313695,Negotiated,Yes,44,4429933,4168483,14.34
RA-102387,"White, Charles and Spencer",Healthcare,Brazil,2023-07-08,Ryuk,Drive-by Download,3499857,Not Paid,Yes,28,2102886,3795293,9.8
RA-102388,Lambert-Flowers,Manufacturing,Germany,2023-09-07,Hive,Zero-Day Exploit,572051,Unknown,No,56,1732575,2559831,10.7
RA-102389,Perez-Jones,Transportation,India,2024-11-17,Hive,Zero-Day Exploit,1165674,Paid,No,23,1051866,1632618,5.67
RA-102390,"Hayes, Stokes and Kaiser",Transportation,India,2026-01-09,Akira,Drive-by Download,258416,Not Paid,Yes,52,2208369,1352669,10.27
RA-102391,Gordon Ltd,Government,Canada,2021-04-28,LockBit,Malicious Attachment,2811902,Paid,Yes,50,3108216,4452271,13.42
RA-102392,Clark LLC,Finance,Australia,2023-08-30,Akira,Zero-Day Exploit,1682845,Unknown,No,37,3507545,3249358,10.74
RA-102393,Lindsey-Bautista,Manufacturing,India,2025-05-10,DarkSide,Phishing Email,79109,Unknown,No,21,1609471,1518971,4.84
RA-102394,Chavez and Sons,Technology,South Africa,2023-10-21,Akira,Drive-by Download,2848745,Paid,Yes,23,2136603,3191741,8.44
RA-102395,"Ramirez, Powell and Wyatt",Education,Brazil,2025-08-30,Conti,Zero-Day Exploit,4425534,Not Paid,No,17,1234589,6207791,8.21
RA-102396,Ramirez-Hicks,Education,United Kingdom,2025-02-01,Clop,Zero-Day Exploit,1735083,Paid,Yes,12,500365,3226021,4.04
RA-102397,Cook-Clark,Manufacturing,Brazil,2025-04-09,Ryuk,Credential Theft,634240,Paid,No,54,3899028,2385153,12.63
RA-102398,"Ramos, Rodriguez and Gardner",Retail,United Kingdom,2021-08-07,Akira,Credential Theft,3552830,Negotiated,Yes,11,479980,5197429,5.68
RA-102399,Rogers-Wilcox,Hospitality,France,2022-08-15,Conti,Phishing Email,2254865,Negotiated,Yes,54,4634698,3112425,14.99
RA-102400,Hardy Group,Hospitality,United Kingdom,2021-08-01,Clop,Phishing Email,3568742,Not Paid,No,38,66064,4013545,9.33
RA-102401,Dawson Group,Retail,United Kingdom,2024-03-10,Ryuk,Malicious Attachment,4615320,Unknown,Yes,1,802515,6492799,5.57
RA-102402,Logan Ltd,Finance,Brazil,2021-05-05,DarkSide,Phishing Email,3547533,Not Paid,Yes,35,212107,5378598,9.01
RA-102403,Molina PLC,Manufacturing,United States,2023-03-31,LockBit,Malicious Attachment,1632542,Not Paid,Yes,29,330088,3505174,6.31
RA-102404,Reynolds Ltd,Retail,Canada,2022-01-14,Ryuk,Credential Theft,3471750,Not Paid,Yes,54,3849112,3866660,15.42
RA-102405,Watkins LLC,Energy,India,2025-11-03,Conti,Credential Theft,3700765,Paid,Yes,11,4724575,4295109,10.08
RA-102406,"Grant, King and Benson",Manufacturing,Canada,2024-02-27,LockBit,RDP Exploit,277724,Negotiated,No,48,3336237,1873657,10.81
RA-102407,Ray-Duncan,Energy,United Kingdom,2021-08-11,DarkSide,RDP Exploit,1841969,Paid,Yes,48,1886415,2118769,10.93
RA-102408,Mann Group,Manufacturing,United States,2026-01-07,REvil,Credential Theft,4808249,Unknown,Yes,8,3251664,5284254,9.26
RA-102409,Henry-Hall,Technology,Australia,2021-09-14,Clop,Zero-Day Exploit,3615851,Not Paid,No,46,3521480,4574943,14.04
RA-102410,Davis and Sons,Hospitality,Japan,2022-12-30,Maze,Phishing Email,1728095,Unknown,Yes,38,4104243,2293368,11.53
RA-102411,Garcia-Phillips,Healthcare,India,2023-11-02,DarkSide,Malicious Attachment,4586283,Unknown,Yes,28,2528029,6307694,11.31
RA-102412,"Lewis, Hernandez and Jones",Finance,Japan,2021-12-14,Clop,Credential Theft,379088,Paid,Yes,35,85911,1783919,5.71
RA-102413,Martin-Webb,Retail,Germany,2022-01-17,Akira,Phishing Email,657250,Negotiated,No,58,3115659,2295960,12.47
RA-102414,Taylor-Hamilton,Government,United Kingdom,2024-01-16,Clop,Malicious Attachment,4806826,Not Paid,Yes,59,290302,6043201,13.95
RA-102415,Simon PLC,Manufacturing,South Africa,2022-02-27,LockBit,RDP Exploit,1458856,Negotiated,No,1,1407479,1981984,3.02
RA-102416,Nguyen LLC,Retail,Australia,2022-12-06,LockBit,RDP Exploit,503111,Unknown,No,8,1897956,1221203,3.6
RA-102417,"Johnson, Wu and Byrd",Government,Germany,2024-11-24,Clop,Malicious Attachment,1751099,Not Paid,No,40,1624478,3344559,9.38
RA-102418,"Bryant, Phelps and Owens",Healthcare,France,2026-02-26,LockBit,Malicious Attachment,1374116,Not Paid,Yes,38,3579978,1661490,10.65
RA-102419,"Reed, Avila and Smith",Education,Japan,2021-09-16,LockBit,Zero-Day Exploit,2265442,Negotiated,No,49,2266893,2465162,11.88
RA-102420,"Wilson, Reed and Lawrence",Government,Brazil,2022-10-04,Ryuk,RDP Exploit,1128211,Paid,No,4,989153,1437354,2.72
RA-102421,Hopkins-Holmes,Education,South Africa,2023-07-31,LockBit,Zero-Day Exploit,2596996,Not Paid,No,38,3118105,3189700,11.42
RA-102422,Harris-Lynch,Energy,Australia,2024-08-05,Akira,Phishing Email,784358,Not Paid,Yes,37,1704241,2685332,8.04
RA-102423,"Moody, Spencer and Singleton",Energy,Australia,2023-03-22,Conti,Drive-by Download,3749159,Unknown,Yes,5,1921762,3968611,6.42
RA-102424,Carter PLC,Transportation,India,2023-05-18,REvil,Zero-Day Exploit,2304061,Paid,Yes,31,2671887,2631034,9.63
RA-102425,Brown-Thompson,Energy,Germany,2024-12-07,LockBit,Phishing Email,218111,Not Paid,No,57,3571327,480745,12.34
RA-102426,Kaufman Ltd,Education,South Africa,2022-10-08,BlackCat,Malicious Attachment,1157834,Not Paid,No,18,512513,1568498,4.37
RA-102427,Sanders-Fernandez,Government,United Kingdom,2022-12-28,BlackCat,Credential Theft,88324,Paid,No,21,789360,666454,4.03
RA-102428,Henderson-Farmer,Hospitality,Brazil,2022-05-02,Clop,Malicious Attachment,419140,Unknown,Yes,34,3704648,1446498,9.22
RA-102429,"Ellison, Rivera and Hall",Finance,France,2023-02-06,Hive,RDP Exploit,2113260,Negotiated,No,56,1101459,2444806,11.61
RA-102430,Garcia PLC,Education,United States,2024-12-05,REvil,Credential Theft,4532336,Unknown,No,51,918328,5781125,13.1
RA-102431,Stark-Jones,Hospitality,Germany,2021-03-26,Conti,RDP Exploit,3624030,Not Paid,No,32,3206257,5373648,11.63
RA-102432,Merritt LLC,Manufacturing,Brazil,2022-12-27,Hive,Drive-by Download,804224,Negotiated,No,23,479591,1162202,4.73
RA-102433,"Watson, Martin and Chambers",Transportation,Australia,2022-07-18,Hive,Credential Theft,485919,Not Paid,Yes,57,4360207,1195410,13.4
RA-102434,"Jones, Graham and Soto",Energy,United Kingdom,2025-05-06,Ryuk,RDP Exploit,2694714,Paid,No,45,3667961,4194953,13.11
RA-102435,"Russell, Hall and Owens",Education,Australia,2023-03-26,REvil,RDP Exploit,4050448,Negotiated,No,9,4903250,5693958,10.3
RA-102436,Johnston Ltd,Education,United Kingdom,2021-06-14,Clop,Malicious Attachment,4917387,Paid,Yes,26,1415870,6092248,10.23
RA-102437,Campbell LLC,Retail,Brazil,2023-12-29,Clop,Credential Theft,1543059,Unknown,Yes,23,3403651,1905386,8.4
RA-102438,"Lindsey, Terrell and Mcgee",Healthcare,South Africa,2024-04-21,Clop,RDP Exploit,2118526,Not Paid,No,57,1512399,3483535,12.18
RA-102439,Sanchez-Becker,Hospitality,United States,2021-06-28,LockBit,Credential Theft,2416502,Unknown,No,37,4810108,2793510,12.78
RA-102440,Dean-Thomas,Technology,United States,2021-12-15,REvil,Malicious Attachment,3724374,Paid,No,3,1127351,4594016,5.3
RA-102441,Bruce Group,Retail,United States,2023-06-01,LockBit,Drive-by Download,1634112,Not Paid,Yes,12,560067,2644902,3.99
RA-102442,Nixon LLC,Manufacturing,Germany,2021-04-13,Hive,Credential Theft,713016,Not Paid,Yes,37,1842288,1238098,8.11
RA-102443,Walters-Reynolds,Finance,Japan,2021-11-25,Conti,Zero-Day Exploit,2503787,Paid,Yes,54,3889732,2710177,14.49
RA-102444,Pruitt PLC,Energy,Brazil,2023-05-10,LockBit,Malicious Attachment,183406,Unknown,No,60,4436638,494486,13.62
RA-102445,"Collins, Dominguez and Robinson",Healthcare,Brazil,2023-03-31,Ryuk,RDP Exploit,935273,Unknown,No,60,3506414,2687908,13.44
RA-102446,"Robinson, Gray and Smith",Healthcare,Japan,2022-03-24,Maze,RDP Exploit,4415072,Unknown,Yes,46,2969571,4446721,14.28
RA-102447,White-Villegas,Technology,United Kingdom,2022-02-14,Conti,Drive-by Download,2281474,Paid,Yes,28,756179,3224062,7.24
RA-102448,"Montoya, Cole and Patton",Healthcare,Japan,2025-11-12,REvil,Malicious Attachment,1667851,Paid,No,51,3442504,1918323,12.76
RA-102449,Walsh Inc,Manufacturing,Canada,2022-09-06,REvil,Phishing Email,1156058,Not Paid,No,13,831761,1982037,3.94
RA-102450,Dunn-Gonzalez,Manufacturing,Brazil,2022-01-01,Ryuk,Phishing Email,3896659,Unknown,Yes,31,3257912,5004222,11.8
RA-102451,Larson-Pena,Hospitality,United States,2025-06-07,REvil,Zero-Day Exploit,2110606,Paid,No,39,2452236,2498220,10.41
RA-102452,"Harris, Lopez and Butler",Energy,United States,2022-11-03,BlackCat,Zero-Day Exploit,2858644,Not Paid,Yes,7,4291687,4023082,8.2
RA-102453,"Conrad, Buck and Escobar",Transportation,Germany,2022-09-06,DarkSide,Malicious Attachment,1538035,Negotiated,No,3,1415258,2149982,3.4
RA-102454,"Duran, Miller and Martinez",Manufacturing,India,2021-06-09,Maze,RDP Exploit,4167513,Unknown,No,11,1837408,4740951,7.65
RA-102455,Nicholson Inc,Manufacturing,Canada,2023-07-08,Hive,Malicious Attachment,4788793,Not Paid,No,49,90531,5145888,12.23
RA-102456,Lee Inc,Healthcare,Canada,2025-09-21,DarkSide,RDP Exploit,1152691,Not Paid,No,27,4692787,2353495,9.9
RA-102457,"Hicks, Green and Wiley",Hospitality,Australia,2025-02-12,Conti,Credential Theft,2238218,Negotiated,No,5,101500,2254955,3.09
RA-102458,Duarte-Nelson,Retail,Germany,2023-09-14,Maze,Credential Theft,2252449,Paid,Yes,12,766569,3082047,4.82
RA-102459,Foster LLC,Retail,India,2024-04-06,LockBit,Malicious Attachment,1853635,Unknown,No,31,4476517,2026484,10.98
RA-102460,Kelly Group,Transportation,France,2025-02-18,REvil,Malicious Attachment,792381,Not Paid,No,19,1863452,1757865,5.51
RA-102461,"Thompson, Porter and Cooper",Transportation,Brazil,2021-04-15,Maze,Zero-Day Exploit,3328392,Negotiated,No,47,3147308,3511101,13.53
RA-102462,"Hunt, Brown and Yoder",Government,India,2025-10-05,Hive,Phishing Email,3925448,Negotiated,No,9,3252358,5518836,8.53
RA-102463,Murphy-Rodriguez,Transportation,Japan,2025-12-12,Akira,Phishing Email,735881,Paid,Yes,34,3127096,2458156,8.96
RA-102464,"Adams, Martinez and Phillips",Finance,United States,2023-07-17,Hive,Malicious Attachment,3992759,Negotiated,Yes,60,1400470,5212531,14.39
RA-102465,Burton Inc,Healthcare,Canada,2024-11-29,Conti,Malicious Attachment,3816968,Unknown,No,42,4715331,4634494,14.83
RA-102466,Sawyer PLC,Government,Brazil,2021-03-10,REvil,Zero-Day Exploit,2835827,Not Paid,Yes,58,306325,3323754,11.84
RA-102467,Schmidt PLC,Government,United States,2021-02-25,Ryuk,Zero-Day Exploit,3329892,Paid,Yes,31,3691352,4736326,11.67
RA-102468,Williams-Jones,Energy,Japan,2022-01-10,REvil,Phishing Email,1543554,Paid,No,27,3442051,3415515,9.04
RA-102469,Campbell-Johnston,Transportation,Australia,2023-11-07,Akira,Phishing Email,4258583,Unknown,No,28,2760764,4725825,11.22
RA-102470,Gibbs-Ellis,Retail,United Kingdom,2025-03-19,Hive,Drive-by Download,1726729,Unknown,No,37,3478939,2165282,10.76
RA-102471,"Martin, Sims and Thomas",Healthcare,Canada,2021-02-19,Akira,RDP Exploit,2646678,Not Paid,Yes,52,2706708,4435399,13.15
RA-102472,"Parks, Farrell and Blake",Transportation,India,2024-11-23,BlackCat,Credential Theft,3825266,Unknown,No,4,2200949,5194035,6.63
RA-102473,Gregory and Sons,Healthcare,South Africa,2021-03-02,Ryuk,RDP Exploit,3420295,Paid,No,26,1727589,3822082,9.05
RA-102474,"Jackson, Baker and Palmer",Transportation,Japan,2022-01-28,BlackCat,Drive-by Download,4872209,Not Paid,No,38,1487495,6490174,12.06
RA-102475,Mcgee-Griffith,Manufacturing,Germany,2021-09-03,Conti,Zero-Day Exploit,4718158,Paid,No,10,3512238,6201256,9.73
RA-102476,"Smith, Norris and Mills",Retail,Japan,2025-02-19,REvil,RDP Exploit,55967,Unknown,No,35,3547547,1790577,8.85
RA-102477,Burns-Austin,Government,South Africa,2021-11-20,Conti,Malicious Attachment,258394,Negotiated,Yes,14,4960773,1391549,7.32
RA-102478,"Morgan, Duncan and Herring",Technology,Brazil,2021-08-20,LockBit,Zero-Day Exploit,2372910,Not Paid,Yes,23,4744535,3663212,10.57
RA-102479,Dominguez-Hoffman,Government,United States,2024-06-17,Maze,Malicious Attachment,2856947,Not Paid,No,53,4518273,3787993,15.33
RA-102480,Weber-Perez,Retail,Germany,2022-04-21,LockBit,Drive-by Download,4714458,Not Paid,Yes,59,4300349,6281591,17.86
RA-102481,Payne Group,Transportation,United States,2023-08-13,Ryuk,Drive-by Download,4524590,Unknown,No,8,3475376,5523346,9.2
RA-102482,"Moore, Lane and Quinn",Transportation,Japan,2024-09-20,LockBit,Phishing Email,1865542,Unknown,No,44,955543,2596416,9.42
RA-102483,Flores PLC,Transportation,South Africa,2025-12-13,Maze,Phishing Email,4878099,Not Paid,No,59,1190584,6778162,14.92
RA-102484,Reese Inc,Hospitality,United Kingdom,2025-05-06,Ryuk,Drive-by Download,394074,Negotiated,Yes,8,3992691,518157,5.59
RA-102485,Murray-Fleming,Transportation,United States,2023-07-03,Hive,Drive-by Download,407016,Paid,No,14,260883,1493227,2.77
RA-102486,Gonzalez-Thompson,Hospitality,India,2021-11-23,Hive,RDP Exploit,3378152,Negotiated,No,10,4435091,3735449,9.31
RA-102487,Knight Group,Healthcare,Brazil,2025-09-22,Clop,Credential Theft,4422250,Negotiated,Yes,21,253358,5817446,7.83
RA-102488,Blair and Sons,Finance,India,2024-08-06,Hive,Phishing Email,3921864,Unknown,Yes,41,2312084,4118127,12.38
RA-102489,Harris-Castro,Energy,India,2025-01-12,Ryuk,RDP Exploit,3233594,Paid,Yes,55,924345,3603235,12.41
RA-102490,Edwards Inc,Hospitality,South Africa,2023-12-23,DarkSide,Phishing Email,1124618,Not Paid,No,54,140551,1638160,9.37
RA-102491,Cole-Wallace,Manufacturing,Japan,2022-02-03,Ryuk,Drive-by Download,2224311,Not Paid,No,18,2259349,2692207,7.18
RA-102492,"Gonzalez, Newman and Anderson",Healthcare,South Africa,2022-11-16,Clop,Phishing Email,4383187,Negotiated,Yes,44,4064824,6280603,15.05
RA-102493,Lopez-Molina,Technology,Japan,2022-09-03,LockBit,Credential Theft,1366523,Paid,Yes,43,3136894,1827305,10.95
RA-102494,Delgado-Gonzalez,Education,France,2022-04-02,REvil,Credential Theft,3851422,Unknown,No,24,2085877,3880201,9.54
RA-102495,"Sawyer, Rodriguez and Sanders",Energy,United States,2025-08-13,Clop,Malicious Attachment,498239,Not Paid,No,16,3160277,1869343,6.06
RA-102496,Bailey PLC,Manufacturing,Australia,2022-10-14,Conti,Drive-by Download,1120329,Unknown,No,55,2586632,1218469,11.96
RA-102497,Munoz-Morales,Energy,Australia,2023-10-24,REvil,Drive-by Download,669035,Paid,Yes,45,4469453,2388533,11.89
RA-102498,"Faulkner, Davis and Raymond",Transportation,France,2025-11-25,Clop,Phishing Email,3361347,Negotiated,No,53,2281610,5133793,13.59
RA-102499,Sanchez-Lambert,Technology,India,2023-10-18,Clop,RDP Exploit,2091831,Not Paid,Yes,34,3099176,2681578,10.29
RA-102500,"Green, Price and Key",Energy,Japan,2023-05-27,Akira,Credential Theft,327461,Unknown,No,25,3382656,2029437,7.46
RA-102501,"David, Kim and Berry",Retail,Japan,2024-04-13,DarkSide,Drive-by Download,623157,Not Paid,Yes,9,3127651,1852602,5.1
RA-102502,Wood Ltd,Transportation,India,2025-03-13,Clop,RDP Exploit,428605,Unknown,Yes,17,1560341,1707030,4.54
RA-102503,Acevedo-James,Energy,Japan,2021-01-23,Akira,Zero-Day Exploit,3224813,Not Paid,Yes,27,3340067,3387216,10.61
RA-102504,"Perkins, Johnson and Jacobs",Hospitality,United Kingdom,2026-01-02,Akira,Drive-by Download,2896994,Not Paid,Yes,25,4949450,4812636,11.6
RA-102505,"Stout, Smith and Villarreal",Technology,France,2022-10-19,Hive,Zero-Day Exploit,4642608,Unknown,No,48,4005318,6466982,15.85
RA-102506,Johnson-Gallegos,Retail,South Africa,2024-06-05,Conti,Malicious Attachment,1576111,Not Paid,Yes,24,3639315,1612026,8.82
RA-102507,"Howell, Cross and Bell",Manufacturing,Germany,2023-12-08,Akira,Credential Theft,2114472,Not Paid,Yes,58,2072248,2325055,12.89
RA-102508,Sullivan Ltd,Healthcare,South Africa,2021-11-13,REvil,Malicious Attachment,1062423,Paid,No,26,82673,1133934,5.05
RA-102509,"Peters, Wood and Davis",Retail,Germany,2023-03-28,LockBit,Malicious Attachment,1236398,Paid,Yes,54,564978,2908201,9.9
RA-102510,"Decker, Campbell and Schwartz",Hospitality,Brazil,2022-09-08,Maze,RDP Exploit,996607,Unknown,Yes,2,1712426,2089966,3.01
RA-102511,"Yu, Wallace and Dodson",Manufacturing,India,2021-03-09,REvil,RDP Exploit,4966330,Not Paid,No,40,4531174,5888127,15.5
RA-102512,Santiago-King,Transportation,United Kingdom,2026-02-04,Conti,Malicious Attachment,100265,Not Paid,Yes,22,1269562,226890,4.67
RA-102513,"Allen, Mcdonald and Short",Finance,Japan,2024-03-13,REvil,Credential Theft,4069106,Unknown,Yes,28,3591323,5355498,11.86
RA-102514,Hubbard and Sons,Healthcare,Australia,2026-02-18,Ryuk,Credential Theft,4772959,Not Paid,Yes,53,4573560,6714891,17.3
RA-102515,Morris-Gardner,Healthcare,Brazil,2021-06-24,Akira,Zero-Day Exploit,3980009,Unknown,Yes,43,3057708,4505918,13.49
RA-102516,"Thomas, Young and Jackson",Education,Canada,2023-12-14,LockBit,Malicious Attachment,3617247,Not Paid,No,37,2795230,4634492,11.96
RA-102517,Wood LLC,Government,South Africa,2023-10-03,Conti,Zero-Day Exploit,2166136,Negotiated,No,8,1370520,2843004,4.74
RA-102518,Riley and Sons,Energy,Germany,2021-07-18,Clop,Phishing Email,111809,Unknown,No,4,4162532,1149816,4.87
RA-102519,"Bentley, Watson and Johnson",Hospitality,United Kingdom,2021-05-08,LockBit,RDP Exploit,1898776,Negotiated,Yes,27,722870,3497514,6.67
RA-102520,"Meyers, Richards and Bowers",Government,Brazil,2024-04-24,LockBit,RDP Exploit,1668259,Negotiated,Yes,34,4062528,2083798,10.83
RA-102521,Shields-Gutierrez,Energy,Canada,2025-07-18,Hive,Credential Theft,2470606,Paid,No,55,2604837,3057452,13.33
RA-102522,Freeman Inc,Transportation,India,2023-10-08,Clop,RDP Exploit,3622603,Negotiated,Yes,2,3724066,5205031,7.65
RA-102523,Johnson LLC,Manufacturing,South Africa,2026-03-06,Akira,Phishing Email,48102,Unknown,Yes,45,3946403,925355,10.74
RA-102524,"Gonzalez, Thompson and Grant",Energy,Germany,2026-02-25,Clop,Credential Theft,4680500,Negotiated,Yes,55,2997181,4878883,15.93
RA-102525,"Long, Jones and Williams",Healthcare,Japan,2022-07-03,BlackCat,Credential Theft,2955065,Negotiated,Yes,25,1615625,3501502,8.32
RA-102526,Collins-Watson,Finance,Australia,2022-12-07,DarkSide,Malicious Attachment,2910115,Negotiated,No,35,663250,4448770,8.82
RA-102527,"Smith, Miller and Walker",Technology,United States,2024-10-02,DarkSide,Zero-Day Exploit,3073094,Paid,Yes,16,981341,5016302,6.45
RA-102528,"Goodman, Taylor and Butler",Healthcare,Canada,2022-08-07,Maze,Malicious Attachment,99857,Paid,No,38,2062271,1981063,7.86
RA-102529,Perry Inc,Education,South Africa,2021-02-07,Hive,Phishing Email,2090781,Not Paid,No,39,4579707,2414538,12.52
RA-102530,"Lee, Gonzales and Gardner",Transportation,Australia,2023-03-18,Hive,Credential Theft,1349850,Unknown,No,50,334852,1860120,9.18
RA-102531,Floyd-Morgan,Transportation,United States,2024-07-10,Clop,Zero-Day Exploit,181511,Negotiated,Yes,43,3731487,1311763,10.36
RA-102532,"Beck, Brooks and Brown",Technology,Japan,2024-05-30,Conti,RDP Exploit,2839897,Not Paid,No,6,3205693,3442310,6.95
RA-102533,"Johnson, Harris and Davis",Government,Japan,2025-01-16,DarkSide,Malicious Attachment,3507442,Negotiated,Yes,9,1678555,3633820,6.54
RA-102534,Nguyen LLC,Technology,Brazil,2023-10-28,LockBit,Credential Theft,4259943,Unknown,Yes,58,448234,5868155,13.41
RA-102535,Elliott Group,Hospitality,South Africa,2024-05-06,Hive,Drive-by Download,1415859,Negotiated,Yes,3,985631,2683070,2.85
RA-102536,Knight and Sons,Technology,India,2021-06-11,BlackCat,Phishing Email,775707,Negotiated,No,13,1218624,2485987,3.94
RA-102537,Morris-Woods,Education,India,2024-02-08,Conti,RDP Exploit,2844571,Paid,Yes,36,394747,3573705,8.64
RA-102538,"Thomas, Beck and Stevens",Education,United Kingdom,2024-05-01,LockBit,Malicious Attachment,3387940,Not Paid,No,3,2476992,4351770,6.31
RA-102539,Moore-Sutton,Manufacturing,Canada,2024-10-20,REvil,Zero-Day Exploit,63807,Paid,Yes,31,4004880,645567,8.72
RA-102540,"Martin, Medina and Rojas",Finance,Canada,2026-02-25,Ryuk,Drive-by Download,1654924,Paid,No,6,3722905,3239287,6.28
RA-102541,Ponce-Davidson,Energy,India,2025-02-02,Ryuk,RDP Exploit,2050820,Unknown,Yes,37,2284312,2944191,9.89
RA-102542,"Rowland, Murphy and Long",Healthcare,Australia,2022-05-24,Conti,Phishing Email,2745699,Not Paid,No,45,4833767,3544074,14.33
RA-102543,Pierce LLC,Manufacturing,Brazil,2021-05-31,Hive,Zero-Day Exploit,4489722,Paid,Yes,20,138041,4771806,7.63
RA-102544,"Murphy, Griffin and Zuniga",Manufacturing,United States,2026-02-01,Ryuk,RDP Exploit,3261974,Paid,No,34,3366320,3373515,11.73
RA-102545,"Goodwin, Camacho and Smith",Healthcare,United Kingdom,2023-03-22,Hive,Drive-by Download,2007411,Paid,No,28,70259,2795380,6.28
RA-102546,"Rosales, Carlson and Ramirez",Finance,United States,2022-06-29,Conti,Credential Theft,72228,Paid,Yes,40,4572047,1314867,10.64
RA-102547,"Arnold, Anderson and Smith",Healthcare,United Kingdom,2021-12-04,Maze,RDP Exploit,497430,Paid,No,52,1990360,1847708,10.29
RA-102548,Wu-Jones,Energy,Australia,2022-11-26,Akira,Zero-Day Exploit,1331067,Negotiated,Yes,45,1678081,2950405,9.76
RA-102549,Foley PLC,Healthcare,United States,2025-10-23,Akira,Drive-by Download,945479,Unknown,Yes,37,1566026,1778450,8.06
RA-102550,"Campbell, Meyer and Coffey",Retail,Australia,2021-09-30,REvil,Malicious Attachment,3892855,Not Paid,Yes,23,4135655,5862527,11.48
RA-102551,Griffith-Flores,Retail,Canada,2022-10-16,Maze,RDP Exploit,2402715,Paid,Yes,48,4671186,3681439,14.27
RA-102552,Mcdaniel PLC,Transportation,Japan,2024-02-16,Ryuk,Malicious Attachment,141650,Negotiated,Yes,41,4706610,404934,11.0
RA-102553,Smith-Beard,Technology,United Kingdom,2022-08-04,Clop,Credential Theft,2378893,Negotiated,Yes,49,2769777,3223846,12.5
RA-102554,Sheppard-Clarke,Manufacturing,India,2021-09-10,Ryuk,Phishing Email,4143297,Not Paid,No,40,4152809,4263047,14.3
RA-102555,Ramirez PLC,Transportation,India,2021-07-30,LockBit,Zero-Day Exploit,3528207,Paid,No,54,1170644,4187478,12.8
RA-102556,Wells-Ortiz,Technology,United States,2023-07-09,Clop,RDP Exploit,1299054,Negotiated,Yes,49,3536731,3200260,12.19
RA-102557,Torres PLC,Manufacturing,Germany,2023-01-20,LockBit,Phishing Email,4232588,Unknown,Yes,24,228044,4391498,8.06
RA-102558,"Cooper, Griffin and Moore",Finance,Australia,2024-10-23,Ryuk,Phishing Email,761368,Negotiated,No,28,4169661,2467887,9.13
RA-102559,"Fisher, Johnson and Strickland",Retail,Canada,2024-03-17,BlackCat,RDP Exploit,523737,Not Paid,No,24,1081798,909636,5.21
RA-102560,Robinson Ltd,Technology,Canada,2022-09-22,Maze,RDP Exploit,3715597,Paid,No,37,2226002,3844326,11.49
RA-102561,"Jones, Williams and Jones",Energy,South Africa,2024-11-23,Akira,Drive-by Download,3926995,Paid,No,38,456559,4606653,10.08
RA-102562,"Randolph, Fleming and Martin",Government,India,2023-06-10,Maze,Zero-Day Exploit,2524470,Paid,Yes,55,3394262,3752362,14.17
RA-102563,"Arnold, Jordan and Herrera",Transportation,Brazil,2022-02-03,Ryuk,Credential Theft,2708389,Paid,No,46,4151589,3271708,13.76
RA-102564,Chavez-Smith,Energy,Brazil,2024-11-07,BlackCat,Credential Theft,3936802,Negotiated,Yes,4,1558161,4456173,6.09
RA-102565,"Hicks, Allen and Benton",Education,United Kingdom,2025-10-19,LockBit,Credential Theft,55156,Negotiated,No,52,841155,1247240,8.7
RA-102566,"May, Jones and Eaton",Education,Japan,2023-09-29,DarkSide,RDP Exploit,2034166,Not Paid,Yes,14,1591030,3827392,5.73
RA-102567,Patton-Johnston,Education,France,2024-03-04,Clop,Malicious Attachment,3401316,Not Paid,Yes,19,2173389,3495030,8.42
RA-102568,Robinson Group,Hospitality,Japan,2025-07-29,Clop,Malicious Attachment,3316680,Not Paid,No,60,3860447,4115339,16.18
RA-102569,"Patel, Shields and Farmer",Transportation,Australia,2023-08-28,Clop,Phishing Email,1991062,Not Paid,Yes,40,1337694,2470476,9.33
RA-102570,"Price, Anderson and Nguyen",Retail,United States,2024-11-05,BlackCat,Zero-Day Exploit,1534754,Not Paid,Yes,2,4825492,1741720,6.66
RA-102571,"Montoya, Hartman and Smith",Education,Germany,2025-04-08,REvil,Zero-Day Exploit,1474576,Paid,Yes,34,2339685,2099744,8.91
RA-102572,Morgan LLC,Manufacturing,South Africa,2025-12-27,Maze,Malicious Attachment,81275,Negotiated,Yes,52,4054074,786269,11.94
RA-102573,Bailey LLC,Technology,Japan,2026-01-11,Akira,Credential Theft,3268202,Paid,Yes,4,3712609,3956856,7.58
RA-102574,Walker Inc,Technology,Canada,2024-02-03,Conti,RDP Exploit,1860033,Not Paid,Yes,8,247181,1877960,3.31
RA-102575,Gonzales and Sons,Education,Brazil,2025-05-04,DarkSide,Zero-Day Exploit,3633039,Unknown,Yes,41,1262986,5559020,11.05
RA-102576,"Smith, Hamilton and Salazar",Healthcare,India,2022-02-22,Ryuk,Malicious Attachment,637771,Unknown,Yes,27,4246682,2115449,8.93
RA-102577,Johnson Inc,Manufacturing,United States,2026-03-11,Conti,Zero-Day Exploit,3720732,Paid,No,1,1739355,4902015,5.61
RA-102578,Price Group,Retail,United Kingdom,2024-06-12,REvil,Phishing Email,2632244,Paid,No,11,4223121,4311889,8.51
RA-102579,"Cooper, Boyd and Hancock",Energy,Canada,2025-06-09,LockBit,Drive-by Download,2500704,Unknown,No,47,450113,2788107,10.0
RA-102580,"Lee, Williams and Smith",Energy,India,2025-05-20,Clop,Malicious Attachment,3082141,Paid,No,33,1401035,3989780,9.43
RA-102581,"Richardson, Smith and Olson",Technology,Germany,2025-08-28,Hive,Drive-by Download,1346347,Negotiated,No,1,335726,1870380,1.83
RA-102582,"Owens, Brooks and Garcia",Hospitality,Brazil,2025-12-14,REvil,Malicious Attachment,2205937,Unknown,Yes,27,595471,2808853,6.85
RA-102583,"Ramsey, Bradford and Yates",Hospitality,Brazil,2021-08-02,Akira,Credential Theft,4389881,Negotiated,Yes,60,1825371,5631065,15.22
RA-102584,"Brennan, Lindsey and Hickman",Hospitality,Australia,2022-06-12,Maze,Phishing Email,4250357,Negotiated,Yes,28,288514,5496161,8.74
RA-102585,Miller Ltd,Government,United Kingdom,2021-10-20,Clop,Drive-by Download,3502595,Not Paid,No,50,3661883,4134607,14.66
RA-102586,Moore PLC,Education,France,2026-01-04,Akira,Drive-by Download,3201110,Paid,Yes,7,1097013,3422595,5.35
RA-102587,"Newton, Mullins and Shea",Retail,United States,2022-11-06,LockBit,Drive-by Download,2423575,Paid,Yes,36,2847480,2911680,10.67
RA-102588,"Howard, Henson and Howard",Government,Japan,2024-11-03,Hive,Drive-by Download,3783480,Negotiated,No,28,1370371,4081776,9.35
RA-102589,Allen Ltd,Technology,Brazil,2022-09-07,Hive,Drive-by Download,1453083,Unknown,Yes,53,1355828,2178228,10.76
RA-102590,Burns and Sons,Education,United Kingdom,2025-10-02,Conti,Zero-Day Exploit,4311642,Unknown,Yes,50,4204361,5425489,16.02
RA-102591,Mcbride Group,Technology,France,2022-11-07,LockBit,Zero-Day Exploit,4590679,Paid,Yes,55,2433828,4742011,15.27
RA-102592,Romero Inc,Retail,Brazil,2024-11-30,Akira,Credential Theft,2147600,Negotiated,No,37,3104538,2998167,10.8
RA-102593,Brooks PLC,Energy,Japan,2021-02-20,REvil,Credential Theft,2727667,Unknown,Yes,33,3593623,4177778,11.27
RA-102594,"Smith, Brown and Richard",Hospitality,Brazil,2025-12-15,Clop,RDP Exploit,4548074,Unknown,Yes,16,31199,6353898,6.98
RA-102595,Martin-Gates,Education,India,2021-04-14,BlackCat,Zero-Day Exploit,4560041,Unknown,Yes,4,4814574,6415654,9.97
RA-102596,Daniel-Cook,Manufacturing,Brazil,2021-01-16,Hive,Zero-Day Exploit,835106,Negotiated,No,27,2706697,1592381,7.59
RA-102597,"Evans, Jordan and Morgan",Manufacturing,Brazil,2023-10-20,Maze,Phishing Email,4390048,Not Paid,No,26,2705205,5087448,11.0
RA-102598,Jackson PLC,Healthcare,India,2023-08-22,Hive,Zero-Day Exploit,3620099,Negotiated,No,18,48090,3644461,6.37
RA-102599,Perry Ltd,Healthcare,Australia,2025-07-14,BlackCat,Zero-Day Exploit,4458969,Unknown,No,55,1114043,5079597,13.82
RA-102600,Hicks Ltd,Retail,Canada,2022-06-07,REvil,Phishing Email,2732103,Unknown,No,7,1291159,3109366,5.07
RA-102601,Jenkins-Davidson,Transportation,India,2021-01-11,Hive,Zero-Day Exploit,1210613,Paid,Yes,52,1692220,1643379,10.7
RA-102602,"Stuart, Chen and Santiago",Healthcare,South Africa,2025-09-10,DarkSide,Phishing Email,2674904,Not Paid,No,53,3942342,4503686,14.57
RA-102603,Snyder LLC,Retail,United Kingdom,2022-02-02,Conti,Credential Theft,387368,Unknown,Yes,57,2502413,2095831,11.44
RA-102604,Jones-Vazquez,Healthcare,France,2021-12-22,Akira,Drive-by Download,384350,Not Paid,Yes,52,2791699,1928043,10.98
RA-102605,Miller-Fowler,Retail,Japan,2024-05-31,LockBit,Credential Theft,2336840,Unknown,Yes,48,580282,2792675,10.12
RA-102606,Young Inc,Hospitality,Brazil,2025-08-14,Clop,Malicious Attachment,3994876,Negotiated,Yes,39,4066821,5825217,13.91
RA-102607,Short Ltd,Technology,Japan,2024-02-12,REvil,Credential Theft,2259238,Paid,No,8,1759567,3029620,5.22
RA-102608,"Wang, Alexander and Vargas",Technology,Brazil,2022-10-13,REvil,Credential Theft,359312,Paid,No,30,1716777,1111572,6.58
RA-102609,Gibson-Rogers,Healthcare,Australia,2023-10-18,Akira,Drive-by Download,1873747,Paid,Yes,37,2107442,3303163,9.53
RA-102610,"Williams, Mcconnell and Macdonald",Hospitality,Canada,2024-09-09,REvil,RDP Exploit,3630526,Paid,Yes,1,1414300,5144660,5.19
RA-102611,"Zuniga, Diaz and Wong",Education,Australia,2021-07-04,Hive,Malicious Attachment,2972673,Paid,No,59,4449805,4241938,16.27
RA-102612,Evans LLC,Finance,Japan,2022-01-27,DarkSide,Drive-by Download,2623746,Unknown,No,10,342934,3110549,4.47
RA-102613,Fox-Cunningham,Hospitality,Australia,2022-08-09,BlackCat,Drive-by Download,4472692,Negotiated,Yes,28,3861173,5243065,12.53
RA-102614,"Richardson, Yoder and Young",Transportation,United Kingdom,2023-11-18,Conti,Phishing Email,3573184,Not Paid,No,48,2242415,5489607,13.02
RA-102615,Schmidt-Howard,Transportation,Canada,2025-05-31,BlackCat,Credential Theft,4367073,Unknown,Yes,56,3325610,5837385,16.09
RA-102616,Delgado Ltd,Manufacturing,France,2022-05-17,Ryuk,Drive-by Download,1848674,Negotiated,Yes,11,3601857,1923954,7.1
RA-102617,Garcia Ltd,Transportation,Germany,2023-07-30,BlackCat,Zero-Day Exploit,3528131,Not Paid,Yes,54,4031376,4151622,15.66
RA-102618,Taylor-Spencer,Finance,Australia,2023-02-26,BlackCat,Credential Theft,3384393,Paid,No,12,4952360,3842421,10.14
RA-102619,Carter-Mathis,Education,India,2024-01-13,Maze,Malicious Attachment,4204779,Negotiated,No,10,2473909,5848333,8.18
RA-102620,Smith Group,Technology,United Kingdom,2024-06-29,Conti,RDP Exploit,4608327,Unknown,Yes,38,196423,6576153,10.5
RA-102621,"Gonzales, Turner and Gonzalez",Transportation,Japan,2022-03-27,LockBit,RDP Exploit,3979163,Not Paid,Yes,8,3777573,5299198,8.96
RA-102622,Mitchell Ltd,Technology,Australia,2023-08-24,REvil,Drive-by Download,4813424,Unknown,Yes,4,301348,6309108,5.71
RA-102623,"Garcia, Rowland and Reyes",Hospitality,Australia,2024-10-06,REvil,Phishing Email,4637098,Unknown,No,18,3909320,5583745,11.25
RA-102624,Johnson and Sons,Transportation,South Africa,2023-10-14,Hive,Credential Theft,2638689,Paid,No,21,1699003,3893030,7.49
RA-102625,"Gonzalez, Lee and Parker",Manufacturing,Japan,2025-03-14,BlackCat,Malicious Attachment,1767706,Unknown,Yes,30,4313424,1916765,10.58
RA-102626,Hood Ltd,Hospitality,India,2024-02-17,Clop,Zero-Day Exploit,4879040,Not Paid,No,20,3100478,5958436,10.98
RA-102627,Obrien PLC,Transportation,United States,2024-02-02,Clop,Phishing Email,4297672,Unknown,No,29,3448026,4738349,12.1
RA-102628,Cruz-Roberts,Finance,United Kingdom,2021-06-12,BlackCat,Drive-by Download,1271157,Paid,No,16,4980230,2118231,8.65
RA-102629,Franklin-Nguyen,Education,Japan,2025-02-20,Hive,Credential Theft,745007,Unknown,Yes,36,4587182,964236,10.73
RA-102630,Nelson PLC,Energy,United States,2023-11-13,Ryuk,Zero-Day Exploit,1127522,Paid,Yes,53,222841,2498271,9.3
RA-102631,"Harris, Sanford and Lopez",Energy,United Kingdom,2021-04-07,Akira,Credential Theft,3819145,Not Paid,No,38,1107020,4289356,10.63
RA-102632,"Kennedy, Salinas and Bell",Transportation,India,2024-02-08,REvil,Credential Theft,1942498,Unknown,Yes,15,2306136,3851026,6.5
RA-102633,Taylor LLC,Manufacturing,Brazil,2022-05-12,Hive,Credential Theft,2657333,Unknown,Yes,3,3529381,3696677,6.64
RA-102634,Ford-Byrd,Energy,Brazil,2022-01-27,Conti,Drive-by Download,2843027,Paid,Yes,23,3742183,2880855,10.04
RA-102635,"Jones, Wade and Carter",Manufacturing,United States,2025-09-17,Maze,Zero-Day Exploit,1833887,Paid,No,7,2708820,2534415,5.59
RA-102636,"Morse, Rios and Johnson",Hospitality,Germany,2021-09-18,Hive,Malicious Attachment,790292,Negotiated,No,34,4013555,2096053,9.9
RA-102637,Mcconnell-Camacho,Government,South Africa,2021-04-02,BlackCat,Malicious Attachment,2615363,Paid,No,24,4270747,3752361,10.49
RA-102638,Davidson-Poole,Education,Germany,2025-12-24,Maze,Phishing Email,4060030,Not Paid,No,4,859116,5648226,5.52
RA-102639,Henson-Weber,Technology,France,2024-01-03,Akira,Phishing Email,3729286,Paid,No,8,2720520,5055847,7.65
RA-102640,"Gonzalez, Anderson and Owens",Healthcare,United Kingdom,2025-12-04,Conti,Drive-by Download,3782677,Negotiated,No,40,3744847,4920371,13.53
RA-102641,Nicholson-Clark,Technology,Brazil,2023-01-02,Akira,Malicious Attachment,3581497,Paid,Yes,33,2448923,4143896,10.98
RA-102642,Hernandez-Woodard,Healthcare,South Africa,2025-08-06,Ryuk,RDP Exploit,3555549,Not Paid,No,47,3584325,4190842,14.19
RA-102643,"Harper, Sawyer and Smith",Government,South Africa,2023-09-10,Maze,Credential Theft,1838999,Unknown,No,49,4182736,2910224,13.37
RA-102644,"Smith, Williams and Massey",Energy,Germany,2023-07-17,BlackCat,Credential Theft,1348577,Unknown,Yes,39,1235759,2748037,8.43
RA-102645,Martin-Johnson,Finance,Australia,2024-12-26,Hive,Malicious Attachment,321635,Negotiated,Yes,9,4739117,2071990,6.41
RA-102646,Jones LLC,Finance,India,2025-08-10,Maze,Phishing Email,1907273,Negotiated,No,15,1468528,2546598,5.63
RA-102647,Patel and Sons,Technology,United States,2024-01-06,DarkSide,RDP Exploit,2080668,Negotiated,No,38,3631196,3762301,11.41
RA-102648,"Cook, Rodriguez and Davis",Retail,India,2025-06-16,Clop,Drive-by Download,3228747,Paid,No,55,3950653,4725667,15.43
RA-102649,Barker-Richards,Finance,Brazil,2025-03-02,REvil,Drive-by Download,4805816,Paid,No,23,4569956,5410223,12.83
RA-102650,White-Johnston,Education,United Kingdom,2021-05-11,BlackCat,Credential Theft,3712374,Paid,No,1,2824293,3749905,6.69
RA-102651,Jackson and Sons,Finance,Germany,2024-03-02,REvil,Malicious Attachment,4633929,Unknown,No,5,2404939,6512995,7.79
RA-102652,"Martinez, White and Cook",Transportation,Germany,2024-12-02,DarkSide,Zero-Day Exploit,496351,Negotiated,Yes,46,4956078,1041429,12.35
RA-102653,"Rodriguez, Higgins and Bailey",Technology,Canada,2025-02-16,Conti,RDP Exploit,1082613,Paid,Yes,38,1051821,2216716,7.83
RA-102654,Richards Inc,Hospitality,India,2023-05-20,Clop,Phishing Email,2923236,Not Paid,No,60,248152,4139387,12.17
RA-102655,Jackson-Estrada,Technology,India,2023-02-12,Ryuk,Zero-Day Exploit,3800173,Paid,Yes,30,1032857,5068009,9.33
RA-102656,Taylor LLC,Government,Canada,2021-10-13,Clop,Phishing Email,2634388,Not Paid,Yes,48,3306522,4563849,13.14
RA-102657,Hicks Inc,Healthcare,South Africa,2021-10-01,Conti,Drive-by Download,1852005,Unknown,No,18,4935815,3003312,9.49
RA-102658,Nunez and Sons,Manufacturing,Japan,2024-02-09,LockBit,Phishing Email,1856426,Unknown,No,58,3531502,2890302,14.09
RA-102659,"Khan, Santana and Davis",Retail,Canada,2024-06-12,Ryuk,Phishing Email,610379,Negotiated,No,21,1256041,1953464,5.02
RA-102660,Martinez-Velez,Manufacturing,South Africa,2021-02-25,DarkSide,Malicious Attachment,1382447,Unknown,No,14,2057936,3021649,5.54
RA-102661,Sanchez PLC,Healthcare,South Africa,2023-06-09,Hive,Zero-Day Exploit,2581727,Not Paid,No,9,3161717,4297877,7.09
RA-102662,Walker-Fischer,Hospitality,Japan,2025-03-20,Maze,Drive-by Download,1080760,Unknown,No,25,1830370,1230187,6.66
RA-102663,Crawford Inc,Education,Brazil,2022-12-31,DarkSide,Zero-Day Exploit,4892604,Negotiated,Yes,49,1325086,6243436,13.57
RA-102664,"Colon, Owens and Medina",Transportation,Australia,2022-09-04,LockBit,RDP Exploit,382329,Negotiated,No,2,1814823,2337005,2.5
RA-102665,"Allison, James and Trujillo",Retail,Canada,2021-05-11,Hive,Zero-Day Exploit,1752231,Unknown,Yes,54,2274135,3396934,12.13
RA-102666,"Johnson, Mendoza and Rodriguez",Hospitality,United States,2022-01-05,REvil,Zero-Day Exploit,4479861,Not Paid,Yes,59,4495921,4969466,17.83
RA-102667,"Fischer, Alexander and Peters",Technology,South Africa,2021-05-16,Maze,Drive-by Download,2124725,Unknown,No,60,3030041,2713524,14.15
RA-102668,Watson-Rose,Finance,Canada,2024-04-03,Akira,Zero-Day Exploit,1665718,Unknown,No,10,2999850,1870323,6.17
RA-102669,Roberts-Jones,Healthcare,Japan,2022-03-14,Maze,Malicious Attachment,537908,Not Paid,No,9,67856,1155061,1.96
RA-102670,Stone and Sons,Government,United States,2023-10-12,Hive,Malicious Attachment,3657791,Paid,Yes,28,794992,4745376,8.65
RA-102671,Weaver-Robinson,Retail,Germany,2021-07-24,Akira,Phishing Email,4500568,Negotiated,Yes,31,2040283,4690449,11.19
RA-102672,Wood-Powers,Transportation,India,2021-05-13,Clop,Drive-by Download,2103583,Paid,Yes,15,3633492,3123112,7.99
RA-102673,Williams Ltd,Finance,United States,2023-09-23,Akira,Drive-by Download,4606179,Unknown,No,5,4603706,5572705,9.96
RA-102674,Pena PLC,Energy,United States,2023-05-17,Ryuk,Drive-by Download,2531584,Paid,Yes,9,2773948,4137487,6.66
RA-102675,Murray-Medina,Government,Germany,2025-11-04,BlackCat,Malicious Attachment,3593761,Negotiated,Yes,53,4850276,4980637,16.39
RA-102676,Robinson-Wolfe,Healthcare,United Kingdom,2024-12-18,Conti,Phishing Email,1650643,Not Paid,No,1,3391147,1730353,5.19
RA-102677,"Lewis, Bowers and Barton",Healthcare,Australia,2025-11-26,Clop,RDP Exploit,2817202,Negotiated,Yes,42,2811434,4735513,11.93
RA-102678,Beard and Sons,Technology,India,2021-07-16,DarkSide,Phishing Email,2431623,Paid,No,51,1286933,2498893,11.37
RA-102679,Nguyen-Johnson,Education,United States,2021-06-04,BlackCat,Zero-Day Exploit,2153276,Unknown,Yes,21,4939508,3351081,10.24
RA-102680,"Diaz, Nicholson and Brewer",Education,Canada,2022-02-26,LockBit,Phishing Email,4361261,Negotiated,Yes,10,1079923,4655809,6.94
RA-102681,Hill-Lewis,Education,United States,2025-11-15,Maze,Zero-Day Exploit,4930003,Not Paid,Yes,9,1545191,6334271,7.83
RA-102682,Martinez PLC,Government,Canada,2021-07-15,Hive,Malicious Attachment,393871,Not Paid,Yes,55,633655,642677,9.28
RA-102683,Diaz PLC,Education,Australia,2024-03-25,Clop,Credential Theft,852490,Unknown,Yes,13,1911233,2208321,4.71
RA-102684,"Ellis, Cross and Dawson",Hospitality,Canada,2025-06-20,Maze,Zero-Day Exploit,1805843,Negotiated,No,11,2040687,3352924,5.5
RA-102685,Davidson Inc,Technology,Canada,2021-09-16,REvil,Credential Theft,1821790,Unknown,No,20,1557616,2881618,6.38
RA-102686,"Martinez, Reyes and Greene",Transportation,India,2025-06-13,Ryuk,RDP Exploit,46746,Negotiated,Yes,12,2212250,1280748,4.06
RA-102687,Olsen-Bailey,Government,India,2025-03-07,DarkSide,Drive-by Download,462252,Unknown,Yes,47,4893537,1220115,12.41
RA-102688,Jones Inc,Hospitality,Brazil,2022-07-21,Conti,Malicious Attachment,4810400,Unknown,Yes,36,3024387,5192323,13.23
RA-102689,Dudley-Bell,Manufacturing,Japan,2022-11-17,BlackCat,Malicious Attachment,1494511,Unknown,No,25,3391481,2282399,8.64
RA-102690,Miller Group,Transportation,United States,2021-11-19,Akira,Zero-Day Exploit,3106536,Unknown,No,51,2066115,4945960,12.82
RA-102691,Buckley-Torres,Government,India,2021-08-04,Akira,Drive-by Download,2241411,Negotiated,Yes,31,3099471,2711055,9.99
RA-102692,"Lyons, Anderson and Porter",Technology,India,2022-08-14,Maze,Drive-by Download,3708834,Not Paid,No,50,2271692,5656191,13.48
RA-102693,Mendoza Group,Hospitality,France,2022-03-03,Maze,Drive-by Download,4712628,Not Paid,Yes,38,3420321,4989557,13.83
RA-102694,Barber and Sons,Hospitality,United Kingdom,2022-08-17,REvil,Phishing Email,1704095,Negotiated,No,57,3257038,2749782,13.51
RA-102695,"Ward, Parks and Costa",Technology,Germany,2021-06-17,Hive,RDP Exploit,1319110,Negotiated,No,42,3839285,3139814,11.46
RA-102696,Pugh Group,Transportation,India,2022-03-12,Conti,Drive-by Download,2409336,Paid,No,27,4601492,3108299,11.06
RA-102697,"Li, Marshall and Hampton",Retail,Japan,2025-05-27,DarkSide,Credential Theft,854498,Not Paid,Yes,26,4516525,1173020,9.27
RA-102698,Anderson-Brown,Transportation,South Africa,2023-05-01,BlackCat,Zero-Day Exploit,811828,Not Paid,No,23,1884209,2234911,6.15
RA-102699,Simpson-Stevenson,Government,Brazil,2021-07-01,Clop,Zero-Day Exploit,250173,Paid,No,16,194056,1302673,2.84
RA-102700,"Mitchell, Boyle and Gonzalez",Finance,Canada,2024-11-16,Hive,Credential Theft,1397896,Unknown,No,50,34215,3385478,8.93
RA-102701,"Brown, Fitzpatrick and Dunn",Retail,Japan,2024-02-09,Conti,Phishing Email,165213,Not Paid,Yes,36,1173984,985966,6.74
RA-102702,Hurst-Shelton,Retail,Brazil,2022-08-08,Ryuk,RDP Exploit,3345611,Negotiated,No,51,1648120,4597446,12.64
RA-102703,"Howell, Reynolds and Watson",Education,India,2025-09-13,REvil,Malicious Attachment,1214216,Unknown,Yes,48,4849995,2967678,13.26
RA-102704,"Hamilton, James and Lam",Education,Japan,2026-02-22,Akira,Drive-by Download,1609362,Negotiated,Yes,39,913491,2584071,8.37
RA-102705,Carter PLC,Transportation,South Africa,2022-03-17,BlackCat,RDP Exploit,3321952,Unknown,No,53,4803898,3881960,16.08
RA-102706,Young Group,Hospitality,India,2025-01-11,DarkSide,Drive-by Download,2455577,Paid,No,37,3860240,2651030,11.87
RA-102707,Flores LLC,Government,Japan,2024-10-28,BlackCat,Phishing Email,4624639,Paid,No,15,1832598,5323839,8.71
RA-102708,Coleman-Hill,Finance,India,2021-08-09,Conti,Credential Theft,1429454,Negotiated,Yes,23,4791834,1497209,9.67
RA-102709,King Ltd,Retail,Canada,2025-04-09,Conti,Zero-Day Exploit,687025,Unknown,No,13,1899460,1182775,4.54
RA-102710,Long LLC,Finance,Canada,2024-09-07,LockBit,Credential Theft,1725658,Negotiated,Yes,44,2295491,2854444,10.62
RA-102711,Ferguson-Hale,Hospitality,Germany,2025-01-31,LockBit,Phishing Email,525734,Negotiated,Yes,5,3642101,1570938,4.92
RA-102712,Cisneros LLC,Hospitality,South Africa,2021-08-01,LockBit,Phishing Email,3364274,Negotiated,Yes,1,2373453,4587144,5.89
RA-102713,"Lowery, Tran and Ray",Technology,India,2026-01-05,BlackCat,Zero-Day Exploit,329240,Paid,Yes,10,4443015,1517464,6.27
RA-102714,Wilson-Andrews,Finance,Germany,2025-11-30,REvil,Credential Theft,336815,Negotiated,No,16,2449389,649600,5.19
RA-102715,Russo-Barton,Government,Australia,2024-02-08,Conti,Phishing Email,2195543,Unknown,Yes,57,1308188,2331191,12.05
RA-102716,"Davis, Smith and Klein",Hospitality,South Africa,2024-11-25,Conti,Credential Theft,4015219,Unknown,Yes,37,806818,5043729,10.37
RA-102717,"Lucero, Baker and Mclaughlin",Finance,Brazil,2021-06-13,BlackCat,RDP Exploit,2722283,Not Paid,Yes,51,4031265,2939653,14.4
RA-102718,Burton Inc,Retail,Brazil,2024-04-08,LockBit,RDP Exploit,2600746,Paid,No,60,136195,2894613,11.74
RA-102719,Montgomery PLC,Retail,Australia,2021-07-08,Clop,Zero-Day Exploit,1005182,Paid,Yes,9,4476409,1978564,6.83
RA-102720,Thomas-Jones,Energy,India,2023-06-13,REvil,Zero-Day Exploit,4001642,Not Paid,Yes,55,4278931,4784447,16.53
RA-102721,"Randolph, Castillo and Thomas",Energy,Canada,2022-05-05,Akira,Phishing Email,4653192,Unknown,Yes,51,668597,4741854,12.97
RA-102722,"Garrett, Weber and Marshall",Education,South Africa,2025-05-22,Maze,Malicious Attachment,4850220,Paid,Yes,19,1420452,5383466,9.12
RA-102723,"Shaffer, Meyer and Ryan",Manufacturing,United States,2024-12-25,Ryuk,Credential Theft,1997030,Unknown,Yes,6,2814607,2463779,5.71
RA-102724,Roach Group,Manufacturing,Australia,2023-03-07,Clop,Malicious Attachment,562249,Not Paid,No,27,4595945,1103396,9.21
RA-102725,Sutton Group,Education,Australia,2025-02-23,REvil,Zero-Day Exploit,2621305,Paid,No,58,629680,2635534,11.95
RA-102726,"Barber, Robinson and Luna",Transportation,Australia,2024-04-10,Ryuk,Zero-Day Exploit,4558365,Negotiated,Yes,39,2314661,5660134,12.72
RA-102727,Lopez Ltd,Manufacturing,India,2021-04-30,DarkSide,Malicious Attachment,261905,Unknown,Yes,24,889014,1511001,4.75
RA-102728,"Holt, Dillon and Moore",Education,United Kingdom,2023-01-19,DarkSide,Drive-by Download,3058970,Paid,No,50,4235221,3690238,14.79
RA-102729,Mclean-Raymond,Manufacturing,India,2021-11-16,Maze,Phishing Email,3274177,Negotiated,No,26,1118041,4878896,8.29
RA-102730,Mcneil LLC,Healthcare,South Africa,2025-11-25,REvil,Drive-by Download,72066,Negotiated,Yes,31,189307,1473184,4.91
RA-102731,"Kim, Lopez and Welch",Technology,United Kingdom,2025-09-14,REvil,Phishing Email,1871316,Unknown,Yes,1,3171606,2949278,5.19
RA-102732,Delgado Group,Transportation,Japan,2025-12-01,LockBit,Drive-by Download,48185,Negotiated,Yes,1,3454948,916293,3.65
RA-102733,Logan-Rodriguez,Energy,India,2023-09-23,Clop,RDP Exploit,1142290,Paid,Yes,35,1180533,1168454,7.57
RA-102734,"Roberts, Shaw and Bolton",Transportation,United Kingdom,2022-12-21,Clop,RDP Exploit,1358399,Not Paid,No,9,1924182,1667925,4.63
RA-102735,"Jones, Johns and Sanchez",Education,France,2021-01-27,Conti,Malicious Attachment,4501713,Negotiated,Yes,18,3951490,5196940,11.15
RA-102736,"Lopez, Hunter and Weaver",Transportation,Canada,2021-01-03,DarkSide,Credential Theft,2294415,Paid,Yes,6,327370,3827555,3.52
RA-102737,Aguilar Ltd,Government,Australia,2023-02-03,LockBit,Malicious Attachment,858791,Not Paid,No,46,968658,2831751,8.73
RA-102738,Smith Group,Transportation,Japan,2025-05-16,Clop,Phishing Email,3721122,Unknown,No,60,1221639,4076590,13.94
RA-102739,Pham LLC,Hospitality,Brazil,2021-08-29,Hive,RDP Exploit,3019733,Paid,Yes,32,4668566,3115579,12.49
RA-102740,"Waters, Whitehead and Reed",Retail,South Africa,2026-03-13,Akira,Malicious Attachment,4538618,Negotiated,Yes,2,610689,4598382,5.45
RA-102741,Garcia LLC,Education,France,2022-09-10,BlackCat,Drive-by Download,652611,Negotiated,No,40,2792804,2490461,9.45
RA-102742,"Santana, Gonzalez and Roberts",Education,France,2023-08-20,LockBit,RDP Exploit,4666299,Paid,Yes,27,3809637,5279937,12.53
RA-102743,"Maynard, Moore and Ramirez",Transportation,United States,2021-02-16,Conti,Zero-Day Exploit,3239025,Paid,Yes,15,2888741,4292823,8.38
RA-102744,"Moyer, Allen and Rodriguez",Government,India,2021-07-19,Akira,Credential Theft,1866588,Paid,No,53,3729950,2402094,13.55
RA-102745,Kirk Ltd,Energy,Australia,2025-07-26,Akira,Credential Theft,2789461,Negotiated,Yes,36,2710986,3521889,10.9
RA-102746,"Moore, Robinson and Reyes",Healthcare,India,2024-01-21,Akira,Zero-Day Exploit,2339191,Paid,No,12,4831204,4225707,8.97
RA-102747,Hall-Johnson,Healthcare,India,2023-01-06,BlackCat,Drive-by Download,1290354,Paid,No,34,4556975,2200348,10.95
RA-102748,"Nelson, Wade and Morris",Energy,Canada,2022-11-11,Maze,Zero-Day Exploit,3531391,Paid,Yes,30,2018338,4031135,10.05
RA-102749,Miller-Rosales,Finance,Germany,2023-03-29,Ryuk,Drive-by Download,2675491,Paid,No,10,3725978,3554497,7.9
RA-102750,Fuentes-Moore,Government,United States,2024-04-18,Hive,Malicious Attachment,4634144,Not Paid,No,4,1174617,5394325,6.41
RA-102751,Rivera Inc,Hospitality,India,2025-01-20,REvil,Malicious Attachment,3347594,Negotiated,No,40,1348392,4700081,10.7
RA-102752,Rojas-Franco,Healthcare,France,2025-05-04,REvil,Drive-by Download,4190052,Not Paid,Yes,56,1512985,4877659,14.1
RA-102753,Colon-Martin,Government,Canada,2025-03-04,Hive,Phishing Email,1186439,Paid,No,58,2101716,1561571,11.99
RA-102754,Maldonado-Martinez,Finance,Australia,2021-06-13,Maze,RDP Exploit,3816525,Unknown,Yes,46,1057224,4472058,11.77
RA-102755,Smith-Davis,Retail,Japan,2022-11-02,LockBit,Zero-Day Exploit,4489358,Not Paid,No,22,2645240,5460977,10.43
RA-102756,Kelley-Richardson,Education,Australia,2024-02-28,DarkSide,Phishing Email,3182802,Not Paid,Yes,1,1360325,3774867,4.69
RA-102757,Adams-Schwartz,Hospitality,Canada,2022-03-30,Maze,RDP Exploit,1216305,Not Paid,Yes,40,2834921,2643259,10.05
RA-102758,Wallace-Whitaker,Technology,Germany,2022-10-22,LockBit,Malicious Attachment,4516564,Paid,Yes,59,1168628,5628325,14.54
RA-102759,"Moore, Webb and Thompson",Hospitality,Japan,2024-05-24,BlackCat,Zero-Day Exploit,3654743,Not Paid,Yes,26,1542102,5562290,9.1
RA-102760,Conway-Young,Education,United States,2023-09-22,REvil,Phishing Email,2483756,Unknown,No,11,1164728,4232757,5.3
RA-102761,Williams-Gonzalez,Government,Japan,2024-01-15,Clop,Zero-Day Exploit,1488386,Unknown,Yes,58,1000218,2251646,11.19
RA-102762,Franco LLC,Manufacturing,United States,2023-08-31,Conti,Phishing Email,46559,Not Paid,Yes,26,1856421,321223,5.8
RA-102763,Lara-Stafford,Manufacturing,United States,2023-10-22,Clop,RDP Exploit,383810,Paid,No,20,4459809,2030081,7.84
RA-102764,Huerta PLC,Government,Germany,2021-07-15,Conti,Malicious Attachment,4912660,Not Paid,No,4,891330,6131572,6.4
RA-102765,Spencer-Smith,Healthcare,United States,2024-05-22,Clop,Drive-by Download,4092043,Negotiated,No,6,518467,4106366,5.51
RA-102766,Yang and Sons,Manufacturing,India,2021-07-23,REvil,Drive-by Download,3165683,Unknown,Yes,10,1545330,4940827,6.21
RA-102767,"Erickson, Fisher and Manning",Energy,Japan,2023-11-19,Akira,RDP Exploit,3095918,Not Paid,Yes,23,2593055,3111071,9.14
RA-102768,"Martinez, Miller and Anderson",Government,South Africa,2022-08-09,Ryuk,Drive-by Download,2891760,Unknown,No,47,1822065,3188475,11.76
RA-102769,Larson Inc,Manufacturing,India,2026-02-20,REvil,Zero-Day Exploit,4488498,Negotiated,Yes,50,633177,5095900,12.62
RA-102770,"Gomez, Frazier and Nelson",Retail,Australia,2023-06-29,Conti,Drive-by Download,112781,Paid,Yes,51,992218,1412401,8.75
RA-102771,Nguyen-Briggs,Technology,Australia,2024-10-04,LockBit,Malicious Attachment,3791280,Not Paid,No,32,3589654,4683594,12.18
RA-102772,Cochran and Sons,Hospitality,United Kingdom,2024-08-20,Hive,Phishing Email,3512197,Negotiated,No,5,1048857,3577777,5.31
RA-102773,Brock-Fisher,Hospitality,United States,2024-01-27,Clop,RDP Exploit,465904,Not Paid,Yes,27,622359,2147656,5.14
RA-102774,Brooks Group,Transportation,Brazil,2024-10-14,LockBit,Zero-Day Exploit,960271,Unknown,No,26,4013716,2283221,8.87
RA-102775,"Davis, Delgado and Daniel",Government,Brazil,2022-02-23,BlackCat,Credential Theft,2817697,Negotiated,Yes,16,1136616,3144720,6.35
RA-102776,Martinez-Alvarez,Retail,France,2021-05-27,Maze,Zero-Day Exploit,1163126,Not Paid,No,25,4335472,2684043,9.25
RA-102777,"Mccoy, Huerta and Mcdowell",Retail,Germany,2021-06-21,LockBit,Phishing Email,702314,Paid,Yes,19,1277029,1983762,4.83
RA-102778,"Simon, Brown and Moore",Transportation,Japan,2023-07-18,Clop,RDP Exploit,2829042,Paid,Yes,50,2060829,4033994,12.39
RA-102779,Tyler-Silva,Transportation,India,2021-10-21,Ryuk,Credential Theft,2183128,Not Paid,Yes,28,2890643,3450241,9.27
RA-102780,Velasquez-Villarreal,Energy,France,2023-09-08,Conti,Drive-by Download,4496031,Unknown,No,46,2163142,4722628,13.56
RA-102781,"Wood, Stevens and Herring",Government,France,2022-12-03,Clop,Phishing Email,4787552,Paid,Yes,5,2859165,6675586,8.4
RA-102782,Mcdaniel-Pennington,Technology,Australia,2025-05-15,Clop,Drive-by Download,2310113,Unknown,No,43,254558,4028295,9.01
RA-102783,Campbell Ltd,Government,Australia,2022-08-23,BlackCat,RDP Exploit,1548412,Unknown,Yes,28,3734007,3374123,9.48
RA-102784,Ewing-Wilson,Government,Brazil,2022-07-27,Maze,Drive-by Download,2655151,Unknown,No,23,1850688,4359227,7.96
RA-102785,"Smith, Walters and Vasquez",Retail,France,2025-03-19,DarkSide,Credential Theft,3242187,Negotiated,No,40,3936552,4113555,13.18
RA-102786,"Stephenson, Sweeney and Moyer",Manufacturing,South Africa,2021-11-24,LockBit,Malicious Attachment,1386492,Unknown,Yes,18,4846671,2000427,8.93
RA-102787,"Williams, Sutton and Herrera",Hospitality,India,2022-10-07,Maze,Zero-Day Exploit,53767,Negotiated,Yes,27,4853702,335586,8.96
RA-102788,"Cox, Lucas and Palmer",Education,Brazil,2021-10-20,Ryuk,Drive-by Download,459969,Unknown,Yes,56,3537587,2076210,12.4
RA-102789,"Blair, Salinas and Washington",Healthcare,Japan,2024-05-08,DarkSide,Credential Theft,1946250,Not Paid,No,48,2680903,3428772,11.83
RA-102790,Johnson PLC,Education,Japan,2024-11-03,BlackCat,Malicious Attachment,2263975,Unknown,No,56,1161779,2426960,11.83
RA-102791,"Bell, Phillips and Snyder",Government,Canada,2026-01-20,DarkSide,Zero-Day Exploit,41661,Paid,No,12,1236113,1703004,3.08
RA-102792,"Brown, Kirk and Odonnell",Education,Australia,2026-02-09,BlackCat,Credential Theft,2898137,Negotiated,Yes,32,4758434,3880462,12.46
RA-102793,Doyle-Gonzalez,Hospitality,France,2023-07-29,Clop,Phishing Email,208233,Negotiated,No,14,1930975,1580815,4.24
RA-102794,Jones-Nelson,Energy,United Kingdom,2024-02-12,LockBit,Credential Theft,1213112,Negotiated,No,50,2038661,1628004,10.75
RA-102795,Fuentes and Sons,Energy,United States,2021-05-12,Ryuk,RDP Exploit,3316046,Unknown,Yes,32,3357229,4932332,11.47
RA-102796,Owens and Sons,Government,United States,2024-10-06,BlackCat,Phishing Email,1184646,Not Paid,Yes,55,4364021,2088742,13.8
RA-102797,Rivers-Best,Transportation,Canada,2021-02-25,Clop,Zero-Day Exploit,416128,Negotiated,Yes,58,4345334,1038869,13.46
RA-102798,"Downs, Hill and Carroll",Hospitality,India,2022-02-24,LockBit,Credential Theft,1787715,Not Paid,No,28,3786372,3214750,9.77
RA-102799,"Burgess, Moody and Stewart",Healthcare,Australia,2023-10-19,REvil,Credential Theft,724691,Negotiated,No,45,1735245,1534105,9.21
RA-102800,Navarro-Mann,Technology,Canada,2025-12-01,Akira,Drive-by Download,1121362,Paid,Yes,2,4716940,1908297,6.14
RA-102801,Miles Inc,Manufacturing,South Africa,2025-11-11,Akira,RDP Exploit,1580357,Negotiated,Yes,10,2194148,2894013,5.27
RA-102802,Mullins-Nixon,Manufacturing,Canada,2025-08-17,Ryuk,Phishing Email,12670,Unknown,No,5,908428,1907846,1.67
RA-102803,Garcia-Miller,Healthcare,Germany,2025-05-31,Hive,Drive-by Download,4455964,Paid,No,46,503537,5600299,11.86
RA-102804,Cline Ltd,Retail,Germany,2022-06-07,BlackCat,Malicious Attachment,576580,Unknown,No,4,2364391,715420,3.54
RA-102805,Martin-Dominguez,Government,Australia,2026-01-05,Conti,Credential Theft,4274559,Paid,No,22,636357,5725519,8.21
RA-102806,Robinson Group,Manufacturing,Australia,2023-11-21,Hive,Phishing Email,1827353,Not Paid,Yes,31,2603037,2798019,9.08
RA-102807,Perkins-Garrett,Manufacturing,India,2024-07-02,REvil,Zero-Day Exploit,105849,Paid,No,7,3383358,1198649,4.54
RA-102808,"Warren, Brown and Gonzalez",Finance,Japan,2025-09-18,LockBit,RDP Exploit,3786609,Unknown,Yes,36,2200130,3872298,11.39
RA-102809,Stephens Inc,Government,Brazil,2023-04-10,BlackCat,Zero-Day Exploit,4426763,Paid,Yes,45,4687272,5791183,15.86
RA-102810,"Gray, Hall and Johnson",Transportation,India,2023-01-20,BlackCat,Phishing Email,4333160,Unknown,No,60,3265468,5232967,16.6
RA-102811,"Vaughn, Lyons and Baxter",Government,United Kingdom,2023-06-18,Ryuk,Phishing Email,2993423,Unknown,Yes,38,4373217,3426973,13.07
RA-102812,Atkins Ltd,Transportation,Germany,2025-01-13,Maze,RDP Exploit,2696464,Negotiated,No,56,235684,3404478,11.33
RA-102813,"Moore, Ford and Rivera",Technology,Australia,2024-08-11,DarkSide,Drive-by Download,4527453,Not Paid,No,5,4933125,5266795,10.21
RA-102814,Blair-Jones,Hospitality,France,2022-05-21,Clop,Malicious Attachment,3064711,Not Paid,No,16,2075987,4287918,7.54
RA-102815,Harris-Holland,Energy,Australia,2023-03-31,Hive,Phishing Email,1196402,Paid,No,7,3927013,3105208,6.17
RA-102816,Gonzalez-Wise,Transportation,Brazil,2024-01-10,Akira,RDP Exploit,2250501,Paid,Yes,60,3567962,3157572,14.82
RA-102817,"Cardenas, Jefferson and Castro",Government,United Kingdom,2021-01-14,DarkSide,RDP Exploit,1276921,Unknown,No,51,4323911,2001991,13.25
RA-102818,Daniels-Barron,Manufacturing,South Africa,2023-05-31,Maze,Drive-by Download,4975476,Paid,Yes,36,1862191,5520346,12.24
RA-102819,"Brown, Solis and Weaver",Retail,India,2022-10-18,BlackCat,RDP Exploit,1060135,Paid,No,56,4344215,1847374,13.8
RA-102820,"Ramirez, Johnson and Orr",Hospitality,Brazil,2025-08-03,Clop,Drive-by Download,1602555,Paid,No,59,64306,2734889,10.52
RA-102821,"Clayton, Rogers and Thomas",Energy,Brazil,2025-04-17,DarkSide,Drive-by Download,1882037,Paid,Yes,36,1400303,2906597,8.68
RA-102822,"Rodriguez, Robinson and Davis",Education,Brazil,2025-12-05,Hive,Zero-Day Exploit,4209896,Not Paid,Yes,19,1176254,4888970,8.24
RA-102823,"Mendoza, Massey and Glass",Finance,United Kingdom,2025-05-17,BlackCat,Phishing Email,520719,Not Paid,No,1,3712775,2433674,4.38
RA-102824,Weber-Sullivan,Government,United States,2021-10-16,Maze,Drive-by Download,1627877,Unknown,No,19,2435039,2663090,6.91
RA-102825,"Edwards, Pierce and Thomas",Finance,Japan,2023-08-20,Akira,Drive-by Download,792989,Unknown,Yes,49,3583656,2763145,11.73
RA-102826,Flynn PLC,Technology,India,2023-02-10,DarkSide,Zero-Day Exploit,3064867,Negotiated,Yes,46,3644971,3808591,13.61
RA-102827,Fleming-Craig,Retail,Canada,2024-05-28,LockBit,Phishing Email,3172770,Negotiated,Yes,34,1967469,3591235,10.24
RA-102828,"Ortiz, Lopez and Rogers",Manufacturing,Germany,2021-11-27,DarkSide,Credential Theft,2366803,Not Paid,Yes,9,3186612,3807376,6.9
RA-102829,"Johnson, Miller and Ramirez",Retail,Germany,2021-09-18,Akira,Drive-by Download,745240,Paid,No,38,637120,2349576,7.08
RA-102830,White Ltd,Government,India,2021-02-13,LockBit,Phishing Email,3040382,Negotiated,No,45,2386775,4053325,12.18
RA-102831,Kelley PLC,Manufacturing,United States,2025-06-04,BlackCat,Phishing Email,4926964,Paid,No,8,693133,6840911,6.82
RA-102832,"Riggs, Mcbride and Thompson",Transportation,United States,2024-12-22,Clop,Zero-Day Exploit,1274968,Negotiated,Yes,27,74870,1349413,5.4
RA-102833,Garza LLC,Manufacturing,Japan,2024-10-02,DarkSide,Credential Theft,2199914,Not Paid,Yes,55,3932061,4117766,14.38
RA-102834,Frazier-Colon,Government,Australia,2022-10-15,DarkSide,Phishing Email,2429495,Not Paid,Yes,33,4197706,3936295,11.58
RA-102835,"Nunez, Hale and Williams",Finance,Canada,2022-08-04,Ryuk,RDP Exploit,4790323,Unknown,No,26,3959469,5995981,12.65
RA-102836,Kim-Morrow,Education,United States,2025-10-14,Conti,Phishing Email,2384270,Unknown,Yes,44,2013912,4097813,11.0
RA-102837,Turner Inc,Transportation,United Kingdom,2025-08-01,REvil,Zero-Day Exploit,3424768,Negotiated,No,28,3060827,3741482,10.69
RA-102838,Greene-Hodges,Energy,United Kingdom,2025-10-24,REvil,Phishing Email,4973108,Paid,Yes,58,1396351,6494324,15.07
RA-102839,Knight-Monroe,Healthcare,South Africa,2024-11-12,REvil,Drive-by Download,1189892,Unknown,Yes,2,4581155,2020136,6.07
RA-102840,"Dixon, Gray and Goodman",Manufacturing,Canada,2022-10-17,Conti,RDP Exploit,726558,Unknown,Yes,38,202162,1909869,6.63
RA-102841,"Palmer, Pena and Stewart",Government,Germany,2023-04-01,Maze,Zero-Day Exploit,1707201,Not Paid,No,47,478418,3560824,9.24
RA-102842,"Gordon, Bennett and Blackburn",Healthcare,United States,2024-05-10,LockBit,Credential Theft,1689201,Paid,Yes,52,108006,1886705,9.6
RA-102843,Carpenter-Riley,Healthcare,Canada,2021-05-16,Hive,Phishing Email,4644272,Not Paid,Yes,29,4370909,4893259,13.37
RA-102844,Miller-Noble,Hospitality,United Kingdom,2022-11-19,Akira,Drive-by Download,2342729,Paid,Yes,5,2811146,3493066,5.9
RA-102845,"Holloway, Scott and Abbott",Energy,India,2021-04-12,Ryuk,Phishing Email,2207111,Not Paid,No,46,1850837,3545357,10.96
RA-102846,"Munoz, Bell and Benson",Finance,United Kingdom,2023-03-18,Clop,Drive-by Download,1434365,Unknown,Yes,35,207571,2517781,6.89
RA-102847,"Carpenter, Webb and Duncan",Retail,Brazil,2022-12-16,LockBit,Malicious Attachment,4803942,Not Paid,Yes,20,3849329,6689067,11.65
RA-102848,Pratt Inc,Transportation,Germany,2025-08-24,Conti,Phishing Email,745520,Unknown,No,3,2926478,2183430,4.12
RA-102849,Carlson Ltd,Education,South Africa,2022-02-20,Hive,Credential Theft,3761960,Paid,No,40,4226600,4380586,13.99
RA-102850,Wright Ltd,Technology,Australia,2021-10-14,LockBit,Drive-by Download,3546592,Paid,No,39,1952804,4551419,11.35
RA-102851,Lawson-Robinson,Finance,France,2025-07-22,DarkSide,Zero-Day Exploit,4080368,Unknown,Yes,28,4017708,5537568,12.3
RA-102852,Johnson LLC,Government,India,2024-09-09,Hive,Credential Theft,4457424,Negotiated,Yes,35,1818280,5325509,11.53
RA-102853,Murphy-Leonard,Technology,United Kingdom,2021-06-29,Akira,RDP Exploit,3331185,Not Paid,No,57,1354566,4305644,13.24
RA-102854,Crawford and Sons,Transportation,United States,2023-06-05,Akira,Drive-by Download,3653887,Not Paid,No,29,4317911,5406206,12.32
RA-102855,White Ltd,Manufacturing,United Kingdom,2024-08-11,Clop,Credential Theft,3335965,Paid,No,6,3315055,5059386,7.55
RA-102856,"Williams, Ellison and Higgins",Manufacturing,Japan,2022-08-20,Hive,Phishing Email,4876937,Not Paid,No,38,2028779,6582323,12.61
RA-102857,"Martinez, Anderson and Kelley",Technology,Australia,2022-12-01,Akira,Zero-Day Exploit,4003188,Unknown,No,31,3899571,4332571,12.55
RA-102858,Ballard-Crawford,Transportation,Australia,2021-02-21,Hive,Phishing Email,4610720,Negotiated,Yes,54,1576830,6533605,14.29
RA-102859,"Garrison, Smith and Adkins",Energy,South Africa,2026-03-08,Ryuk,Malicious Attachment,612669,Unknown,Yes,59,2440419,884390,11.9
RA-102860,"Holland, Barber and Romero",Manufacturing,India,2024-03-16,Maze,Phishing Email,591959,Unknown,Yes,53,1166746,1839763,9.71
RA-102861,Jensen Inc,Technology,United States,2024-08-20,LockBit,Drive-by Download,962565,Negotiated,Yes,54,2586893,2074790,11.65
RA-102862,"Lewis, Sullivan and Ramirez",Education,France,2021-01-09,DarkSide,Credential Theft,1545447,Unknown,No,17,2263092,2801922,6.36
RA-102863,Wilkinson-Ryan,Healthcare,United Kingdom,2024-08-02,Akira,RDP Exploit,3889391,Paid,Yes,4,1953928,5246937,6.44
RA-102864,Harrison Inc,Transportation,India,2021-07-28,LockBit,Zero-Day Exploit,1262666,Negotiated,Yes,22,110768,1406480,4.67
RA-102865,Green LLC,Education,United Kingdom,2024-03-16,Conti,RDP Exploit,197583,Unknown,Yes,26,2891062,520551,6.99
RA-102866,"Medina, Harris and Lowery",Technology,United Kingdom,2025-08-09,LockBit,Phishing Email,1003799,Unknown,Yes,41,4704376,1046676,11.86
RA-102867,"Thomas, Marshall and Davis",Education,India,2021-02-10,Ryuk,RDP Exploit,1146702,Negotiated,No,52,2195224,2804007,11.14
RA-102868,Bernard PLC,Manufacturing,Brazil,2023-01-15,BlackCat,Drive-by Download,2011706,Negotiated,No,31,2418370,2073888,9.08
RA-102869,Nelson PLC,Energy,Canada,2023-03-12,LockBit,Drive-by Download,3087633,Unknown,No,58,3422708,4520108,15.21
RA-102870,Wilson Ltd,Manufacturing,Germany,2025-06-04,REvil,Malicious Attachment,1752167,Paid,No,24,2549640,2293065,7.9
RA-102871,"Carter, Lopez and Roberts",Technology,Australia,2023-02-19,Hive,RDP Exploit,3604865,Negotiated,Yes,58,4605219,4739901,16.91
RA-102872,Jenkins and Sons,Manufacturing,France,2025-05-30,Ryuk,Drive-by Download,2493678,Not Paid,No,36,1918078,3890630,9.81
RA-102873,"Morgan, Harper and Harper",Retail,France,2025-09-01,Maze,RDP Exploit,4153363,Not Paid,Yes,14,3642237,4984685,9.9
RA-102874,Nelson Ltd,Energy,United States,2025-10-29,Hive,Credential Theft,3869826,Negotiated,Yes,31,3061259,4979834,11.58
RA-102875,Kennedy-Price,Retail,Canada,2021-11-22,Conti,Drive-by Download,3431857,Unknown,No,50,4704873,3899965,15.64
RA-102876,"Roberts, Craig and Mata",Retail,Australia,2025-11-10,LockBit,Malicious Attachment,4497703,Paid,Yes,3,2986705,4557571,7.93
RA-102877,Lewis-Lewis,Healthcare,United States,2023-12-26,DarkSide,RDP Exploit,2262709,Negotiated,Yes,26,3888061,2619126,10.05
RA-102878,"Warren, Smith and Brock",Energy,Brazil,2026-02-23,Conti,Drive-by Download,1650434,Unknown,Yes,37,383278,3122029,7.58
RA-102879,Mahoney-Richards,Manufacturing,United States,2025-09-26,Conti,Credential Theft,4956715,Paid,Yes,21,2262013,6298272,10.37
RA-102880,"Adams, Butler and Ross",Finance,Australia,2023-05-14,LockBit,Drive-by Download,1160172,Not Paid,Yes,22,4690125,1906616,9.15
RA-102881,"Turner, Young and Ray",Finance,Canada,2022-09-07,Conti,Malicious Attachment,2886459,Not Paid,Yes,2,1551920,4075744,4.74
RA-102882,"Roberts, Hess and Barker",Government,Germany,2021-10-13,DarkSide,Credential Theft,3897273,Negotiated,Yes,39,2221598,5525810,11.97
RA-102883,Evans-Clark,Manufacturing,Japan,2021-06-11,LockBit,Malicious Attachment,848645,Not Paid,No,8,1193264,1359865,3.24
RA-102884,"Monroe, Huynh and Little",Retail,United Kingdom,2023-01-04,Hive,Zero-Day Exploit,1553961,Unknown,Yes,57,3864891,3277575,13.97
RA-102885,Armstrong PLC,Manufacturing,Brazil,2025-07-09,Conti,Credential Theft,2890228,Not Paid,No,8,428863,3998239,4.52
RA-102886,Pham PLC,Technology,United States,2022-12-15,Akira,Drive-by Download,2459134,Paid,Yes,22,673260,3013437,6.43
RA-102887,Walters PLC,Retail,Australia,2022-10-26,Maze,Malicious Attachment,791574,Not Paid,No,6,3998416,2197359,5.69
RA-102888,Shelton-Miller,Energy,United Kingdom,2024-12-01,Hive,Phishing Email,267149,Unknown,No,60,3505523,561758,12.77
RA-102889,Chang Group,Finance,United Kingdom,2022-02-14,BlackCat,Drive-by Download,2080767,Negotiated,No,29,2098760,2898739,8.53
RA-102890,"Higgins, Guerra and Huber",Technology,Canada,2023-02-07,BlackCat,RDP Exploit,3554877,Unknown,Yes,47,1399203,5160915,12.0
RA-102891,"Johnson, Stewart and Johnson",Energy,India,2023-11-19,Clop,Phishing Email,2165390,Paid,No,34,994387,3247378,8.26
RA-102892,Acosta-Edwards,Healthcare,Germany,2024-03-15,Akira,Credential Theft,1968281,Negotiated,Yes,6,3619678,2482643,6.49
RA-102893,Baldwin PLC,Healthcare,Australia,2023-06-12,Akira,Credential Theft,4149574,Not Paid,Yes,4,2606982,4863350,7.36
RA-102894,Ballard LLC,Finance,United Kingdom,2026-02-16,Conti,Malicious Attachment,3517922,Not Paid,Yes,29,1909045,4947062,9.78
RA-102895,Crawford LLC,Retail,United Kingdom,2022-09-24,LockBit,RDP Exploit,4216767,Negotiated,Yes,23,758862,5605792,8.43
RA-102896,Bell-Kim,Education,France,2023-04-01,Clop,Drive-by Download,2502959,Not Paid,Yes,24,387636,4314456,6.49
RA-102897,"Mack, Ramirez and Daniel",Manufacturing,Brazil,2022-05-20,Ryuk,Zero-Day Exploit,2147045,Not Paid,Yes,9,3954327,2915819,7.45
RA-102898,Mccullough and Sons,Retail,Canada,2021-08-14,Conti,Phishing Email,2783604,Not Paid,No,19,4953322,2844528,10.59
RA-102899,"Becker, Duncan and Cervantes",Finance,United States,2022-05-25,Clop,Drive-by Download,3661415,Unknown,No,57,3124958,4143324,15.34
RA-102900,White-Guerrero,Education,Japan,2021-09-01,BlackCat,Drive-by Download,904284,Unknown,Yes,21,132637,1769922,4.19
RA-102901,"Parker, Evans and Freeman",Energy,Germany,2023-03-10,Clop,Credential Theft,2854878,Paid,No,52,538910,4772661,11.19
RA-102902,Wilson Ltd,Transportation,Brazil,2021-10-17,Conti,Credential Theft,704452,Not Paid,Yes,48,449521,2247793,8.35
RA-102903,"Smith, Patterson and Morgan",Hospitality,South Africa,2021-07-20,Maze,Zero-Day Exploit,4985349,Not Paid,No,36,2065254,5828065,12.45
RA-102904,Hodge Ltd,Education,Japan,2023-06-11,Hive,Drive-by Download,4065475,Unknown,No,8,225795,4828320,5.49
RA-102905,"Reeves, Thomas and Jenkins",Hospitality,Japan,2021-01-03,BlackCat,Malicious Attachment,3713359,Not Paid,Yes,42,2449720,4449512,12.46
RA-102906,"Black, Dawson and White",Education,United States,2022-06-05,Clop,Drive-by Download,2304854,Unknown,Yes,21,428912,2336564,5.88
RA-102907,"Carroll, Mathews and Arnold",Government,Canada,2024-02-22,Maze,Phishing Email,4152053,Not Paid,No,36,287117,6022340,9.84
RA-102908,Ross Group,Government,United States,2023-10-28,REvil,Phishing Email,3358472,Not Paid,No,29,3327028,3467522,11.04
RA-102909,Miller-Rodriguez,Finance,France,2023-04-16,Clop,RDP Exploit,3857369,Unknown,Yes,44,2919215,4491476,13.38
RA-102910,"Browning, Hull and Lutz",Transportation,United Kingdom,2021-04-02,DarkSide,RDP Exploit,638482,Paid,Yes,57,2043455,2389337,11.23
RA-102911,"Andrews, Contreras and Maldonado",Retail,India,2025-11-20,LockBit,Phishing Email,2635433,Negotiated,Yes,7,2044272,3158327,5.73
RA-102912,Boyd-Taylor,Transportation,United Kingdom,2021-11-01,Maze,RDP Exploit,29511,Not Paid,Yes,7,1971602,1162362,3.05
RA-102913,"Chambers, Hensley and Young",Finance,India,2025-04-28,Hive,Phishing Email,4620187,Unknown,Yes,48,1652545,6067032,13.47
RA-102914,Richardson-Dawson,Finance,Brazil,2023-05-01,Conti,Drive-by Download,80812,Unknown,Yes,16,4508733,1276416,6.99
RA-102915,Gonzalez-Acosta,Energy,India,2023-08-13,DarkSide,RDP Exploit,4285544,Paid,Yes,38,2569166,5654532,12.55
RA-102916,Doyle-Price,Finance,United States,2021-02-17,DarkSide,Phishing Email,2971112,Unknown,Yes,9,677836,3520036,5.0
RA-102917,"Bennett, Moore and Miller",Healthcare,France,2023-06-08,Akira,Malicious Attachment,2030380,Paid,Yes,18,4702993,2806226,9.43
RA-102918,"Smith, Brown and Mayer",Finance,South Africa,2022-03-20,Akira,Phishing Email,3853507,Negotiated,No,1,4438397,4642209,8.44
RA-102919,"Salinas, Murray and Wagner",Hospitality,Brazil,2023-01-11,Clop,Credential Theft,2182193,Unknown,No,60,3048256,3073658,14.23
RA-102920,"Brooks, Harmon and Smith",Education,Brazil,2022-11-25,Ryuk,Zero-Day Exploit,3272239,Paid,Yes,53,963814,4540613,12.19
RA-102921,Joseph-Bell,Transportation,France,2023-06-19,Ryuk,RDP Exploit,3747554,Unknown,Yes,47,975938,5200601,11.77
RA-102922,Richards and Sons,Technology,India,2024-04-12,DarkSide,Credential Theft,2977716,Not Paid,Yes,26,893920,3269724,7.77
RA-102923,"Coleman, Meyers and Hudson",Finance,Germany,2023-02-02,Hive,Credential Theft,3053893,Unknown,No,32,1740511,4025995,9.59
RA-102924,"Black, Rodgers and Stevenson",Retail,India,2025-08-13,BlackCat,Malicious Attachment,395391,Negotiated,No,11,1172742,861344,3.22
RA-102925,Mathews-Nicholson,Government,Germany,2025-12-20,LockBit,Malicious Attachment,3203267,Paid,Yes,12,4146077,4103010,9.15
RA-102926,"Hart, Washington and Dawson",Retail,United Kingdom,2025-07-08,BlackCat,Malicious Attachment,3839254,Not Paid,No,27,811801,5284120,8.7
RA-102927,"Hayes, Thomas and Donovan",Technology,Germany,2023-11-14,Ryuk,Malicious Attachment,1907236,Unknown,Yes,8,3328549,3032636,6.44
RA-102928,Nelson and Sons,Transportation,Japan,2025-09-20,Ryuk,Credential Theft,2104265,Unknown,Yes,25,2627359,2905117,8.48
RA-102929,"Powell, Curry and Gentry",Government,United States,2022-03-20,LockBit,Malicious Attachment,3170898,Not Paid,No,36,4687089,4815438,13.26
RA-102930,Smith-Contreras,Finance,Australia,2024-10-30,Akira,RDP Exploit,1916238,Not Paid,Yes,26,1904424,3373472,7.72
RA-102931,"Hancock, Johnson and Taylor",Manufacturing,Japan,2024-09-16,Conti,Malicious Attachment,1411494,Paid,Yes,31,483712,2225336,6.55
RA-102932,Jackson-Morgan,Education,Japan,2026-02-03,BlackCat,Phishing Email,2221458,Unknown,Yes,4,3163614,3789278,5.99
RA-102933,White-Gibson,Finance,France,2021-09-20,Conti,Phishing Email,4313078,Paid,Yes,11,2355334,5329321,8.32
RA-102934,Silva Ltd,Healthcare,Brazil,2023-07-04,Maze,Drive-by Download,4898821,Unknown,No,50,3359557,6276171,15.76
RA-102935,"Hoffman, Clark and Osborne",Hospitality,Brazil,2025-09-02,Akira,Credential Theft,4841461,Paid,No,31,2389674,6071238,11.88
RA-102936,Castillo-Love,Finance,Canada,2021-11-27,Hive,Zero-Day Exploit,1135967,Negotiated,No,7,4113307,1406514,6.3
RA-102937,Dunn Inc,Hospitality,France,2022-12-30,BlackCat,Phishing Email,4340096,Unknown,Yes,48,796353,5509594,12.34
RA-102938,Smith-Carey,Government,South Africa,2023-10-06,Ryuk,RDP Exploit,1777171,Paid,Yes,41,2628947,2639416,10.56
RA-102939,Goodwin-Lopez,Education,India,2024-05-06,BlackCat,Zero-Day Exploit,3872134,Negotiated,No,24,2956237,4822982,10.43
RA-102940,Adams-Hoffman,Finance,South Africa,2022-03-23,Akira,RDP Exploit,4098670,Paid,No,59,4702365,5172170,17.65
RA-102941,Orr-Webster,Government,United States,2023-12-23,DarkSide,Phishing Email,1403294,Unknown,No,45,397394,1652009,8.55
RA-102942,Hall-Kaufman,Technology,Germany,2022-12-14,Conti,Zero-Day Exploit,1586463,Paid,Yes,51,1440764,1837466,10.68
RA-102943,Hamilton LLC,Retail,Japan,2021-06-07,LockBit,Phishing Email,3949377,Negotiated,Yes,40,4419918,4650226,14.37
RA-102944,Oneill-Ramos,Manufacturing,Canada,2022-05-12,Maze,Credential Theft,3999836,Negotiated,Yes,44,1370313,5271014,11.97
RA-102945,Page and Sons,Hospitality,Japan,2022-12-01,Hive,Phishing Email,3537425,Not Paid,No,58,1966557,4973661,14.2
RA-102946,Cooper-Mack,Education,United Kingdom,2025-10-09,Maze,Malicious Attachment,2340821,Paid,No,47,1827367,3616990,11.22
RA-102947,"Compton, Perkins and Mathis",Transportation,South Africa,2025-07-15,REvil,Zero-Day Exploit,2289461,Unknown,Yes,5,1545752,2976151,4.59
RA-102948,"Lopez, Jones and Coleman",Government,India,2026-01-27,LockBit,Phishing Email,896656,Unknown,Yes,53,1528480,2388647,10.38
RA-102949,Smith-Rich,Government,France,2024-03-16,REvil,Malicious Attachment,2195434,Not Paid,Yes,23,2166105,2410258,7.81
RA-102950,Welch Inc,Government,United States,2022-10-05,DarkSide,Credential Theft,3273300,Unknown,No,14,442358,4548108,5.82
RA-102951,Miller-Moore,Retail,Australia,2025-05-07,Akira,Credential Theft,392062,Unknown,Yes,42,4925414,1301004,11.62
RA-102952,"Li, Mora and Ruiz",Hospitality,Japan,2024-07-13,Clop,Drive-by Download,2333384,Paid,No,59,269461,3522829,11.45
RA-102953,Hunt-Duran,Technology,France,2023-09-18,BlackCat,Phishing Email,1583589,Not Paid,Yes,22,779801,2471324,5.66
RA-102954,Guzman Group,Healthcare,Brazil,2024-06-27,Clop,Phishing Email,3951576,Unknown,Yes,13,3597070,4911211,9.5
RA-102955,Ortega-Cox,Education,United Kingdom,2024-12-18,Clop,Drive-by Download,2469021,Negotiated,Yes,1,1512227,3119973,4.13
RA-102956,Cain LLC,Healthcare,India,2024-11-10,Conti,RDP Exploit,4410785,Not Paid,No,57,1925571,6121068,14.89
RA-102957,"Stone, Matthews and Snow",Transportation,South Africa,2022-10-03,REvil,Malicious Attachment,2593230,Negotiated,Yes,58,121030,2800665,11.41
RA-102958,Green Inc,Healthcare,United Kingdom,2022-08-31,REvil,RDP Exploit,4641777,Negotiated,Yes,56,2271325,4977467,15.31
RA-102959,Wong and Sons,Finance,South Africa,2024-11-29,Hive,Zero-Day Exploit,2585758,Paid,No,29,3450776,3331936,10.39
RA-102960,Schroeder Inc,Finance,Canada,2023-05-04,DarkSide,Malicious Attachment,2303180,Not Paid,Yes,1,4831587,2910883,7.28
RA-102961,Orr PLC,Retail,United Kingdom,2026-01-12,REvil,Malicious Attachment,1619978,Paid,Yes,30,326680,2300896,6.45
RA-102962,Thomas-Ramirez,Finance,United States,2023-11-08,Conti,Malicious Attachment,1507260,Unknown,No,25,638416,2916893,5.9
RA-102963,Fisher Inc,Education,United States,2024-06-16,Clop,RDP Exploit,2246165,Unknown,No,12,4847936,3501102,8.89
RA-102964,Taylor-Kennedy,Technology,Japan,2024-12-27,Clop,RDP Exploit,3206132,Negotiated,Yes,28,4891380,4608567,12.3
RA-102965,Parker-Perez,Retail,South Africa,2022-04-20,BlackCat,Drive-by Download,4511859,Not Paid,Yes,25,782509,5714469,9.04
RA-102966,Kim-Williamson,Retail,United Kingdom,2025-09-08,REvil,Phishing Email,1938534,Unknown,No,51,2563186,2214487,12.15
RA-102967,Sanchez-Goodman,Technology,Germany,2024-10-11,Conti,Malicious Attachment,1495443,Not Paid,Yes,33,1575653,2072007,8.02
RA-102968,Beard-Franco,Transportation,India,2022-06-12,Ryuk,Credential Theft,1755593,Negotiated,Yes,31,3111661,1980608,9.52
RA-102969,Gutierrez Group,Retail,United Kingdom,2023-11-06,REvil,RDP Exploit,3651173,Not Paid,No,50,3036535,5363924,14.19
RA-102970,Best-Odonnell,Healthcare,Brazil,2024-06-24,REvil,RDP Exploit,1125305,Negotiated,Yes,36,2766406,1855730,9.29
RA-102971,Allen Inc,Transportation,Japan,2024-03-28,Maze,Credential Theft,2919169,Negotiated,No,11,4693042,4257927,9.26
RA-102972,Harris LLC,Hospitality,India,2025-09-24,REvil,Malicious Attachment,74262,Not Paid,No,16,4775887,979578,7.25
RA-102973,Johnson-Smith,Manufacturing,United States,2024-05-15,REvil,Zero-Day Exploit,811364,Paid,Yes,54,3945464,1670411,12.86
RA-102974,Perry-Garza,Hospitality,Australia,2021-01-10,REvil,RDP Exploit,320710,Unknown,Yes,49,4965466,2004593,12.64
RA-102975,"Garcia, Carlson and Rogers",Technology,France,2022-07-17,Ryuk,Zero-Day Exploit,2394091,Unknown,No,48,3372028,3802811,12.97
RA-102976,Welch PLC,Healthcare,India,2023-07-25,Akira,Phishing Email,142582,Paid,No,27,893417,1112188,5.09
RA-102977,Collins Ltd,Healthcare,Germany,2024-06-26,Hive,Malicious Attachment,3698627,Unknown,Yes,59,688263,3878063,13.24
RA-102978,Dickson LLC,Technology,Australia,2022-11-21,LockBit,Drive-by Download,3294919,Negotiated,Yes,31,3007387,4183271,10.95
RA-102979,"Thompson, Larson and Adams",Finance,India,2024-01-17,DarkSide,Drive-by Download,4242783,Negotiated,No,28,167895,5691901,8.61
RA-102980,Martin-Mcbride,Government,Australia,2024-02-27,Akira,Drive-by Download,1520838,Unknown,No,14,2383191,2986878,6.0
RA-102981,Webster-Dillon,Manufacturing,India,2021-02-08,Ryuk,Drive-by Download,2339036,Not Paid,No,21,139676,3703194,5.63
RA-102982,"Payne, Berger and Burgess",Retail,United Kingdom,2022-12-04,Hive,Zero-Day Exploit,2612738,Paid,No,3,1138555,4352519,4.2
RA-102983,Martinez LLC,Manufacturing,Brazil,2025-08-30,BlackCat,Malicious Attachment,4510180,Paid,Yes,38,1407864,6406586,11.62
RA-102984,"Russell, Burke and Rocha",Manufacturing,Brazil,2022-11-08,Ryuk,Drive-by Download,472220,Not Paid,No,56,2019384,1612411,10.89
RA-102985,Mendoza PLC,Technology,Germany,2025-11-27,Hive,Drive-by Download,2528750,Negotiated,Yes,33,598583,3858246,8.08
RA-102986,Nash-Hill,Healthcare,India,2025-04-03,Conti,Malicious Attachment,3420873,Negotiated,Yes,56,4691745,5251562,16.51
RA-102987,Shaw Group,Education,Brazil,2021-02-08,Hive,Credential Theft,714509,Unknown,No,2,666712,2507410,1.68
RA-102988,"Thomas, Irwin and Chase",Transportation,Australia,2021-06-22,Clop,Drive-by Download,1753154,Unknown,No,1,2465896,3110994,4.37
RA-102989,Schwartz and Sons,Government,India,2022-12-19,Maze,Zero-Day Exploit,4402147,Not Paid,Yes,25,3983414,4514430,12.14
RA-102990,Perez-Jensen,Retail,Germany,2022-02-02,Akira,Malicious Attachment,3548868,Unknown,No,14,2128536,4196495,7.78
RA-102991,"Lopez, Reyes and Holt",Finance,United Kingdom,2025-03-11,Conti,RDP Exploit,2056896,Negotiated,No,15,880497,3193521,5.19
RA-102992,Rodriguez PLC,Healthcare,Brazil,2024-10-23,Conti,Phishing Email,3542299,Unknown,No,6,3999601,5049800,8.44
RA-102993,Bell and Sons,Technology,United Kingdom,2022-07-28,Ryuk,RDP Exploit,3002484,Unknown,Yes,30,3871868,4870858,11.37
RA-102994,Young Inc,Healthcare,France,2023-03-15,Akira,Credential Theft,3733704,Unknown,No,35,2627090,5204622,11.61
RA-102995,Phillips Group,Retail,Canada,2022-06-27,Conti,Malicious Attachment,4164032,Negotiated,Yes,50,3140239,5460164,14.8
RA-102996,Perez Ltd,Energy,Canada,2024-04-18,LockBit,RDP Exploit,2975755,Unknown,No,55,1596101,3921347,12.82
RA-102997,"Gray, Rivers and Nixon",Healthcare,Canada,2023-08-12,Clop,Phishing Email,3527305,Unknown,No,36,3987371,4127427,12.91
RA-102998,Santos-Watson,Energy,Australia,2023-08-15,Conti,Malicious Attachment,2980367,Paid,Yes,6,2584843,4241890,6.47
RA-102999,Lowe Group,Government,United States,2022-10-12,Akira,Credential Theft,3957582,Paid,Yes,50,1742389,5334381,13.2
RA-103000,Garrett-Flowers,Healthcare,India,2024-08-10,Maze,Zero-Day Exploit,395165,Negotiated,Yes,37,2330146,1953858,8.28
RA-103001,Zhang Ltd,Government,France,2022-05-11,Maze,Drive-by Download,2441930,Unknown,No,47,2209588,3172103,11.7
RA-103002,Carey-Mejia,Education,India,2022-05-19,Ryuk,Phishing Email,2873538,Paid,Yes,12,1680210,4697405,6.35
RA-103003,Lewis LLC,Finance,South Africa,2022-06-17,LockBit,Drive-by Download,3917573,Not Paid,No,2,4786806,5472885,9.0
RA-103004,"Wilkins, Ortiz and Sharp",Finance,Japan,2024-04-12,Akira,Credential Theft,3038933,Unknown,No,53,3535187,3212084,14.52
RA-103005,"Henson, Browning and Wallace",Manufacturing,France,2021-06-14,Conti,Drive-by Download,732826,Unknown,No,36,854079,2174860,6.99
RA-103006,Brooks PLC,Retail,Brazil,2023-04-03,DarkSide,Zero-Day Exploit,3581778,Paid,No,5,2617001,5123047,6.95
RA-103007,Thompson-Haley,Energy,Japan,2023-11-13,Ryuk,Zero-Day Exploit,4089084,Unknown,Yes,43,602,4687679,10.54
RA-103008,Bond-Bird,Education,Australia,2024-12-21,Ryuk,Malicious Attachment,137730,Negotiated,Yes,48,3127909,1640933,10.47
RA-103009,Johnson and Sons,Government,Germany,2023-12-15,LockBit,Drive-by Download,573742,Not Paid,Yes,18,1376429,2054650,4.65
RA-103010,"Curtis, Miller and Harper",Healthcare,Australia,2023-10-14,REvil,Zero-Day Exploit,3551813,Not Paid,No,59,2397334,5355644,14.8
RA-103011,Smith-Burke,Manufacturing,South Africa,2021-12-24,Conti,Phishing Email,1309982,Unknown,No,5,2125579,1434895,4.19
RA-103012,Carroll PLC,Government,Germany,2021-03-08,Hive,Credential Theft,2591434,Paid,No,32,2579834,3547390,9.97
RA-103013,Rodgers Inc,Energy,Canada,2023-07-19,REvil,RDP Exploit,4202178,Paid,Yes,22,1406530,4759849,8.91
RA-103014,Hayes LLC,Education,Germany,2022-11-02,Hive,Zero-Day Exploit,2206637,Not Paid,No,19,865062,2251632,5.92
RA-103015,Acosta-Bowman,Retail,Brazil,2021-06-18,DarkSide,Malicious Attachment,4511952,Paid,Yes,59,3408284,5389375,16.77
RA-103016,Bradford LLC,Transportation,Germany,2021-07-04,LockBit,RDP Exploit,1712549,Negotiated,No,59,3074263,1882676,13.64
RA-103017,"Moore, Young and Sanchez",Manufacturing,France,2022-02-05,BlackCat,Malicious Attachment,2249252,Not Paid,No,58,3509961,3879188,14.46
RA-103018,Mccullough PLC,Transportation,Japan,2024-07-30,Maze,Malicious Attachment,1412503,Paid,No,45,997735,2447925,9.16
RA-103019,Meyers Ltd,Technology,Australia,2024-12-16,Maze,Credential Theft,642334,Paid,No,59,1432950,1814157,10.93
RA-103020,"Rhodes, Williams and Byrd",Transportation,Germany,2023-08-02,BlackCat,Credential Theft,2900427,Not Paid,No,49,1491716,3361591,11.74
RA-103021,Bridges Group,Healthcare,United States,2023-12-27,Conti,Credential Theft,4802777,Paid,No,6,4594806,6682447,10.3
RA-103022,"Byrd, Clarke and Adams",Hospitality,United Kingdom,2025-11-09,REvil,RDP Exploit,3236119,Paid,No,13,2173720,3512740,7.36
RA-103023,Huff-Long,Healthcare,Japan,2024-03-22,BlackCat,RDP Exploit,3891528,Paid,No,48,2031507,5501925,13.12
RA-103024,"Fields, Thornton and Hall",Finance,South Africa,2021-11-13,REvil,Drive-by Download,3965948,Unknown,Yes,58,1620711,4595010,14.29
RA-103025,"Lawson, Lang and Evans",Manufacturing,Australia,2022-02-07,Conti,Phishing Email,2097610,Paid,No,6,2787971,3958669,5.79
RA-103026,"Wilson, Marsh and Wheeler",Retail,Canada,2022-04-03,LockBit,Zero-Day Exploit,332083,Unknown,Yes,13,494072,2037561,2.78
RA-103027,"Bennett, Guerrero and Baxter",Technology,Australia,2024-10-07,Akira,Credential Theft,842252,Negotiated,No,58,398161,2145437,9.94
RA-103028,"Graham, Huynh and Ramos",Retail,Australia,2022-10-17,REvil,Phishing Email,3835393,Not Paid,Yes,27,3625311,4343216,11.51
RA-103029,"Thomas, Ortiz and Greene",Education,United States,2021-10-17,Ryuk,Malicious Attachment,3415888,Paid,Yes,40,2239025,4141526,11.65
RA-103030,Perez-Hunter,Technology,Japan,2021-02-16,BlackCat,Phishing Email,3522771,Paid,Yes,7,3208283,4876450,7.78
RA-103031,Howard-Tanner,Transportation,United Kingdom,2021-11-24,Ryuk,Credential Theft,2102644,Not Paid,Yes,9,1036075,2960937,4.49
RA-103032,"Johnson, Carrillo and Lopez",Technology,United Kingdom,2024-11-08,Ryuk,Credential Theft,707283,Unknown,Yes,41,4187872,1463532,11.05
RA-103033,"Duke, Cunningham and Miller",Hospitality,South Africa,2021-03-04,LockBit,Phishing Email,4443229,Negotiated,Yes,13,2273329,5494610,8.67
RA-103034,Glass-West,Education,France,2021-10-12,DarkSide,Phishing Email,2955231,Not Paid,Yes,32,1086477,4559199,8.84
RA-103035,Schmidt-Allen,Retail,France,2021-10-26,Maze,Credential Theft,260899,Unknown,Yes,3,3886563,2185324,4.6
RA-103036,Wallace and Sons,Finance,United Kingdom,2022-06-05,Akira,Malicious Attachment,1610366,Paid,No,36,3884701,3590169,10.9
RA-103037,Coleman-Morris,Transportation,United States,2022-11-17,Clop,Drive-by Download,1567515,Unknown,Yes,58,375036,2272055,10.64
RA-103038,Hernandez-Serrano,Healthcare,United Kingdom,2025-07-09,Clop,Malicious Attachment,3193537,Paid,No,3,2416322,4362041,6.06
RA-103039,Ramos LLC,Energy,Canada,2025-05-23,DarkSide,Zero-Day Exploit,3013256,Negotiated,Yes,55,2520339,4882190,13.78
RA-103040,Edwards and Sons,Finance,France,2025-01-10,Akira,Credential Theft,4866800,Negotiated,No,2,2157445,6702632,7.32
RA-103041,Knight PLC,Technology,Australia,2023-03-15,Maze,Zero-Day Exploit,2182559,Not Paid,Yes,14,296026,2389205,4.58
RA-103042,Terrell LLC,Transportation,Brazil,2023-11-21,Ryuk,Malicious Attachment,4693091,Unknown,Yes,32,4453134,5769826,13.95
RA-103043,Greer-Erickson,Education,United Kingdom,2021-06-01,Akira,Phishing Email,1733083,Paid,Yes,25,440223,2616946,5.92
RA-103044,Fisher-Gibson,Retail,Brazil,2025-06-26,Akira,Malicious Attachment,1628444,Unknown,Yes,36,3206146,1657573,10.23
RA-103045,Jackson Group,Transportation,United States,2025-03-24,Conti,Malicious Attachment,4848732,Paid,No,40,129484,5308191,10.98
RA-103046,Mccarthy-Burke,Government,France,2025-10-21,Clop,Drive-by Download,4375929,Negotiated,No,38,2706702,5916540,12.78
RA-103047,"Robles, Robertson and Brown",Energy,Japan,2021-05-31,LockBit,Malicious Attachment,4946907,Not Paid,No,46,1023805,5501360,12.87
RA-103048,Hopkins-Brown,Manufacturing,South Africa,2023-06-22,Ryuk,Zero-Day Exploit,1079964,Not Paid,Yes,36,2008068,2324188,8.49
RA-103049,Martinez and Sons,Technology,Brazil,2025-08-07,LockBit,Credential Theft,4739525,Negotiated,No,22,1854508,5013964,9.89
RA-103050,"Thomas, Martinez and Medina",Manufacturing,India,2025-07-27,Clop,Credential Theft,4440229,Not Paid,No,48,3471905,6200749,15.11
RA-103051,"Freeman, Nelson and Phillips",Education,France,2025-05-05,Clop,Drive-by Download,4491195,Paid,Yes,43,1556784,6331248,12.5
RA-103052,Brandt Group,Government,United States,2023-12-16,Ryuk,Credential Theft,1836516,Negotiated,No,10,2059246,2629837,5.4
RA-103053,Simmons-Sanders,Technology,Brazil,2024-01-02,Hive,Phishing Email,2505023,Unknown,No,44,3543492,3532054,12.65
RA-103054,Sellers-Foster,Retail,Japan,2022-10-26,Maze,Credential Theft,4632693,Unknown,No,15,4023528,5206409,10.91
RA-103055,Clark-Holder,Government,South Africa,2021-10-28,DarkSide,Malicious Attachment,670631,Negotiated,No,15,2998307,2014793,5.92
RA-103056,Davidson PLC,Hospitality,Brazil,2024-05-13,REvil,Credential Theft,1335774,Unknown,No,60,4219119,2813822,14.55
RA-103057,Carpenter LLC,Technology,United Kingdom,2021-06-28,Ryuk,Zero-Day Exploit,544974,Negotiated,Yes,46,2442297,1659257,9.89
RA-103058,"Soto, Freeman and Charles",Retail,Australia,2025-09-15,Conti,Malicious Attachment,993314,Unknown,No,51,4135849,1893346,12.78
RA-103059,Howard Inc,Technology,Canada,2025-06-01,BlackCat,Credential Theft,2675039,Unknown,No,5,3004819,4317985,6.43
RA-103060,"Maxwell, Coleman and Curry",Healthcare,Japan,2023-12-21,Conti,Malicious Attachment,3584988,Not Paid,Yes,16,66674,5510767,6.05
RA-103061,Gilbert PLC,Healthcare,South Africa,2025-09-07,Maze,Credential Theft,929905,Unknown,Yes,26,1607955,2695480,6.44
RA-103062,Brooks-Phelps,Retail,France,2021-12-20,Conti,Malicious Attachment,2360368,Not Paid,No,10,1059184,3469958,4.92
RA-103063,Everett Ltd,Transportation,Canada,2023-02-21,Ryuk,Drive-by Download,3446089,Paid,Yes,36,409630,4646695,9.26
RA-103064,Burns-Cochran,Government,Germany,2025-07-06,REvil,Credential Theft,4250900,Paid,Yes,3,2303563,4277900,7.0
RA-103065,"Hurley, Chavez and Sanders",Government,Australia,2025-09-14,Hive,Zero-Day Exploit,2803807,Unknown,No,56,1838661,3733688,13.04
RA-103066,Patrick-Cole,Technology,United States,2021-08-02,Maze,RDP Exploit,2906791,Not Paid,No,21,2191327,3488402,8.25
RA-103067,Pollard LLC,Technology,United Kingdom,2021-03-25,DarkSide,RDP Exploit,3674331,Paid,No,32,2242571,5637607,10.72
RA-103068,Brown-Williams,Hospitality,South Africa,2025-03-15,BlackCat,Credential Theft,1734816,Not Paid,No,26,2507560,3053545,8.14
RA-103069,"Freeman, Miller and Hines",Transportation,Australia,2023-04-18,LockBit,RDP Exploit,3733295,Paid,No,48,1288287,5427349,12.22
RA-103070,Robbins PLC,Healthcare,Brazil,2022-10-20,DarkSide,Malicious Attachment,1829589,Negotiated,Yes,36,2062859,3645017,9.29
RA-103071,Mcclure-Manning,Retail,Germany,2021-07-02,Akira,Malicious Attachment,1336396,Unknown,No,25,1530123,2220457,6.62
RA-103072,"Jones, Lam and Guerrero",Technology,United States,2024-08-06,DarkSide,Credential Theft,4299954,Paid,No,18,2420812,5879438,9.42
RA-103073,Smith Ltd,Hospitality,South Africa,2025-08-28,Akira,Credential Theft,2885596,Paid,No,6,4719334,4357242,8.5
RA-103074,Holland-Mcfarland,Hospitality,Canada,2023-09-17,REvil,Phishing Email,3147744,Negotiated,Yes,24,574901,3478978,7.32
RA-103075,Khan-Jones,Retail,Japan,2022-11-26,Hive,RDP Exploit,1733125,Not Paid,No,44,841563,2643734,9.17
RA-103076,"Bates, Mendez and Brown",Energy,India,2024-09-19,Maze,Zero-Day Exploit,4789564,Negotiated,Yes,31,2282751,5722258,11.72
RA-103077,Allen LLC,Hospitality,Canada,2023-09-13,Conti,Drive-by Download,162219,Negotiated,Yes,24,2735991,807640,6.5
RA-103078,Garcia-Edwards,Energy,South Africa,2025-04-18,Maze,Zero-Day Exploit,3628118,Not Paid,Yes,35,3949042,5016455,12.83
RA-103079,"Scott, Nichols and Stanley",Hospitality,United States,2025-01-26,DarkSide,Zero-Day Exploit,27421,Not Paid,No,54,4884472,594490,13.01
RA-103080,Dean Group,Hospitality,Brazil,2025-11-07,DarkSide,Phishing Email,949165,Paid,Yes,23,1765977,1714018,6.17
RA-103081,Taylor-Reynolds,Energy,Germany,2021-08-13,REvil,Credential Theft,1037380,Negotiated,Yes,22,2116219,2016984,6.45
RA-103082,Campbell Group,Transportation,Brazil,2024-09-20,Clop,RDP Exploit,606937,Negotiated,No,53,2201396,2072852,10.76
RA-103083,"Gonzalez, Sanchez and Dalton",Finance,Germany,2023-08-18,Maze,Malicious Attachment,4203343,Unknown,No,22,3366371,4747198,10.87
RA-103084,"Reyes, Montgomery and Brown",Manufacturing,Brazil,2021-07-15,Conti,Credential Theft,3305983,Negotiated,Yes,35,2758265,5152115,11.31
RA-103085,Williams Ltd,Manufacturing,France,2022-05-02,LockBit,Drive-by Download,1217718,Negotiated,No,35,3076358,2009702,9.54
RA-103086,"Dixon, Mcintosh and Hicks",Transportation,South Africa,2025-03-10,Ryuk,Zero-Day Exploit,2533426,Paid,Yes,54,4092055,3302857,14.73
RA-103087,Smith and Sons,Finance,Germany,2025-06-01,Ryuk,RDP Exploit,4458537,Not Paid,Yes,50,2202037,5785694,14.16
RA-103088,Washington-Herrera,Healthcare,Brazil,2025-02-27,BlackCat,Malicious Attachment,2537954,Unknown,No,29,15878,3178322,6.9
RA-103089,Koch LLC,Hospitality,Brazil,2024-07-21,Conti,Malicious Attachment,810440,Paid,No,17,4133167,2224359,7.49
RA-103090,Hill-Colon,Transportation,Germany,2025-01-01,DarkSide,Malicious Attachment,2683832,Negotiated,No,37,2852609,2781367,11.09
RA-103091,"Shannon, Smith and Daniel",Hospitality,India,2021-03-17,BlackCat,Phishing Email,1033956,Paid,No,30,213156,1444435,5.75
RA-103092,"Vargas, Lynch and Myers",Finance,Brazil,2022-12-14,LockBit,Zero-Day Exploit,267058,Unknown,No,43,329886,1866654,7.05
RA-103093,Owens PLC,Hospitality,United Kingdom,2024-03-22,Hive,Malicious Attachment,285544,Negotiated,Yes,32,4555080,1202512,9.64
RA-103094,Becker-Davis,Government,France,2023-03-26,Akira,Zero-Day Exploit,1314426,Unknown,No,8,3063328,2537210,5.58
RA-103095,Martinez Inc,Technology,Brazil,2024-10-18,Conti,Malicious Attachment,2102040,Negotiated,No,23,1660556,3770020,7.21
RA-103096,Wilkerson Ltd,Education,France,2021-04-04,Hive,RDP Exploit,4107446,Negotiated,Yes,4,3812341,4386064,8.52
RA-103097,Harrison-Chapman,Finance,Germany,2022-03-14,Akira,Phishing Email,1938439,Paid,No,52,2897575,3668675,12.64
RA-103098,Parker-Nunez,Retail,United Kingdom,2022-01-24,DarkSide,Drive-by Download,400341,Negotiated,Yes,39,3926769,2320375,10.18
RA-103099,"Klein, Sanchez and Duncan",Energy,Japan,2023-06-05,Ryuk,Zero-Day Exploit,3403968,Paid,No,55,1887670,4071736,13.54
RA-103100,Stewart-Merritt,Healthcare,Brazil,2023-12-02,Conti,Malicious Attachment,192457,Unknown,No,13,92407,1595370,2.23
RA-103101,Nunez Inc,Education,Australia,2024-02-23,Clop,Drive-by Download,1291541,Unknown,Yes,25,211408,2378777,5.25
RA-103102,Gomez-Duncan,Retail,South Africa,2026-01-11,Clop,Credential Theft,3954990,Unknown,No,52,4960262,5948844,16.72
RA-103103,Calderon Inc,Education,Germany,2024-04-09,Clop,Phishing Email,874783,Negotiated,Yes,6,1059210,2294528,2.83
RA-103104,"Mckay, Hernandez and Johnston",Finance,Japan,2022-10-23,DarkSide,Drive-by Download,1339348,Not Paid,No,52,3167728,1522590,12.31
RA-103105,"Patel, Jones and Henderson",Retail,Canada,2025-07-17,Ryuk,Malicious Attachment,2573037,Not Paid,Yes,26,2671646,3529911,9.14
RA-103106,"Kelly, Travis and Taylor",Finance,South Africa,2023-02-07,Hive,Phishing Email,2664403,Negotiated,Yes,18,2402682,4613292,7.77
RA-103107,Keller Ltd,Transportation,United States,2022-03-14,Maze,RDP Exploit,3209838,Paid,Yes,59,3776193,3613222,15.84
RA-103108,"Bryant, Mccullough and Sheppard",Energy,India,2024-02-06,Hive,Malicious Attachment,4533799,Paid,No,7,4975484,4997597,10.56
RA-103109,Leonard Inc,Education,United Kingdom,2025-11-01,LockBit,Phishing Email,4171244,Negotiated,Yes,6,2182570,4982359,7.25
RA-103110,Moore Ltd,Finance,South Africa,2022-02-11,Clop,Zero-Day Exploit,2042878,Not Paid,Yes,21,2239547,2178004,7.43
RA-103111,Hansen-Jones,Transportation,Brazil,2026-02-10,Ryuk,Malicious Attachment,3269572,Unknown,No,1,1640870,3282968,5.06
RA-103112,"Ford, Lopez and Heath",Energy,India,2021-04-05,BlackCat,Credential Theft,4811755,Not Paid,No,1,3538313,6208811,8.5
RA-103113,Dominguez and Sons,Energy,India,2023-02-12,DarkSide,Drive-by Download,1216157,Paid,No,48,3130531,1231575,11.55
RA-103114,Jones PLC,Retail,France,2022-01-15,Hive,Credential Theft,791928,Unknown,Yes,32,1235588,889581,6.83
RA-103115,Acevedo LLC,Hospitality,Germany,2024-09-07,LockBit,RDP Exploit,2519941,Not Paid,No,7,4202825,3347685,7.77
RA-103116,"Dean, Valenzuela and Powers",Technology,Canada,2025-09-27,Akira,Zero-Day Exploit,2499545,Unknown,No,42,2755812,4178553,11.56
RA-103117,Sandoval LLC,Healthcare,Australia,2021-08-12,Conti,Credential Theft,4944399,Paid,No,40,698993,5795940,11.64
RA-103118,"Johnson, Brown and Glenn",Hospitality,Brazil,2025-05-26,LockBit,RDP Exploit,2103600,Negotiated,Yes,51,4774290,2183205,14.53
RA-103119,Watts-Owens,Healthcare,South Africa,2022-11-20,Hive,Phishing Email,965434,Negotiated,Yes,46,3780246,2407111,11.65
RA-103120,Phillips-Shah,Technology,Brazil,2022-01-20,LockBit,Zero-Day Exploit,3336166,Negotiated,Yes,35,1192972,4561627,9.78
RA-103121,Brooks and Sons,Hospitality,Germany,2021-08-30,Ryuk,Drive-by Download,2790972,Not Paid,No,60,2068754,2941449,13.86
RA-103122,Carpenter Inc,Education,South Africa,2021-12-18,Ryuk,Credential Theft,3373270,Paid,No,51,29017,3678120,11.05
RA-103123,"Garcia, Estrada and Sullivan",Hospitality,Germany,2023-01-22,Conti,Malicious Attachment,2323144,Not Paid,No,33,87882,2630026,7.36
RA-103124,Green-Ramirez,Energy,Germany,2022-01-29,Maze,Phishing Email,698594,Unknown,No,1,3424779,1467947,4.27
RA-103125,Fuller-Garcia,Manufacturing,South Africa,2022-11-24,LockBit,RDP Exploit,2133367,Paid,No,25,4814407,2599858,10.7
RA-103126,"Gomez, Lutz and Flores",Government,South Africa,2021-04-07,Akira,Malicious Attachment,746780,Negotiated,No,10,4555783,1269624,6.8
RA-103127,Miller and Sons,Hospitality,Brazil,2024-03-05,BlackCat,Zero-Day Exploit,4855197,Unknown,Yes,1,1850182,5575868,6.86
RA-103128,"Petersen, Duncan and Murphy",Healthcare,Australia,2025-10-22,Ryuk,Credential Theft,4081296,Unknown,Yes,45,225130,4494464,11.06
RA-103129,Choi Inc,Retail,India,2026-01-04,LockBit,Malicious Attachment,4812758,Paid,No,20,618456,5094484,8.43
RA-103130,"Kirk, Oliver and Best",Transportation,Japan,2022-06-03,Maze,RDP Exploit,4542151,Not Paid,No,52,1945074,6147593,14.29
RA-103131,"Ross, Diaz and Fuentes",Transportation,Brazil,2023-02-28,Ryuk,Zero-Day Exploit,4691007,Unknown,No,17,967334,6286567,8.21
RA-103132,"Duncan, Hoover and Barton",Government,Canada,2025-10-23,Maze,Drive-by Download,513693,Unknown,Yes,1,3252981,1110508,3.92
RA-103133,"Lara, Hernandez and Moss",Government,United States,2025-09-22,Conti,RDP Exploit,676331,Not Paid,No,41,3963038,2280804,10.79
RA-103134,Mercer Inc,Energy,Canada,2024-04-03,Maze,Phishing Email,3529883,Paid,No,48,3784945,4238928,14.51
RA-103135,"Harrell, Harrison and Aguilar",Healthcare,Japan,2024-01-17,REvil,Drive-by Download,2361411,Unknown,Yes,58,4473990,4172414,15.54
RA-103136,Henry LLC,Technology,United States,2025-09-24,Maze,Malicious Attachment,987034,Not Paid,No,35,777972,1719373,7.02
RA-103137,Yang Ltd,Manufacturing,Japan,2021-04-16,REvil,Zero-Day Exploit,3821935,Unknown,Yes,39,4896330,5700498,14.57
RA-103138,"Stokes, Chaney and Hunter",Energy,India,2021-08-04,REvil,Zero-Day Exploit,906796,Negotiated,No,4,4061166,2125028,5.57
RA-103139,Bond Group,Education,France,2024-10-11,Akira,Zero-Day Exploit,2950184,Not Paid,Yes,27,2864142,3927673,9.86
RA-103140,Smith-Montes,Manufacturing,Canada,2023-03-05,LockBit,RDP Exploit,4841998,Paid,No,14,2483491,5915065,9.43
RA-103141,"Chaney, Burke and Tran",Technology,United States,2024-11-04,Ryuk,Zero-Day Exploit,3194563,Not Paid,No,34,2926673,4759901,11.22
RA-103142,Eaton LLC,Technology,France,2021-05-19,DarkSide,Phishing Email,1837775,Unknown,No,34,1109214,3801246,8.05
RA-103143,Case-Murphy,Healthcare,Germany,2025-12-29,Akira,Credential Theft,3832010,Unknown,Yes,29,3142348,4824289,11.32
RA-103144,"Shah, Fowler and Bradley",Education,Brazil,2023-02-10,BlackCat,Drive-by Download,1874159,Paid,Yes,32,3929624,3119925,10.6
RA-103145,Salazar Group,Transportation,Japan,2023-06-16,Ryuk,RDP Exploit,2004532,Not Paid,Yes,23,1033599,2287196,6.49
RA-103146,Escobar-Hernandez,Government,United Kingdom,2023-04-14,Conti,RDP Exploit,4531821,Not Paid,Yes,58,1408758,5144583,14.64
RA-103147,"Gibson, Wheeler and King",Government,Canada,2025-06-02,REvil,Zero-Day Exploit,1205389,Paid,No,14,4944233,3163798,8.25
RA-103148,Porter and Sons,Retail,Germany,2025-07-26,LockBit,Zero-Day Exploit,235937,Negotiated,Yes,54,3169700,1432922,11.51
RA-103149,Oliver Ltd,Technology,Australia,2022-01-26,Clop,Credential Theft,2865712,Negotiated,Yes,29,4510534,4721110,11.73
RA-103150,"Hoffman, Lewis and Barber",Healthcare,United States,2021-10-07,Ryuk,Malicious Attachment,4248363,Negotiated,No,22,2033834,5270016,9.58
RA-103151,"Lozano, Turner and Smith",Finance,South Africa,2022-08-12,Akira,Drive-by Download,4465290,Paid,No,31,2857618,4989949,11.97
RA-103152,Morgan LLC,Education,France,2021-12-08,LockBit,Malicious Attachment,3042598,Not Paid,No,23,2609109,4949501,9.1
RA-103153,"Jennings, Williams and Norton",Healthcare,Brazil,2023-04-21,Hive,Zero-Day Exploit,2544091,Unknown,No,9,3063313,3252487,6.96
RA-103154,"Osborne, Williams and Hanna",Hospitality,United Kingdom,2021-02-26,Clop,Phishing Email,1518525,Not Paid,Yes,3,1918447,3042892,3.89
RA-103155,Johnson-Mccoy,Manufacturing,France,2026-02-22,Ryuk,Zero-Day Exploit,4036026,Not Paid,Yes,3,780492,5349263,5.27
RA-103156,Moore-Rodgers,Energy,United Kingdom,2024-01-11,Hive,Zero-Day Exploit,3964216,Not Paid,Yes,37,4399786,5603149,13.91
RA-103157,Johnson Inc,Manufacturing,India,2022-05-31,Clop,Credential Theft,1326251,Paid,No,52,2598179,2526141,11.72
RA-103158,Durham Inc,Finance,India,2026-02-19,LockBit,RDP Exploit,4848896,Not Paid,Yes,26,2598131,5488916,11.35
RA-103159,Wallace PLC,Healthcare,United States,2024-01-15,Maze,Phishing Email,4675004,Paid,Yes,33,55710,5672778,9.68
RA-103160,"Vargas, Carroll and Sexton",Finance,United Kingdom,2023-12-16,LockBit,RDP Exploit,4095857,Not Paid,Yes,20,2839437,5541933,9.94
RA-103161,James and Sons,Retail,South Africa,2021-06-18,Ryuk,Malicious Attachment,4107854,Unknown,Yes,24,2496192,4886615,10.2
RA-103162,Cross PLC,Technology,United Kingdom,2024-09-10,DarkSide,Malicious Attachment,576690,Paid,Yes,4,2257140,1437694,3.43
RA-103163,White PLC,Retail,Canada,2022-12-30,Clop,Phishing Email,1440435,Not Paid,No,26,4791272,2388525,10.13
RA-103164,Nicholson-Mosley,Transportation,Germany,2021-04-24,Conti,Phishing Email,4042281,Negotiated,No,35,2866104,4665393,12.16
RA-103165,Jennings-Henry,Technology,France,2021-10-18,LockBit,Zero-Day Exploit,2000714,Paid,Yes,45,4659055,2464049,13.41
RA-103166,Dougherty-Woods,Education,Germany,2025-11-06,Clop,Zero-Day Exploit,2182814,Unknown,Yes,22,3736673,3439400,9.22
RA-103167,"Tyler, Mccarthy and Gomez",Finance,Japan,2022-07-03,DarkSide,Phishing Email,4463754,Paid,No,22,4195810,5949508,11.96
RA-103168,Aguirre and Sons,Hospitality,Brazil,2021-04-01,Clop,Phishing Email,901385,Not Paid,No,37,3626373,1952309,10.08
RA-103169,Mcgee-Clarke,Transportation,United Kingdom,2021-05-31,Hive,Drive-by Download,4798731,Negotiated,Yes,9,387822,5058623,6.54
RA-103170,"Lopez, Lee and Thomas",Energy,United States,2022-05-03,REvil,Credential Theft,1907911,Not Paid,No,46,1253312,3103015,10.06
RA-103171,Montgomery-Caldwell,Finance,Australia,2024-04-14,Hive,Drive-by Download,2861034,Negotiated,No,33,1355072,4115462,9.17
RA-103172,Grant-Hood,Government,Japan,2025-07-19,DarkSide,Phishing Email,1052678,Negotiated,Yes,5,3601801,2829146,5.4
RA-103173,Kline-Johnson,Finance,Canada,2021-02-09,Clop,Malicious Attachment,3919506,Unknown,Yes,22,3854585,4564322,11.07
RA-103174,Campos-Schmidt,Manufacturing,Japan,2024-04-08,BlackCat,Credential Theft,3461487,Not Paid,Yes,11,3233730,3744716,8.35
RA-103175,Cohen-Sullivan,Energy,Brazil,2021-12-31,Conti,Drive-by Download,2524763,Unknown,No,42,4824428,4195132,13.65
RA-103176,Brown-Duke,Government,Canada,2023-09-11,Conti,Drive-by Download,1446591,Negotiated,No,57,2163379,2079585,12.16
RA-103177,Gilbert-Stein,Hospitality,India,2024-06-29,Maze,Zero-Day Exploit,3884226,Paid,No,34,4155878,4239817,13.14
RA-103178,"Juarez, Duran and Haynes",Transportation,United States,2026-01-26,Clop,Credential Theft,3411618,Paid,Yes,49,2578633,3888864,13.34
RA-103179,"Campbell, Taylor and Herrera",Retail,United Kingdom,2022-07-08,REvil,Zero-Day Exploit,4484021,Unknown,Yes,42,157493,5837681,10.94
RA-103180,Santiago-Woods,Retail,United States,2024-07-07,Akira,Phishing Email,261449,Unknown,No,47,418182,1461843,7.73
RA-103181,Carpenter-Kaufman,Retail,United Kingdom,2023-09-17,Ryuk,Zero-Day Exploit,1918059,Not Paid,Yes,31,3483047,2195330,10.05
RA-103182,Wright-Johnson,Healthcare,Germany,2023-01-20,Ryuk,Credential Theft,2200290,Not Paid,Yes,39,1290181,4145631,9.34
RA-103183,"Guzman, Brown and King",Healthcare,South Africa,2024-05-04,Maze,RDP Exploit,714077,Unknown,Yes,46,2251854,2659648,9.87
RA-103184,"Odonnell, Chase and Moore",Education,India,2021-08-11,REvil,Phishing Email,958355,Negotiated,No,49,3859822,1354957,12.17
RA-103185,Keith-Clark,Healthcare,United States,2025-11-10,BlackCat,Credential Theft,2758634,Negotiated,Yes,27,4794842,4421104,11.6
RA-103186,Wells Ltd,Transportation,Canada,2026-02-24,DarkSide,Malicious Attachment,1873765,Not Paid,Yes,14,2767997,3164746,6.74
RA-103187,Cain Group,Manufacturing,Japan,2024-03-24,Ryuk,Drive-by Download,4523976,Unknown,No,41,2033138,6283135,12.71
RA-103188,Durham-Murray,Government,Japan,2025-06-01,LockBit,RDP Exploit,4003566,Not Paid,No,52,691488,4753675,12.5
RA-103189,Collins PLC,Government,India,2025-04-25,Maze,Phishing Email,1376753,Paid,Yes,48,2526705,2361872,11.1
RA-103190,Anderson-Young,Healthcare,India,2021-10-21,REvil,Zero-Day Exploit,4725836,Unknown,Yes,2,4820608,4815392,9.85
RA-103191,"Nguyen, Park and Walker",Transportation,Brazil,2025-11-06,Conti,Drive-by Download,2620267,Negotiated,No,20,1221892,3577362,6.84
RA-103192,Braun Group,Government,South Africa,2022-06-17,Ryuk,Credential Theft,445380,Unknown,Yes,46,2383640,824554,9.73
RA-103193,Riggs Inc,Manufacturing,Canada,2025-01-22,Akira,RDP Exploit,518090,Not Paid,No,48,3631259,1456865,11.35
RA-103194,Price-Wells,Retail,Australia,2022-04-19,Conti,Drive-by Download,4824830,Not Paid,No,26,4928256,4875147,13.65
RA-103195,"Gates, Owens and White",Government,Australia,2021-12-24,DarkSide,RDP Exploit,4311578,Not Paid,Yes,31,4680405,5776819,13.64
RA-103196,"Baker, Johnson and Sanchez",Energy,Germany,2026-01-01,REvil,Malicious Attachment,1861525,Not Paid,Yes,16,165303,3830797,4.43
RA-103197,Wilson-Forbes,Finance,United Kingdom,2021-04-14,Clop,Malicious Attachment,1521563,Unknown,No,15,3549325,2182154,7.32
RA-103198,Silva-Goodman,Energy,United Kingdom,2021-02-14,LockBit,RDP Exploit,4786983,Not Paid,No,35,3140024,5197281,13.18
RA-103199,"Mcdowell, Wells and Rios",Healthcare,United Kingdom,2021-04-02,Conti,RDP Exploit,2724558,Negotiated,Yes,59,609305,3572917,12.18
RA-103200,"Conner, Curry and Nguyen",Manufacturing,Australia,2025-08-05,Hive,Zero-Day Exploit,242710,Paid,No,32,753182,1019507,5.8
RA-103201,Lucas-Cole,Retail,Australia,2024-07-22,Ryuk,Malicious Attachment,443952,Paid,Yes,18,1274207,773374,4.42
RA-103202,"Murphy, Johnston and Bentley",Finance,United Kingdom,2024-04-30,Maze,RDP Exploit,1315883,Paid,No,24,3122856,3120732,8.04
RA-103203,"Cooper, Brooks and Smith",Government,Australia,2025-04-28,LockBit,Malicious Attachment,4340840,Not Paid,No,5,4919033,4541959,10.01
RA-103204,"Smith, Farmer and Ashley",Energy,South Africa,2024-06-05,Maze,Drive-by Download,2135105,Unknown,No,60,573726,3437937,11.71
RA-103205,Long-Lozano,Government,United Kingdom,2023-01-04,Hive,Drive-by Download,4167239,Not Paid,No,8,3291218,5083717,8.66
RA-103206,"Reyes, Palmer and Smith",Technology,United Kingdom,2023-04-19,BlackCat,Drive-by Download,2068860,Negotiated,No,2,3612094,2331198,5.98
RA-103207,Murphy PLC,Healthcare,Brazil,2022-05-02,Ryuk,Phishing Email,2655319,Negotiated,Yes,9,77762,4498231,4.08
RA-103208,Banks Inc,Transportation,India,2022-08-16,Hive,Malicious Attachment,1295526,Unknown,No,4,2637413,2578735,4.53
RA-103209,"Henry, Schneider and Tran",Government,India,2023-08-02,LockBit,Credential Theft,653829,Paid,Yes,20,1592655,2102136,5.25
RA-103210,"Price, Miller and Walker",Technology,South Africa,2021-08-12,LockBit,Drive-by Download,375200,Not Paid,Yes,6,2386907,1990130,3.66
RA-103211,"Garcia, Newton and Marshall",Finance,France,2023-09-22,Akira,RDP Exploit,4312082,Paid,No,34,4201421,5490757,13.61
RA-103212,Adams-Palmer,Government,France,2025-06-25,Hive,Phishing Email,3282757,Unknown,No,43,961268,4101992,10.69
RA-103213,Lynch Ltd,Transportation,Australia,2024-12-20,Ryuk,Credential Theft,4498414,Paid,No,47,2955526,4694211,14.5
RA-103214,Reilly Group,Manufacturing,India,2024-07-09,Hive,Credential Theft,300149,Not Paid,No,43,4959546,1110861,11.71
RA-103215,Miller-Morrow,Energy,United Kingdom,2023-09-08,DarkSide,RDP Exploit,1482210,Paid,Yes,34,287618,1517441,6.87
RA-103216,"Mathis, Larson and Craig",Government,Brazil,2024-10-10,Conti,Malicious Attachment,2440910,Unknown,No,29,1294779,3776883,8.09
RA-103217,Morgan Group,Healthcare,France,2021-02-06,Conti,Phishing Email,3915014,Unknown,No,34,1873075,5449961,10.89
RA-103218,Erickson-Madden,Hospitality,Australia,2025-12-17,BlackCat,Drive-by Download,4370673,Negotiated,No,49,4898948,5699384,16.62
RA-103219,Torres Inc,Finance,Canada,2022-08-05,Ryuk,Zero-Day Exploit,4607197,Negotiated,Yes,14,3453321,5584929,10.16
RA-103220,"Cortez, Salazar and Sanders",Technology,Brazil,2023-06-10,Maze,Phishing Email,3183595,Negotiated,No,34,4321090,4710292,12.6
RA-103221,Vang-Reyes,Manufacturing,India,2026-01-04,LockBit,Malicious Attachment,852050,Negotiated,No,6,3565145,1500259,5.32
RA-103222,"Brown, Cohen and Newton",Healthcare,Brazil,2022-03-01,Conti,Credential Theft,2552370,Not Paid,Yes,16,750082,3618874,5.7
RA-103223,"Thompson, Bailey and Martin",Manufacturing,India,2025-01-14,Maze,RDP Exploit,276559,Not Paid,No,9,2931834,1396489,4.56
RA-103224,"Combs, Chandler and Gardner",Government,South Africa,2024-12-11,Ryuk,Zero-Day Exploit,4004836,Unknown,Yes,31,2029758,4053483,10.68
RA-103225,Wilson Inc,Manufacturing,Canada,2024-04-27,Hive,Zero-Day Exploit,1354628,Not Paid,Yes,54,3487105,1590556,12.94
RA-103226,"Miller, Frederick and French",Healthcare,United Kingdom,2025-10-12,Maze,Malicious Attachment,873190,Negotiated,No,10,2203126,2277348,4.58
RA-103227,Rodriguez PLC,Healthcare,France,2021-02-18,LockBit,Drive-by Download,489890,Not Paid,No,22,2481344,1736903,6.27
RA-103228,Dunn LLC,Energy,United Kingdom,2023-04-03,REvil,Zero-Day Exploit,3849059,Paid,No,16,4365769,4928610,10.61
RA-103229,"Bullock, Martinez and Murphy",Transportation,Germany,2022-03-16,LockBit,Phishing Email,115642,Paid,Yes,13,2366513,647267,4.43
RA-103230,"Haynes, Reid and Li",Retail,Japan,2022-08-20,Conti,Phishing Email,1879028,Unknown,No,21,1320370,3178961,6.35
RA-103231,Fitzpatrick Group,Technology,Australia,2021-08-06,REvil,Zero-Day Exploit,3676550,Unknown,Yes,37,4751353,5036734,13.98
RA-103232,Webb Ltd,Finance,France,2023-11-15,Akira,Zero-Day Exploit,4170201,Not Paid,Yes,45,1632954,4933553,12.55
RA-103233,Williams-Harrison,Technology,United States,2022-11-21,LockBit,RDP Exploit,1306936,Not Paid,Yes,29,2745744,2641992,8.4
RA-103234,Dominguez-Nelson,Manufacturing,India,2021-03-18,DarkSide,Zero-Day Exploit,1092493,Paid,Yes,15,2407378,1184183,5.75
RA-103235,"Freeman, Garcia and Greene",Hospitality,United States,2023-01-07,REvil,Phishing Email,666127,Not Paid,Yes,43,3095182,1763829,10.21
RA-103236,"Sheppard, Perez and Tate",Healthcare,France,2022-11-21,BlackCat,RDP Exploit,587586,Not Paid,Yes,27,3376908,1502206,8.01
RA-103237,Powers and Sons,Retail,Brazil,2023-09-27,Akira,Phishing Email,4427511,Unknown,Yes,36,2465619,6055094,12.29
RA-103238,"Owens, Davis and Stephens",Technology,Japan,2023-05-03,Maze,Credential Theft,700395,Negotiated,No,21,1178993,1703680,5.03
RA-103239,"Vargas, Abbott and Benton",Retail,France,2022-09-13,Clop,Malicious Attachment,1307690,Unknown,Yes,1,1214331,1653382,2.67
RA-103240,Obrien-Lowe,Energy,South Africa,2025-01-23,REvil,Malicious Attachment,596368,Paid,Yes,16,3871354,1098581,6.87
RA-103241,Benson and Sons,Education,India,2021-05-31,Ryuk,Drive-by Download,926713,Paid,No,59,4471341,1002912,14.25
RA-103242,Scott-Stein,Hospitality,India,2025-06-02,LockBit,Zero-Day Exploit,1024397,Paid,Yes,39,2084974,2438516,8.96
RA-103243,Hall-Pittman,Transportation,Japan,2022-06-25,BlackCat,Phishing Email,3815106,Not Paid,No,60,776171,5656669,13.59
RA-103244,Lowery and Sons,Retail,Brazil,2025-10-01,Ryuk,Credential Theft,3178956,Not Paid,No,43,1199793,5052046,10.83
RA-103245,Martin Ltd,Retail,South Africa,2021-05-10,Conti,Phishing Email,384722,Paid,Yes,15,2196519,559331,4.83
RA-103246,Taylor-Kirk,Healthcare,Australia,2025-10-23,BlackCat,Drive-by Download,4722442,Not Paid,Yes,41,868897,5386859,11.74
RA-103247,Andrews-Wallace,Healthcare,Canada,2022-10-07,REvil,Zero-Day Exploit,976771,Paid,No,29,4926279,2388751,10.25
RA-103248,Webster-Black,Healthcare,India,2023-04-29,DarkSide,Phishing Email,16438,Negotiated,No,37,2306048,1688189,7.87
RA-103249,Robinson-Greene,Finance,Canada,2023-12-15,Maze,Zero-Day Exploit,1789090,Negotiated,No,5,182811,2214184,2.72
RA-103250,Carson-Brown,Manufacturing,Brazil,2023-08-29,Akira,Malicious Attachment,1054777,Paid,No,49,1279079,2024695,9.68
RA-103251,Medina-Jenkins,Energy,Canada,2025-01-26,REvil,Credential Theft,2250874,Unknown,Yes,2,1866432,2711330,4.42
RA-103252,Clay Ltd,Government,India,2024-05-22,Akira,Malicious Attachment,1931615,Paid,Yes,16,893844,3426438,5.23
RA-103253,Perez Group,Technology,United States,2025-07-29,Conti,RDP Exploit,3398363,Unknown,No,20,594083,3417395,6.99
RA-103254,Nelson-Barry,Manufacturing,Brazil,2022-12-20,Ryuk,RDP Exploit,1965776,Paid,Yes,5,4668538,2071140,7.38
RA-103255,"Foster, Snow and Hayes",Manufacturing,Canada,2021-06-16,Ryuk,Phishing Email,229497,Not Paid,No,35,3406263,1590077,8.89
RA-103256,"Lewis, Harding and Houston",Retail,United States,2022-04-08,LockBit,Malicious Attachment,3328271,Unknown,No,3,3259052,5290763,7.04
RA-103257,Williams PLC,Transportation,India,2023-12-04,Akira,Credential Theft,3360491,Negotiated,No,30,2519313,5209303,10.38
RA-103258,"Tucker, Spencer and Rose",Government,India,2023-11-25,BlackCat,Phishing Email,586635,Paid,No,30,101745,2480261,5.19
RA-103259,Jones Group,Energy,Germany,2025-06-23,DarkSide,Malicious Attachment,3935359,Negotiated,Yes,1,602536,4877576,4.69
RA-103260,Brown Group,Transportation,South Africa,2025-07-15,BlackCat,Phishing Email,1699405,Unknown,Yes,53,310245,2640857,9.96
RA-103261,"Reeves, Barnett and Hughes",Retail,Japan,2024-03-21,LockBit,RDP Exploit,3554422,Paid,No,54,436901,3640996,12.09
RA-103262,Torres-Ryan,Hospitality,India,2022-08-10,DarkSide,Malicious Attachment,2468941,Not Paid,Yes,6,2992084,3179783,6.36
RA-103263,Herrera-Mckay,Technology,Australia,2022-04-23,Maze,RDP Exploit,4358543,Not Paid,Yes,20,4736682,5900326,12.1
RA-103264,Byrd-Ray,Government,Australia,2023-09-11,Conti,Phishing Email,227413,Paid,No,53,1771068,1761817,9.95
RA-103265,"Perkins, Howard and Boone",Technology,Australia,2024-06-18,Conti,Drive-by Download,4917927,Unknown,Yes,38,1510991,5734757,12.13
RA-103266,Welch-Jones,Finance,Brazil,2025-02-23,Conti,Credential Theft,4011588,Negotiated,No,42,3828342,4515169,14.14
RA-103267,Taylor-Bradley,Education,Germany,2024-11-23,Hive,Malicious Attachment,1303307,Unknown,No,18,4249490,2352047,8.25
RA-103268,Salinas-Blackwell,Energy,India,2024-09-16,Hive,Zero-Day Exploit,2048476,Paid,No,54,1287196,3874099,11.44
RA-103269,"Cortez, Moore and Johnson",Hospitality,Germany,2024-12-07,BlackCat,Zero-Day Exploit,661332,Unknown,No,60,2025328,1244860,11.69
RA-103270,"Wright, Harris and Davis",Transportation,South Africa,2021-03-10,DarkSide,RDP Exploit,3615633,Negotiated,No,1,3064385,4388655,6.83
RA-103271,Ortiz and Sons,Education,Australia,2024-05-29,LockBit,Zero-Day Exploit,1056053,Not Paid,No,8,1018771,1880966,3.27
RA-103272,Meyer Group,Government,Japan,2025-03-17,Hive,Drive-by Download,2210981,Unknown,Yes,26,2535637,3061192,8.65
RA-103273,"Floyd, Bradford and Ross",Energy,United States,2021-07-28,Conti,Credential Theft,2487781,Not Paid,No,43,2748691,3254054,11.69
RA-103274,Andersen-Houston,Transportation,India,2024-09-16,Ryuk,Drive-by Download,1114982,Not Paid,No,31,831044,2643946,6.6
RA-103275,"Huffman, Ochoa and Griffith",Healthcare,Japan,2022-10-22,Clop,Zero-Day Exploit,1063165,Paid,Yes,39,459463,1763688,7.37
RA-103276,"Barnes, Williams and Jackson",Healthcare,South Africa,2021-04-09,Maze,Zero-Day Exploit,677802,Paid,No,51,931956,2087068,9.26
RA-103277,Joyce LLC,Retail,Canada,2021-05-25,Akira,Drive-by Download,4915857,Paid,Yes,30,1615128,6104137,11.03
RA-103278,Stone-Reed,Transportation,France,2021-06-29,Clop,Drive-by Download,1942668,Not Paid,No,1,393347,3363182,2.49
RA-103279,Mccann Inc,Healthcare,France,2024-09-25,Ryuk,Zero-Day Exploit,3154653,Not Paid,Yes,54,4806442,4474310,16.06
RA-103280,Jones Ltd,Retail,France,2024-10-12,BlackCat,Zero-Day Exploit,1834146,Unknown,Yes,5,514836,2397156,3.1
RA-103281,Jordan LLC,Technology,South Africa,2024-07-10,Akira,RDP Exploit,3466910,Not Paid,Yes,55,3043492,4141728,14.76
RA-103282,Scott Inc,Education,United States,2025-05-01,Ryuk,RDP Exploit,4453531,Paid,No,36,1142734,6306479,11.0
RA-103283,"Wagner, Lewis and Wilcox",Finance,Germany,2025-08-11,LockBit,RDP Exploit,2416112,Not Paid,No,8,4032438,3232270,7.65
RA-103284,"Bowman, Walker and Lindsey",Government,India,2022-06-21,Hive,RDP Exploit,981169,Negotiated,Yes,45,3660569,2265295,11.39
RA-103285,"Fitzgerald, Bryan and Gonzalez",Government,United Kingdom,2023-04-28,Conti,Credential Theft,3884239,Paid,Yes,28,2297866,3925592,10.38
RA-103286,"Martin, Howell and Marks",Transportation,United Kingdom,2024-09-10,Ryuk,Zero-Day Exploit,1512305,Paid,Yes,22,1173766,3175686,5.99
RA-103287,Perez-Crawford,Hospitality,Japan,2023-02-19,Akira,Malicious Attachment,2021619,Not Paid,Yes,30,4892112,2576955,11.41
RA-103288,Barrett-Hicks,Retail,Canada,2022-10-04,REvil,Drive-by Download,1556968,Negotiated,Yes,59,3476962,3164180,13.88
RA-103289,Khan and Sons,Transportation,South Africa,2025-06-30,BlackCat,Phishing Email,3605429,Negotiated,Yes,50,4547804,4527703,15.65
RA-103290,Allen Ltd,Hospitality,France,2022-03-29,LockBit,Malicious Attachment,393662,Unknown,No,28,2160199,454639,6.75
RA-103291,"Brown, Christensen and Fisher",Healthcare,India,2021-06-24,Clop,Zero-Day Exploit,2806322,Unknown,Yes,21,2916986,4061678,8.87
RA-103292,"Collier, Woods and Copeland",Education,United States,2021-12-18,REvil,Zero-Day Exploit,2994119,Not Paid,No,37,821923,4447159,9.37
RA-103293,"Johnson, Simmons and Romero",Technology,India,2021-12-11,LockBit,RDP Exploit,980006,Not Paid,Yes,27,1498117,2848763,6.53
RA-103294,Hill-Archer,Healthcare,United Kingdom,2022-10-26,Akira,Malicious Attachment,4272452,Negotiated,No,20,607940,5404821,7.88
RA-103295,"Harris, Carrillo and Reyes",Hospitality,Germany,2023-08-18,Akira,Malicious Attachment,1912389,Unknown,No,47,3820044,3845373,12.78
RA-103296,Schmidt and Sons,Education,Canada,2025-04-13,DarkSide,Malicious Attachment,2909611,Paid,Yes,5,4734001,4269125,8.39
RA-103297,"Calderon, Mitchell and Garrett",Energy,United States,2021-05-12,Conti,Drive-by Download,4027205,Unknown,Yes,44,1816832,4858268,12.44
RA-103298,Spencer Ltd,Technology,South Africa,2022-12-29,BlackCat,RDP Exploit,3301260,Negotiated,No,42,3884163,5120777,13.49
RA-103299,Perry-Torres,Healthcare,France,2025-02-04,LockBit,Malicious Attachment,1350261,Unknown,Yes,14,1744882,1424495,5.2
RA-103300,Davis-Snyder,Education,Canada,2021-03-07,Hive,RDP Exploit,4267784,Unknown,Yes,45,1226119,5490014,12.24
RA-103301,"Mcclure, Williams and Fischer",Energy,France,2026-02-05,Hive,RDP Exploit,1441830,Paid,Yes,52,928136,1534280,10.17
RA-103302,"Wyatt, Spencer and White",Retail,France,2024-07-27,Maze,RDP Exploit,3707536,Not Paid,Yes,15,3580015,4458128,9.54
RA-103303,Arnold-Williamson,Energy,United States,2023-08-25,Hive,Malicious Attachment,1126844,Not Paid,No,1,537418,2431169,1.81
RA-103304,"Castro, Hebert and Dudley",Hospitality,India,2022-06-03,Conti,Drive-by Download,586789,Unknown,No,28,1343667,1624512,6.13
RA-103305,"Scott, Everett and Jones",Manufacturing,South Africa,2021-05-16,LockBit,Phishing Email,1322096,Negotiated,Yes,40,2745169,2073402,10.07
RA-103306,Townsend-Greer,Transportation,Canada,2021-03-08,Clop,RDP Exploit,4310600,Unknown,Yes,8,2546668,5764773,8.06
RA-103307,"Smith, Fritz and Olson",Healthcare,Brazil,2022-03-02,Clop,RDP Exploit,404770,Not Paid,No,1,1760063,1292095,2.31
RA-103308,"Ballard, Wallace and Brown",Healthcare,Germany,2021-03-20,REvil,Drive-by Download,1292993,Not Paid,No,48,4437229,1787254,12.93
RA-103309,Boyer-Becker,Finance,India,2022-02-09,Akira,RDP Exploit,3837726,Paid,Yes,22,1717343,5052153,8.86
RA-103310,"Elliott, Russell and Gonzales",Finance,India,2025-11-20,Ryuk,Credential Theft,3490826,Unknown,No,46,3325304,3964534,13.72
RA-103311,Reyes Group,Healthcare,Canada,2025-01-28,Maze,Malicious Attachment,2568128,Negotiated,Yes,1,2086592,3010857,4.8
RA-103312,Holmes Inc,Retail,Japan,2021-02-08,DarkSide,Phishing Email,3272654,Paid,No,7,3656644,4102564,7.98
RA-103313,Owens-Giles,Manufacturing,South Africa,2022-08-18,DarkSide,Zero-Day Exploit,2784043,Negotiated,Yes,36,230529,3003448,8.41
RA-103314,"Norris, Marquez and Mueller",Healthcare,Japan,2024-04-03,Clop,Malicious Attachment,3468439,Paid,Yes,54,1425797,4559991,12.99
RA-103315,Martin-Robinson,Hospitality,India,2023-01-05,Akira,Credential Theft,55928,Unknown,Yes,21,152423,1437878,3.36
RA-103316,Savage-Ashley,Education,Australia,2025-02-05,Maze,RDP Exploit,1641969,Not Paid,Yes,8,2767469,3406147,5.61
RA-103317,Scott LLC,Transportation,France,2021-09-30,Conti,Zero-Day Exploit,4641169,Unknown,No,60,402704,5331437,14.04
RA-103318,"Cooper, Sawyer and Ford",Healthcare,Canada,2022-04-27,DarkSide,Zero-Day Exploit,2939682,Not Paid,No,59,2273524,4501931,14.06
RA-103319,"Hall, Kennedy and Mccoy",Finance,South Africa,2025-03-09,BlackCat,Malicious Attachment,1669948,Not Paid,No,39,3054664,1777932,10.57
RA-103320,Hill-Dennis,Education,Brazil,2022-10-17,DarkSide,Drive-by Download,4254185,Not Paid,No,44,3652516,6014937,14.51
RA-103321,"Smith, Taylor and Diaz",Transportation,Japan,2021-03-24,LockBit,RDP Exploit,1859294,Paid,No,6,3734223,2448863,6.49
RA-103322,Lee-Stewart,Transportation,United States,2026-02-04,Akira,Zero-Day Exploit,3014366,Paid,No,52,4476653,4892706,15.29
RA-103323,Dixon Group,Hospitality,Germany,2021-05-19,Maze,Drive-by Download,2601259,Negotiated,No,53,1101073,2984742,11.65
RA-103324,Cisneros-Lam,Manufacturing,Australia,2024-09-15,Akira,Zero-Day Exploit,3062357,Unknown,No,39,1518829,3167138,10.43
RA-103325,Watkins PLC,Government,Brazil,2023-07-01,Akira,Credential Theft,4165123,Not Paid,Yes,39,740506,4399465,10.76
RA-103326,Wong-Mcneil,Technology,United Kingdom,2024-12-22,DarkSide,Malicious Attachment,2567301,Negotiated,Yes,49,2779734,3558214,12.7
RA-103327,"Edwards, Hill and Best",Manufacturing,France,2021-06-29,Akira,Zero-Day Exploit,3268626,Paid,Yes,1,4609575,4473975,8.03
RA-103328,Ryan-Jones,Finance,Germany,2025-12-04,Conti,Zero-Day Exploit,2929524,Unknown,Yes,43,1408436,3320228,10.79
RA-103329,Green Group,Technology,South Africa,2021-01-16,Clop,Drive-by Download,4316894,Not Paid,Yes,13,2284272,5288451,8.55
RA-103330,Chambers-Campbell,Finance,South Africa,2024-11-07,Conti,Drive-by Download,4164424,Unknown,Yes,18,3275145,6067111,10.14
RA-103331,"Martinez, Woods and Lee",Technology,United States,2023-08-14,Conti,RDP Exploit,886915,Unknown,No,41,2754581,2356389,9.79
RA-103332,Garcia Group,Transportation,Japan,2025-12-13,Hive,Zero-Day Exploit,1225826,Paid,No,33,3066095,2774884,9.24
RA-103333,"Lynch, Mcdonald and Fox",Government,United States,2025-05-09,Akira,Phishing Email,1975081,Paid,No,37,3921032,2815397,11.45
RA-103334,Price-Scott,Hospitality,Japan,2022-05-01,REvil,Malicious Attachment,4169452,Negotiated,No,38,2387222,5470199,12.26
RA-103335,Stone-Silva,Finance,United States,2024-11-01,DarkSide,Zero-Day Exploit,2124391,Not Paid,No,56,2598109,2715519,13.12
RA-103336,Berry PLC,Government,Canada,2021-10-05,DarkSide,Malicious Attachment,3239658,Paid,No,41,2880410,3846946,12.27
RA-103337,Jones-Gross,Transportation,Germany,2021-03-05,Akira,Credential Theft,2178618,Negotiated,Yes,16,2859630,3404418,7.44
RA-103338,"Mccullough, Bryant and Roy",Manufacturing,Brazil,2023-08-05,Hive,RDP Exploit,4805814,Unknown,No,28,3052498,5877563,12.06
RA-103339,"Kelly, Walter and Martin",Transportation,Canada,2023-05-04,Conti,Malicious Attachment,4636887,Paid,No,5,3174489,5647126,8.56
RA-103340,"Wilson, Hawkins and Ingram",Finance,Brazil,2025-09-19,DarkSide,Zero-Day Exploit,1770935,Paid,Yes,4,3715051,3148602,6.09
RA-103341,Williams-Powell,Transportation,France,2022-10-10,Conti,Zero-Day Exploit,219250,Not Paid,Yes,42,22028,1260901,6.54
RA-103342,Castillo Inc,Retail,United States,2022-01-26,Conti,RDP Exploit,1660670,Unknown,No,46,4203206,2345002,12.76
RA-103343,Neal-Williams,Education,Germany,2021-09-24,BlackCat,RDP Exploit,4655020,Unknown,No,22,362639,6191841,8.32
RA-103344,Jackson-Hays,Manufacturing,South Africa,2022-02-05,REvil,Credential Theft,1335617,Unknown,Yes,30,1995690,2003204,7.83
RA-103345,Crawford and Sons,Education,United Kingdom,2022-06-22,Conti,Malicious Attachment,4989808,Unknown,No,45,449981,5394858,12.19
RA-103346,"Gordon, Turner and Phillips",Healthcare,Japan,2021-06-03,Conti,Drive-by Download,2454634,Negotiated,No,28,2766153,4323192,9.42
RA-103347,Hamilton Group,Education,United States,2023-01-24,LockBit,Zero-Day Exploit,2896355,Paid,No,45,3787427,2994229,13.43
RA-103348,Mendez-Rivera,Retail,Australia,2022-05-31,Akira,Malicious Attachment,622761,Unknown,No,13,3507348,1281133,6.08
RA-103349,Sullivan-Brewer,Government,Japan,2021-08-16,BlackCat,Drive-by Download,1348162,Not Paid,No,7,4622326,2540365,7.02
RA-103350,"Logan, Bauer and Nguyen",Healthcare,Brazil,2024-10-18,Ryuk,Phishing Email,124698,Not Paid,Yes,54,3510530,816120,11.74
RA-103351,Quinn-Fowler,Government,United States,2025-11-16,Maze,Zero-Day Exploit,1258485,Negotiated,No,59,4538507,2629761,14.65
RA-103352,"Johnson, Velasquez and Watson",Healthcare,Canada,2023-05-09,Maze,Malicious Attachment,4681290,Negotiated,No,45,2958771,5212080,14.39
RA-103353,"Barnes, Frey and Cain",Government,Australia,2024-04-04,Ryuk,Phishing Email,2798130,Unknown,No,4,1057645,3663537,4.46
RA-103354,Hooper Inc,Government,Germany,2023-09-25,Clop,Zero-Day Exploit,4525902,Unknown,Yes,39,2614102,6471430,12.99
RA-103355,"Stephens, Campbell and Williams",Healthcare,France,2024-03-26,Clop,Drive-by Download,522714,Not Paid,No,17,3448320,606881,6.52
RA-103356,Holmes Inc,Technology,Japan,2024-03-04,LockBit,RDP Exploit,3167754,Not Paid,Yes,47,1192263,5165938,11.41
RA-103357,"Riddle, Fry and Smith",Manufacturing,United States,2021-05-08,Ryuk,Phishing Email,4738135,Unknown,Yes,29,3141841,6738117,12.23
RA-103358,"Harris, Williams and Morgan",Finance,United Kingdom,2023-06-04,LockBit,Phishing Email,3882443,Not Paid,Yes,2,563269,4607069,4.75
RA-103359,Wade-Spencer,Technology,Japan,2022-06-02,DarkSide,RDP Exploit,2599921,Paid,No,40,278304,3568520,8.88
RA-103360,Caldwell-Sherman,Government,Germany,2022-01-09,Akira,Drive-by Download,624798,Paid,Yes,36,1624448,2073165,7.65
RA-103361,Taylor-Caldwell,Healthcare,Australia,2024-03-29,Conti,Phishing Email,3175260,Unknown,Yes,51,1230758,3421136,12.06
RA-103362,Shepherd-Cole,Healthcare,France,2021-11-23,Clop,RDP Exploit,1459050,Not Paid,No,59,3505724,1557389,13.81
RA-103363,"Kennedy, Mueller and Mcgee",Healthcare,Australia,2023-06-30,REvil,Credential Theft,2351530,Negotiated,No,12,3808779,3996058,7.96
RA-103364,Jones-Richardson,Education,France,2025-02-14,Clop,Phishing Email,4547210,Unknown,Yes,35,3732229,6212462,13.53
RA-103365,Hanson-Collins,Healthcare,South Africa,2021-11-05,Clop,Zero-Day Exploit,1336938,Paid,No,45,4350038,3088821,12.44
RA-103366,James PLC,Transportation,Japan,2022-06-14,Maze,RDP Exploit,3494302,Negotiated,No,46,3515650,4271177,13.91
RA-103367,Price-Scott,Healthcare,India,2023-04-17,REvil,Zero-Day Exploit,115234,Not Paid,No,55,4763723,999654,13.13
RA-103368,Jones-Stafford,Government,Brazil,2026-02-21,Hive,Zero-Day Exploit,2879283,Negotiated,No,12,3034990,3856137,7.71
RA-103369,"Hall, Harris and Garcia",Healthcare,Brazil,2023-10-11,LockBit,Drive-by Download,4597385,Negotiated,No,58,4499269,5154471,17.8
RA-103370,Edwards-Sheppard,Healthcare,India,2022-10-14,BlackCat,RDP Exploit,4019379,Unknown,Yes,30,3843325,5655586,12.36
RA-103371,Miller and Sons,Healthcare,Japan,2024-01-23,Clop,Credential Theft,2574555,Not Paid,No,10,3346194,3680217,7.42
RA-103372,Bailey-Bennett,Finance,Brazil,2024-11-08,LockBit,Phishing Email,602275,Negotiated,Yes,46,3168101,1151573,10.67
RA-103373,Morrison-Smith,Technology,United States,2025-11-08,Maze,Zero-Day Exploit,4137996,Unknown,Yes,5,4328168,6122477,9.22
RA-103374,Beasley-Sloan,Retail,Brazil,2025-06-16,Akira,Malicious Attachment,1693331,Paid,Yes,5,3367449,2496052,5.81
RA-103375,Hamilton-Berry,Finance,United Kingdom,2023-08-13,REvil,RDP Exploit,4892482,Negotiated,Yes,34,1601553,6784816,11.59
RA-103376,Lopez LLC,Healthcare,South Africa,2023-02-04,Akira,Credential Theft,2270401,Paid,No,6,3346395,3940932,6.52
RA-103377,"Lane, Hayes and Pugh",Finance,Brazil,2024-02-14,LockBit,Drive-by Download,170427,Unknown,No,34,3691021,186221,8.96
RA-103378,Barrett-Leon,Energy,Brazil,2025-11-22,BlackCat,Drive-by Download,867111,Paid,No,24,1430777,959758,5.9
RA-103379,Moody-Torres,Government,India,2025-08-21,Hive,Credential Theft,2397698,Negotiated,No,4,2390696,2881840,5.39
RA-103380,Meyers-Brown,Retail,India,2024-05-07,BlackCat,Drive-by Download,3186858,Paid,No,29,1272368,4556057,8.81
RA-103381,"Hicks, Lee and Bender",Healthcare,United States,2021-05-18,DarkSide,Phishing Email,773319,Paid,No,3,4787058,2723507,6.01
RA-103382,"Warren, Davis and Kirk",Manufacturing,United States,2024-02-12,Clop,Malicious Attachment,3042688,Negotiated,No,2,1481616,3077477,4.82
RA-103383,"Hoover, Sanchez and Moyer",Finance,United States,2021-12-01,Clop,Credential Theft,1931389,Unknown,No,46,1473350,2010117,10.3
RA-103384,"Navarro, Bentley and Barton",Manufacturing,Germany,2026-01-27,Akira,Zero-Day Exploit,3975923,Negotiated,No,18,3864835,5400323,10.54
RA-103385,Lee-Wilson,Education,India,2025-03-13,Akira,Drive-by Download,2599026,Negotiated,Yes,17,1400983,3335791,6.55
RA-103386,Johnson-Smith,Finance,Australia,2021-04-26,Conti,Zero-Day Exploit,2364553,Negotiated,Yes,6,3392986,2970591,6.66
RA-103387,Hale PLC,Energy,Japan,2025-06-13,Conti,Zero-Day Exploit,3078485,Unknown,No,6,1574257,3588352,5.55
RA-103388,Morrison Inc,Transportation,South Africa,2025-02-27,Ryuk,Phishing Email,4815268,Negotiated,No,50,3752229,5620760,16.07
RA-103389,Parker-Garcia,Hospitality,United States,2023-10-14,Maze,Credential Theft,746583,Negotiated,No,52,3840447,1388200,12.39
RA-103390,"Lam, Hebert and Noble",Hospitality,Japan,2023-11-24,LockBit,Credential Theft,4275975,Paid,Yes,6,2307239,4858225,7.48
RA-103391,Phelps LLC,Retail,United States,2025-08-06,Maze,Zero-Day Exploit,2835393,Negotiated,No,33,3361983,3203828,11.15
RA-103392,"Wright, Williams and Rodriguez",Technology,Germany,2022-11-09,Clop,Malicious Attachment,229891,Negotiated,Yes,37,4845014,1409768,10.62
RA-103393,"Stewart, Brown and Garcia",Finance,South Africa,2022-10-12,BlackCat,Drive-by Download,1224343,Paid,No,29,4959130,1463520,10.53
RA-103394,Parker-Cortez,Technology,France,2025-06-28,Akira,Credential Theft,599083,Negotiated,Yes,35,2099645,1469667,7.95
RA-103395,"Eaton, Scott and Lopez",Hospitality,India,2025-08-04,BlackCat,Credential Theft,1397046,Not Paid,Yes,5,2036542,2155657,4.18
RA-103396,"Harrington, Yu and Perez",Retail,France,2025-08-04,LockBit,Phishing Email,3813090,Not Paid,Yes,47,1665738,5187988,12.53
RA-103397,"James, Walters and Hunter",Hospitality,Brazil,2024-09-06,Clop,Phishing Email,3516396,Negotiated,No,17,1299187,4252357,7.37
RA-103398,Gardner PLC,Hospitality,France,2022-08-31,DarkSide,Credential Theft,4590623,Paid,Yes,53,1375541,6325815,13.92
RA-103399,Carr PLC,Transportation,Canada,2021-05-12,DarkSide,Malicious Attachment,2369880,Unknown,Yes,31,2142422,3656731,9.16
RA-103400,Adams-Chen,Energy,South Africa,2022-08-27,DarkSide,Drive-by Download,1468853,Negotiated,No,38,2079691,3440687,9.25
RA-103401,Hubbard-Wilcox,Finance,Brazil,2025-06-15,Clop,Zero-Day Exploit,1516943,Negotiated,Yes,6,2200016,2428257,4.62
RA-103402,"Ramirez, Kerr and Richards",Education,India,2025-07-15,DarkSide,Zero-Day Exploit,2281868,Unknown,No,23,1208536,3595236,6.94
RA-103403,Baldwin-Hayes,Transportation,Canada,2023-08-22,DarkSide,Malicious Attachment,2778633,Paid,Yes,19,2338681,3479412,7.97
RA-103404,Cook LLC,Hospitality,Germany,2022-07-23,Ryuk,Phishing Email,40831,Negotiated,No,8,1142566,1565066,2.38
RA-103405,Perez Ltd,Hospitality,Germany,2022-01-08,REvil,Zero-Day Exploit,3810730,Not Paid,Yes,22,536991,5285159,7.65
RA-103406,Kim-Mahoney,Transportation,Canada,2021-08-16,REvil,Zero-Day Exploit,1290060,Not Paid,No,54,2338843,3064790,11.73
RA-103407,Brock Ltd,Finance,Australia,2025-01-12,Ryuk,Credential Theft,2936589,Unknown,Yes,27,996905,4878321,7.98
RA-103408,Thomas and Sons,Healthcare,Brazil,2024-12-15,LockBit,Drive-by Download,1114921,Unknown,No,45,2013302,2944853,9.88
RA-103409,"Simmons, Reyes and Watkins",Manufacturing,Germany,2024-06-10,BlackCat,Zero-Day Exploit,2121640,Paid,Yes,34,253905,3948589,7.48
RA-103410,Gibson Group,Government,United States,2024-12-18,Conti,Zero-Day Exploit,1100018,Not Paid,No,29,2512564,1616003,7.96
RA-103411,Jones-Santos,Retail,Brazil,2021-05-19,Maze,Zero-Day Exploit,4508807,Not Paid,Yes,27,1358644,5114961,9.92
RA-103412,Valenzuela-Williams,Transportation,United States,2025-06-26,DarkSide,Credential Theft,886976,Not Paid,No,9,641811,1336763,2.88
RA-103413,Griffin-Molina,Finance,Australia,2024-01-11,REvil,Malicious Attachment,403342,Negotiated,No,58,3314378,1286169,12.42
RA-103414,Glover-Adams,Retail,South Africa,2023-02-11,Hive,Phishing Email,1948194,Not Paid,Yes,23,3632437,2642082,9.03
RA-103415,"Jackson, Daniel and Velez",Transportation,France,2022-11-25,Ryuk,Zero-Day Exploit,1175293,Paid,No,5,1437536,3103914,3.36
RA-103416,"Juarez, Garcia and Greer",Hospitality,France,2025-09-05,REvil,RDP Exploit,2290970,Not Paid,No,25,4943774,4235262,10.98
RA-103417,"Ward, Combs and Lara",Government,South Africa,2023-07-09,Conti,Drive-by Download,307017,Not Paid,No,22,1292913,410248,4.9
RA-103418,Ramos Group,Healthcare,Germany,2021-07-06,Ryuk,Zero-Day Exploit,1410821,Unknown,No,14,1336758,3345931,4.85
RA-103419,Stephens-Johnson,Technology,United Kingdom,2021-09-17,Ryuk,Credential Theft,3717076,Negotiated,Yes,60,4031079,4870317,16.75
RA-103420,Garcia LLC,Technology,United States,2023-08-24,Conti,RDP Exploit,1213170,Paid,No,34,3882082,2772506,10.2
RA-103421,"Johnson, Andrews and Howe",Finance,United States,2023-07-09,Ryuk,RDP Exploit,4711328,Not Paid,Yes,15,2253595,5639107,9.21
RA-103422,Morris and Sons,Government,Australia,2022-06-29,Ryuk,RDP Exploit,2915500,Not Paid,Yes,53,3089481,3932843,13.95
RA-103423,"Kline, Todd and Carney",Retail,Australia,2025-10-25,Conti,Malicious Attachment,3804335,Negotiated,No,32,306709,3931638,8.91
RA-103424,Gonzalez-Alvarez,Education,United Kingdom,2022-03-24,Hive,Malicious Attachment,515829,Unknown,Yes,9,3878003,988516,5.74
RA-103425,Rodriguez-Ortiz,Education,Australia,2022-10-02,Maze,Malicious Attachment,1374163,Negotiated,No,51,2135619,1471737,11.16
RA-103426,Thompson-Miller,Energy,United States,2023-12-04,REvil,Phishing Email,1875086,Paid,No,38,3773867,3756527,11.35
RA-103427,Roberts PLC,Hospitality,India,2023-09-04,REvil,Zero-Day Exploit,4685151,Unknown,Yes,35,580176,5449465,10.52
RA-103428,Mendoza PLC,Hospitality,United States,2023-12-17,REvil,Malicious Attachment,3284729,Negotiated,No,54,2879654,4091885,14.26
RA-103429,Rivera-Davis,Education,Japan,2023-10-20,BlackCat,Drive-by Download,1919818,Not Paid,No,14,1572228,3422309,5.59
RA-103430,Dean and Sons,Energy,United States,2024-01-20,LockBit,Drive-by Download,2775710,Unknown,Yes,23,4485145,3761399,10.71
RA-103431,Payne-Ramirez,Hospitality,Canada,2022-05-05,Clop,Zero-Day Exploit,2200889,Negotiated,Yes,21,4888005,3973136,10.24
RA-103432,Chavez-Mckenzie,Manufacturing,Germany,2023-09-27,LockBit,Phishing Email,3465975,Not Paid,Yes,2,4657107,4723025,8.42
RA-103433,"White, Brown and Butler",Finance,Germany,2022-04-07,Hive,Zero-Day Exploit,2059697,Paid,No,37,4292149,2130379,11.9
RA-103434,Price LLC,Technology,France,2021-10-22,Akira,Phishing Email,4570934,Negotiated,Yes,15,2078386,5327213,8.9
RA-103435,"Morales, Dennis and Bailey",Finance,Australia,2021-03-20,Conti,RDP Exploit,4541878,Unknown,No,44,141939,6537138,11.28
RA-103436,Cooper PLC,Healthcare,United Kingdom,2025-09-12,DarkSide,Zero-Day Exploit,1663655,Not Paid,No,21,3386582,2634956,8.2
RA-103437,Robertson LLC,Hospitality,India,2021-05-26,Akira,Malicious Attachment,2679037,Unknown,No,60,3195921,3456205,14.87
RA-103438,"Chapman, Edwards and Sanchez",Hospitality,Japan,2022-12-25,Maze,Malicious Attachment,4154319,Paid,No,22,4767731,4884186,12.22
RA-103439,Bruce-Thomas,Hospitality,South Africa,2022-10-26,DarkSide,Phishing Email,2018186,Negotiated,No,45,3244165,2309212,12.01
RA-103440,"Taylor, Griffin and Taylor",Government,Japan,2025-11-28,Maze,RDP Exploit,2406029,Negotiated,Yes,58,623429,3588653,11.73
RA-103441,Ellison-Brown,Energy,France,2025-02-22,Hive,RDP Exploit,3083394,Paid,No,10,517702,5069758,5.1
RA-103442,Short-Stewart,Education,South Africa,2024-08-24,REvil,Malicious Attachment,2633445,Unknown,No,7,562984,3923249,4.25
RA-103443,"Combs, Cox and Edwards",Government,United States,2024-12-26,Clop,Zero-Day Exploit,2486782,Unknown,No,21,1249480,2622699,6.89
RA-103444,Mclaughlin-Floyd,Transportation,United Kingdom,2023-08-07,REvil,Phishing Email,1703535,Not Paid,No,2,4302540,3245821,6.31
RA-103445,Lawrence LLC,Education,Canada,2024-10-31,REvil,Phishing Email,2034811,Not Paid,Yes,12,768177,3692698,4.6
RA-103446,Harding Ltd,Healthcare,Japan,2025-05-02,REvil,Phishing Email,3666694,Not Paid,Yes,15,2429118,5027229,8.35
RA-103447,Tyler-Webb,Education,Australia,2025-08-12,DarkSide,Credential Theft,4632804,Negotiated,Yes,58,325453,5401338,13.66
RA-103448,Hess Inc,Retail,South Africa,2024-12-19,Clop,Drive-by Download,230734,Not Paid,Yes,19,4013653,1515345,7.09
RA-103449,Houston-Lopez,Transportation,Japan,2022-10-28,BlackCat,Phishing Email,2542442,Not Paid,No,27,68560,2733518,6.66
RA-103450,"Bowman, Moreno and Mejia",Manufacturing,Brazil,2025-02-26,BlackCat,RDP Exploit,1961419,Not Paid,No,17,4214029,3460506,8.73
RA-103451,Norris-Rodriguez,Transportation,India,2024-11-18,BlackCat,RDP Exploit,1480561,Unknown,Yes,58,3872958,2387133,14.05
RA-103452,Anderson Group,Healthcare,United Kingdom,2022-08-18,Akira,Phishing Email,1082283,Not Paid,Yes,8,977349,1408402,3.26
RA-103453,Smith-Williams,Retail,France,2022-04-04,LockBit,RDP Exploit,335792,Paid,Yes,6,2432789,1587438,3.67
RA-103454,"Raymond, Simmons and Turner",Manufacturing,United Kingdom,2024-03-30,Conti,Phishing Email,3191380,Paid,Yes,44,3457620,3834758,13.25
RA-103455,Phillips-Newman,Manufacturing,India,2023-11-17,Hive,Drive-by Download,1297514,Not Paid,Yes,5,1820077,1710572,3.87
RA-103456,Wagner and Sons,Technology,Brazil,2023-06-25,LockBit,Malicious Attachment,1276750,Paid,No,15,3615909,3134344,7.14
RA-103457,"Stanley, Perez and Ward",Transportation,Japan,2021-06-24,BlackCat,Credential Theft,100170,Paid,No,55,1825922,1558844,10.18
RA-103458,Stewart-Pierce,Government,Germany,2022-08-19,Clop,Phishing Email,305016,Not Paid,No,21,253205,549927,3.71
RA-103459,Russell LLC,Healthcare,Brazil,2025-06-25,BlackCat,Malicious Attachment,2215369,Unknown,No,38,3086099,3126845,11.0
RA-103460,Roach Group,Manufacturing,United Kingdom,2022-12-08,Maze,Drive-by Download,491802,Unknown,Yes,53,4160274,1453451,12.6
RA-103461,"French, Larsen and Morgan",Government,South Africa,2022-04-09,Ryuk,Phishing Email,636172,Not Paid,No,53,3165325,2231414,11.75
RA-103462,"Smith, Ellison and Santiago",Healthcare,Australia,2024-08-08,DarkSide,Phishing Email,4231419,Not Paid,No,47,644591,4436080,11.93
RA-103463,"Mendez, Holmes and Harrell",Energy,United States,2025-10-27,LockBit,Malicious Attachment,1731159,Negotiated,No,4,3561278,2577791,5.89
RA-103464,Alvarado-Barajas,Education,Germany,2026-02-15,Conti,Drive-by Download,3334458,Unknown,Yes,26,2060043,5150728,9.29
RA-103465,"Martinez, Johnson and West",Healthcare,United States,2021-03-01,Akira,Zero-Day Exploit,4141861,Paid,No,7,2669989,5248493,7.86
RA-103466,"Vaughn, Jordan and Robinson",Government,United Kingdom,2024-09-05,Conti,Malicious Attachment,412318,Not Paid,Yes,36,3530497,837345,9.34
RA-103467,"Johnson, Moore and Martinez",Energy,Canada,2025-06-25,REvil,Drive-by Download,3412627,Not Paid,Yes,22,4483951,5054874,11.2
RA-103468,Bowen-Jones,Hospitality,Brazil,2022-05-14,Clop,RDP Exploit,3931877,Negotiated,Yes,22,43755,5705014,7.28
RA-103469,"Wilson, Franco and Williams",Retail,Australia,2024-11-05,Maze,Phishing Email,3140945,Not Paid,Yes,36,2832639,4708488,11.37
RA-103470,"Martinez, Hernandez and King",Retail,France,2026-01-06,Clop,RDP Exploit,4837746,Unknown,No,27,200807,5298153,9.09
RA-103471,Wilson and Sons,Energy,Germany,2024-01-17,Ryuk,Credential Theft,4709278,Not Paid,Yes,59,1729761,5868106,15.29
RA-103472,Tucker-Jenkins,Government,India,2022-05-08,REvil,Zero-Day Exploit,4466809,Negotiated,No,2,273078,5018078,5.04
RA-103473,Campbell Ltd,Technology,Brazil,2023-04-27,REvil,Phishing Email,3537372,Unknown,Yes,58,2294132,4632146,14.53
RA-103474,Leon LLC,Government,South Africa,2023-10-03,DarkSide,Malicious Attachment,746020,Negotiated,Yes,9,323825,1595561,2.42
RA-103475,Matthews and Sons,Finance,Canada,2024-03-23,Maze,Credential Theft,3714987,Negotiated,Yes,31,3352488,3803245,11.72
RA-103476,Lewis-Garcia,Finance,Australia,2023-11-17,DarkSide,RDP Exploit,872705,Paid,No,8,2259611,1413413,4.33
RA-103477,Flores PLC,Finance,South Africa,2024-12-27,Ryuk,Credential Theft,1801637,Unknown,Yes,45,3181434,3681525,11.73
RA-103478,Adams-Delacruz,Government,India,2021-07-28,BlackCat,Phishing Email,2579595,Not Paid,No,25,260546,4392616,6.59
RA-103479,Rich Inc,Manufacturing,Canada,2025-03-13,Ryuk,Malicious Attachment,190684,Negotiated,Yes,51,2792227,917270,10.63
RA-103480,"Rivera, Mendoza and Palmer",Transportation,Canada,2025-02-27,Conti,Zero-Day Exploit,3345650,Unknown,Yes,33,2070396,4152095,10.37
RA-103481,"Lewis, Zimmerman and Mcpherson",Retail,Australia,2022-07-01,REvil,Malicious Attachment,234030,Negotiated,No,13,2433365,2083830,4.62
RA-103482,Webster-Jones,Healthcare,South Africa,2025-06-02,BlackCat,Credential Theft,3561697,Unknown,Yes,2,74479,4055860,3.94
RA-103483,"Hill, Hill and Martinez",Transportation,India,2021-11-08,Akira,Zero-Day Exploit,4170304,Negotiated,Yes,50,1257013,4642823,12.93
RA-103484,Neal-Mcgee,Government,India,2024-11-15,Hive,RDP Exploit,835343,Negotiated,Yes,42,3733204,2405088,10.87
RA-103485,"Romero, Alvarez and Shelton",Hospitality,Germany,2024-04-04,REvil,Phishing Email,2729989,Paid,No,54,3783206,2785027,14.61
RA-103486,"Castaneda, Schneider and May",Finance,Germany,2024-10-30,Ryuk,Drive-by Download,3030866,Negotiated,Yes,3,4560112,3278896,8.04
RA-103487,Fox Group,Retail,France,2022-05-08,REvil,RDP Exploit,2312660,Unknown,No,53,4426685,3640436,14.69
RA-103488,Griffith Inc,Energy,Japan,2021-03-11,Maze,Drive-by Download,135826,Negotiated,Yes,45,3523084,508047,10.41
RA-103489,Hale-Lewis,Retail,Japan,2022-09-17,Ryuk,Zero-Day Exploit,1525371,Negotiated,No,39,2981406,2070318,10.36
RA-103490,"Smith, Blackwell and Swanson",Manufacturing,India,2021-10-11,Clop,Zero-Day Exploit,714202,Negotiated,Yes,48,3992902,2491198,11.91
RA-103491,Allen-Lopez,Finance,Brazil,2023-10-23,Conti,Malicious Attachment,70031,Negotiated,No,1,941687,950151,1.16
RA-103492,Ruiz-Bernard,Education,Germany,2024-04-02,Maze,Drive-by Download,2392114,Paid,No,45,2675430,3629106,11.82
RA-103493,Wilson and Sons,Education,India,2024-12-28,REvil,Drive-by Download,1790587,Unknown,Yes,36,1912308,3527197,9.1
RA-103494,Wood-Scott,Healthcare,Brazil,2024-11-07,Hive,Phishing Email,392410,Not Paid,No,4,759247,1335550,1.75
RA-103495,"Ramirez, Lewis and Wilcox",Government,United States,2024-07-27,REvil,Credential Theft,2839014,Negotiated,No,29,3397785,3006074,10.59
RA-103496,Burgess-Lewis,Manufacturing,United Kingdom,2021-07-04,Hive,RDP Exploit,2424439,Not Paid,No,12,2057183,3091642,6.28
RA-103497,Patel Inc,Manufacturing,India,2021-12-13,DarkSide,Credential Theft,4491858,Paid,Yes,52,3958448,5997005,16.25
RA-103498,"Hughes, Barrett and Smith",Retail,Brazil,2021-04-09,DarkSide,Phishing Email,1166999,Paid,No,27,2732365,1970471,7.95
RA-103499,"Davis, Ruiz and Brown",Transportation,Brazil,2023-11-27,LockBit,Drive-by Download,4705704,Negotiated,Yes,9,543256,6468486,6.6
RA-103500,"Wilson, Lawson and Todd",Finance,India,2025-01-17,BlackCat,Phishing Email,22021,Negotiated,No,32,4839133,285401,9.66
RA-103501,"Tapia, Lloyd and Brooks",Hospitality,France,2022-06-12,Conti,Phishing Email,2140560,Unknown,No,25,685666,2366715,6.58
RA-103502,"Garner, Hawkins and Morales",Energy,Germany,2025-06-27,Hive,Credential Theft,2550365,Negotiated,Yes,12,2533238,4391520,6.88
RA-103503,"Holmes, Smith and Howard",Transportation,Brazil,2022-05-09,DarkSide,Phishing Email,4174487,Paid,No,47,4050562,4797677,15.28
RA-103504,Powell and Sons,Education,Australia,2024-02-22,Conti,RDP Exploit,4706895,Negotiated,Yes,57,1015118,6043391,14.27
RA-103505,"Goodwin, Hill and Franklin",Healthcare,France,2021-11-18,Clop,RDP Exploit,731001,Unknown,No,49,4655166,2478097,12.74
RA-103506,"Garcia, Jacobs and Nolan",Technology,India,2024-03-16,LockBit,RDP Exploit,4916999,Unknown,No,4,3431875,6323375,8.95
RA-103507,"Rose, Stewart and Stewart",Hospitality,Australia,2026-02-08,DarkSide,Phishing Email,1710139,Unknown,No,36,1803715,3458562,8.91
RA-103508,Hernandez and Sons,Healthcare,United States,2023-04-05,Conti,Drive-by Download,4447661,Unknown,Yes,9,909570,6069397,6.71
RA-103509,Wilson-Martinez,Healthcare,Germany,2025-08-31,DarkSide,Credential Theft,4985546,Paid,No,54,177728,5933010,13.26
RA-103510,"Saunders, Rowe and Wagner",Education,United States,2026-02-26,DarkSide,Drive-by Download,3651054,Paid,Yes,49,4865833,4132485,15.87
RA-103511,Hensley-Torres,Technology,Brazil,2022-07-14,REvil,Credential Theft,4237950,Unknown,No,18,4981824,4572066,11.92
RA-103512,Ritter-Miller,Healthcare,Brazil,2024-11-02,REvil,Drive-by Download,1481415,Negotiated,No,40,3438136,2220412,10.92
RA-103513,Wilson PLC,Energy,India,2023-03-20,Maze,Drive-by Download,2661354,Negotiated,Yes,29,1117728,3566985,8.13
RA-103514,Sanchez PLC,Energy,Japan,2025-05-03,REvil,Zero-Day Exploit,4281774,Unknown,No,11,4212398,4507702,10.14
RA-103515,Scott PLC,Education,United Kingdom,2021-01-08,LockBit,RDP Exploit,343548,Unknown,Yes,13,2578181,1053670,4.87
RA-103516,Garcia Group,Technology,Canada,2023-03-25,Maze,RDP Exploit,1898880,Negotiated,No,4,1817967,2171039,4.32
RA-103517,Harris and Sons,Retail,United States,2022-04-02,Ryuk,RDP Exploit,2031034,Negotiated,Yes,1,276987,3008757,2.46
RA-103518,Wallace Inc,Education,Canada,2023-06-06,DarkSide,Zero-Day Exploit,4324633,Unknown,No,22,1230187,5692111,8.85
RA-103519,"Hudson, Miller and Brown",Energy,Japan,2021-09-08,Akira,Phishing Email,1054787,Paid,No,22,4680775,1484439,9.04
RA-103520,Reynolds-Chen,Government,Germany,2025-09-18,Clop,Zero-Day Exploit,1766116,Unknown,Yes,26,3424284,3035412,9.09
RA-103521,Williams-Castillo,Manufacturing,India,2022-03-21,Clop,Credential Theft,2168186,Not Paid,No,9,1253765,3295528,4.77
RA-103522,Cook-Cline,Manufacturing,Japan,2021-10-14,Conti,Phishing Email,1843079,Paid,Yes,32,1482483,2243649,8.13
RA-103523,Henderson-Johnson,Healthcare,United States,2025-07-17,Hive,Drive-by Download,1929579,Negotiated,Yes,46,3955623,3668790,12.79
RA-103524,Martinez PLC,Energy,United States,2024-09-03,REvil,RDP Exploit,1746611,Not Paid,Yes,17,285558,2185298,4.58
RA-103525,Valdez-Fernandez,Transportation,France,2025-12-22,Conti,Credential Theft,1654644,Negotiated,No,44,1038521,2990580,9.29
RA-103526,Sims-Huffman,Energy,France,2023-03-28,LockBit,Malicious Attachment,696972,Unknown,Yes,9,3020396,2061039,5.07
RA-103527,"Stevens, Love and Rodgers",Manufacturing,South Africa,2023-06-20,DarkSide,Zero-Day Exploit,852481,Unknown,Yes,38,4393757,2542188,10.95
RA-103528,Heath-Fitzpatrick,Manufacturing,Canada,2026-01-05,REvil,Drive-by Download,3244366,Not Paid,Yes,19,3099934,5024678,9.19
RA-103529,"Blackwell, Hayden and Jackson",Government,Brazil,2023-01-23,Akira,Drive-by Download,4110951,Not Paid,No,43,4524742,5780952,15.09
RA-103530,"Garcia, Reynolds and Hughes",Education,Brazil,2022-08-16,Conti,Drive-by Download,257643,Unknown,No,21,1730322,1763517,5.14
RA-103531,English and Sons,Transportation,Germany,2024-06-17,Akira,Phishing Email,1717771,Not Paid,No,17,1113993,2831235,5.38
RA-103532,Jones-Cowan,Government,Germany,2024-06-10,BlackCat,Drive-by Download,3937152,Negotiated,Yes,59,4344405,5755963,17.13
RA-103533,Hernandez-Mcneil,Manufacturing,Japan,2022-05-03,Ryuk,Malicious Attachment,1388959,Negotiated,Yes,7,4981783,2468106,7.42
RA-103534,Hall and Sons,Technology,India,2024-10-26,Ryuk,Drive-by Download,255428,Unknown,Yes,9,2781945,289929,4.39
RA-103535,"Mcgee, Moreno and Huerta",Technology,Brazil,2023-04-06,BlackCat,Malicious Attachment,3844823,Unknown,Yes,15,2497089,4891261,8.59
RA-103536,Roth-Ramos,Hospitality,South Africa,2021-10-19,LockBit,RDP Exploit,4698542,Negotiated,Yes,38,3006366,6227213,13.4
RA-103537,"Perez, Stokes and Deleon",Education,United Kingdom,2022-09-28,BlackCat,Malicious Attachment,1235075,Negotiated,No,55,3940252,2044370,13.43
RA-103538,"Short, Tucker and Mitchell",Technology,Germany,2022-05-11,Akira,Credential Theft,3710803,Negotiated,No,19,1727299,4921969,8.29
RA-103539,Gonzalez-Smith,Hospitality,Australia,2026-02-21,Maze,Drive-by Download,2429562,Negotiated,No,1,1686735,3606273,4.27
RA-103540,Malone-Weber,Finance,Brazil,2023-01-12,LockBit,Credential Theft,3658068,Unknown,Yes,50,3087117,4084114,14.25
RA-103541,"Rice, Miller and Green",Education,Brazil,2021-03-06,Conti,Zero-Day Exploit,454422,Unknown,Yes,10,763797,497347,2.72
RA-103542,Taylor LLC,Energy,Germany,2024-10-30,Clop,RDP Exploit,1412145,Not Paid,No,23,3276032,2799579,8.14
RA-103543,Alvarez Inc,Government,Japan,2026-02-24,BlackCat,Zero-Day Exploit,4241181,Unknown,Yes,29,2247422,5434562,10.84
RA-103544,"Sullivan, Sexton and Howard",Hospitality,United States,2025-06-21,REvil,Credential Theft,810626,Unknown,No,38,1038965,890639,7.55
RA-103545,"Baldwin, Evans and Simmons",Education,India,2025-01-14,REvil,Malicious Attachment,197144,Unknown,Yes,48,3710927,643084,11.11
RA-103546,Bell-Cox,Manufacturing,Canada,2024-09-22,BlackCat,Zero-Day Exploit,3939496,Unknown,Yes,33,2998221,5237226,11.89
RA-103547,Wall Inc,Finance,India,2025-05-31,REvil,Drive-by Download,199690,Negotiated,Yes,39,1659597,1249140,7.71
RA-103548,Moody-Hawkins,Government,Canada,2021-01-30,Ryuk,Zero-Day Exploit,2400485,Negotiated,No,23,4117584,4118845,9.97
RA-103549,"Norris, Stewart and Blevins",Government,France,2026-02-16,DarkSide,Credential Theft,4146938,Paid,No,51,1790296,5601175,13.59
RA-103550,Ramirez-Rojas,Manufacturing,India,2021-09-25,Ryuk,Malicious Attachment,4209147,Paid,Yes,37,251711,5601549,10.01
RA-103551,Scott-Kelley,Energy,Brazil,2023-06-26,BlackCat,Credential Theft,4554312,Not Paid,No,52,2541369,6116519,14.9
RA-103552,Lynch-Chang,Healthcare,Japan,2022-07-15,Ryuk,Credential Theft,2064500,Negotiated,Yes,53,2214885,2818486,12.23
RA-103553,"Forbes, Hughes and Mcdaniel",Manufacturing,United States,2023-10-28,Clop,RDP Exploit,345382,Paid,No,26,1323341,1921758,5.57
RA-103554,Lopez Group,Government,Canada,2022-07-29,Conti,Malicious Attachment,3304082,Negotiated,No,52,1387572,3870283,12.49
RA-103555,Rogers-Larson,Finance,Australia,2024-05-03,Ryuk,Phishing Email,2773044,Not Paid,No,12,940446,3174508,5.51
RA-103556,Wilson PLC,Government,Australia,2021-05-11,REvil,Zero-Day Exploit,47857,Negotiated,No,34,4579454,152243,9.73
RA-103557,Warner PLC,Healthcare,Germany,2023-05-25,DarkSide,Zero-Day Exploit,10802,Negotiated,No,58,2513787,1252680,11.22
RA-103558,Neal-Nichols,Finance,India,2022-07-20,BlackCat,RDP Exploit,3860033,Not Paid,Yes,28,4889307,4126987,12.95
RA-103559,"Johnson, Meyer and Gonzalez",Hospitality,India,2025-07-22,Maze,Malicious Attachment,2840594,Unknown,Yes,3,1994405,4375274,5.28
RA-103560,"Mclaughlin, Martinez and Wade",Retail,South Africa,2024-07-31,Maze,Credential Theft,4728029,Not Paid,Yes,58,372675,4826959,13.8
RA-103561,Hall-May,Technology,United States,2022-03-20,BlackCat,RDP Exploit,3132330,Negotiated,No,9,4561892,4014711,9.04
RA-103562,Jones and Sons,Hospitality,Australia,2025-03-15,DarkSide,RDP Exploit,7715,Paid,Yes,50,217466,368673,7.73
RA-103563,Miller-Graham,Retail,Australia,2025-11-29,DarkSide,Phishing Email,266444,Paid,No,5,1546619,2070698,2.56
RA-103564,"Simpson, Hernandez and Logan",Retail,Japan,2024-02-19,Akira,Credential Theft,464687,Paid,Yes,25,760245,1728233,4.97
RA-103565,"Sanchez, Christian and Acevedo",Manufacturing,Australia,2026-02-14,BlackCat,Credential Theft,3370273,Paid,Yes,41,3134731,3456152,12.66
RA-103566,Peters-Dennis,Finance,France,2025-09-03,Ryuk,Drive-by Download,4840095,Unknown,Yes,27,4464976,5768694,13.36
RA-103567,Jackson Inc,Retail,Japan,2023-09-17,Clop,Credential Theft,70320,Not Paid,Yes,35,96301,1426713,5.42
RA-103568,Wood LLC,Energy,South Africa,2025-03-19,Akira,Zero-Day Exploit,4690034,Paid,Yes,59,3067313,4736257,16.61
RA-103569,"Becker, Moore and Palmer",Government,Canada,2024-04-25,Akira,Malicious Attachment,1850520,Not Paid,Yes,14,1178675,2016182,5.13
RA-103570,Medina-Greene,Healthcare,Germany,2021-03-28,DarkSide,Drive-by Download,4723907,Paid,No,56,2224645,4820621,15.35
RA-103571,Jacobs-Parker,Technology,United Kingdom,2023-10-13,DarkSide,Malicious Attachment,3051872,Paid,No,34,4661408,3793267,12.81
RA-103572,Fischer-Moody,Technology,United Kingdom,2023-03-30,LockBit,Drive-by Download,896011,Not Paid,Yes,5,1521064,2804175,3.17
RA-103573,Schultz Group,Finance,India,2023-03-07,Maze,Zero-Day Exploit,4970292,Paid,Yes,54,3108903,6958310,16.18
RA-103574,Kelley Inc,Finance,France,2021-08-14,BlackCat,Phishing Email,993846,Not Paid,Yes,36,3620804,1104648,10.01
RA-103575,"Gardner, Murphy and Anderson",Manufacturing,Australia,2025-11-27,Akira,Drive-by Download,1864351,Unknown,Yes,13,497437,2256262,4.31
RA-103576,Savage-Montes,Finance,Canada,2021-05-02,Maze,Credential Theft,3605315,Unknown,Yes,51,1263788,4079124,12.52
RA-103577,"Hudson, Garrison and Martin",Technology,South Africa,2025-09-29,Akira,Zero-Day Exploit,174146,Paid,No,57,4887943,1660316,13.61
RA-103578,James-Hernandez,Finance,United Kingdom,2023-01-06,LockBit,RDP Exploit,263717,Unknown,Yes,23,1369769,460476,5.08
RA-103579,Ramos-Ruiz,Finance,France,2023-11-29,LockBit,Malicious Attachment,1032177,Negotiated,No,26,2299293,2669512,7.23
RA-103580,"Kennedy, Campbell and Finley",Finance,Japan,2025-09-16,DarkSide,Phishing Email,361525,Negotiated,Yes,57,4539304,1842612,13.45
RA-103581,King-Walls,Technology,Japan,2025-07-06,Maze,Malicious Attachment,4633924,Negotiated,No,54,1980531,5216813,14.71
RA-103582,Ramirez-Burton,Manufacturing,France,2021-03-03,LockBit,Zero-Day Exploit,3393494,Not Paid,No,1,4954601,4829776,8.5
RA-103583,"Moore, Anderson and Lozano",Transportation,Germany,2022-06-22,Akira,Drive-by Download,2861155,Negotiated,Yes,26,3625642,4117117,10.39
RA-103584,Lowery and Sons,Retail,United Kingdom,2023-09-25,Akira,Drive-by Download,2168351,Paid,No,10,2300085,2342293,5.97
RA-103585,Herman-Lynch,Technology,United Kingdom,2024-06-24,Maze,RDP Exploit,3017237,Negotiated,No,30,3716778,4930824,11.23
RA-103586,Williams-Greene,Hospitality,Australia,2023-04-12,Conti,Phishing Email,3281040,Paid,No,39,717957,5132627,9.85
RA-103587,Edwards Group,Technology,South Africa,2025-10-21,DarkSide,Malicious Attachment,2401550,Unknown,No,32,1165981,3511372,8.37
RA-103588,"Silva, Ellis and Miller",Hospitality,Brazil,2024-04-07,Ryuk,Phishing Email,125159,Paid,No,9,3250018,406692,4.73
RA-103589,Neal Inc,Technology,United States,2023-03-04,Conti,Malicious Attachment,1155124,Not Paid,No,50,4531150,2001924,13.19
RA-103590,Todd-Rice,Technology,Brazil,2025-07-13,LockBit,Phishing Email,3360616,Unknown,No,57,4600342,4617364,16.51
RA-103591,"Steele, Fisher and Burns",Energy,Canada,2023-02-15,LockBit,RDP Exploit,1325377,Paid,No,54,4174578,2899876,13.6
RA-103592,Bishop Group,Education,Australia,2025-08-11,Clop,Malicious Attachment,4176154,Not Paid,Yes,9,1730516,4368054,7.26
RA-103593,Thompson LLC,Healthcare,United States,2022-11-28,Hive,Malicious Attachment,1274796,Negotiated,No,22,3273991,3027827,7.85
RA-103594,Jackson-Houston,Manufacturing,United States,2025-12-05,Maze,RDP Exploit,529446,Paid,No,29,1507975,765939,6.39
RA-103595,Diaz Inc,Finance,Germany,2026-02-03,BlackCat,Credential Theft,1914765,Negotiated,No,22,1671262,3534417,6.89
RA-103596,Martin-Ortiz,Hospitality,Germany,2026-02-25,REvil,Drive-by Download,3475441,Not Paid,Yes,2,2763199,4770197,6.54
RA-103597,Mcconnell-Walsh,Hospitality,South Africa,2021-11-03,Clop,Credential Theft,1069307,Negotiated,No,47,1036760,1093208,9.16
RA-103598,"Rodriguez, Powell and Conrad",Retail,South Africa,2025-12-26,REvil,Phishing Email,1902677,Unknown,Yes,47,914482,3575362,9.87
RA-103599,Oliver-Morgan,Energy,Japan,2022-06-28,Hive,RDP Exploit,1656167,Negotiated,Yes,44,3905636,3503169,12.16
RA-103600,"Stewart, Crawford and Martin",Transportation,United Kingdom,2025-03-29,Conti,Phishing Email,1251442,Not Paid,No,7,962753,2157102,3.26
RA-103601,"Morgan, Esparza and Walker",Transportation,South Africa,2024-06-29,LockBit,Phishing Email,4751689,Unknown,Yes,56,4337387,4931160,17.49
RA-103602,Owen-Massey,Energy,France,2025-10-31,Akira,Zero-Day Exploit,2611611,Not Paid,No,11,3426006,3342619,7.69
RA-103603,Kelly PLC,Manufacturing,United Kingdom,2023-01-11,Ryuk,RDP Exploit,4232311,Negotiated,Yes,31,3788886,4834212,12.67
RA-103604,Carter-Henson,Retail,Canada,2022-02-05,Clop,RDP Exploit,4148891,Negotiated,Yes,53,1250789,4818586,13.35
RA-103605,Wyatt Group,Transportation,United Kingdom,2022-11-01,Hive,Phishing Email,984412,Negotiated,Yes,5,3908697,2098324,5.64
RA-103606,Bartlett-Werner,Transportation,France,2022-05-27,Clop,Credential Theft,2116960,Unknown,Yes,22,3066332,2610146,8.48
RA-103607,Stephenson LLC,Technology,India,2021-01-15,Ryuk,Drive-by Download,2202779,Paid,Yes,29,3327945,3204344,9.88
RA-103608,Garrett-Green,Transportation,Brazil,2024-01-12,BlackCat,Drive-by Download,4585028,Not Paid,Yes,32,2510207,5268115,11.9
RA-103609,Bailey-Glenn,Government,India,2024-07-05,Hive,Malicious Attachment,3969775,Not Paid,Yes,21,1741635,4131305,8.86
RA-103610,Orr-Moody,Healthcare,Brazil,2023-01-31,REvil,Drive-by Download,1148066,Paid,No,26,1077151,1357886,6.13
RA-103611,Morris Group,Finance,United States,2025-06-07,Ryuk,Phishing Email,2213955,Negotiated,No,15,31915,3556842,4.5
RA-103612,"Miller, Ward and Taylor",Retail,Australia,2022-12-30,DarkSide,Malicious Attachment,1199006,Negotiated,Yes,38,3204139,3162238,10.1
RA-103613,Cervantes LLC,Finance,Australia,2022-03-14,Conti,RDP Exploit,584883,Not Paid,No,39,4016774,797645,10.45
RA-103614,Crawford-Patel,Hospitality,India,2025-05-28,Akira,Zero-Day Exploit,4875664,Paid,Yes,60,3782721,5230913,17.66
RA-103615,"Mckenzie, Romero and Lane",Retail,Germany,2021-02-21,REvil,Malicious Attachment,388427,Unknown,No,48,1728336,2059001,9.32
RA-103616,Martin PLC,Transportation,India,2025-02-22,BlackCat,Drive-by Download,4557814,Paid,No,45,2985981,6274314,14.29
RA-103617,"Walker, Johnson and Reed",Manufacturing,Japan,2023-11-15,Akira,RDP Exploit,3389559,Unknown,No,4,1097613,3641997,5.09
RA-103618,Hardin-Jones,Education,Brazil,2022-03-22,REvil,Credential Theft,3833095,Paid,Yes,28,1842158,4923063,9.88
RA-103619,Schultz PLC,Government,Japan,2022-03-16,Maze,Malicious Attachment,990870,Paid,No,11,1404177,1391394,4.05
RA-103620,Marks LLC,Finance,Canada,2021-01-29,Hive,RDP Exploit,2436335,Unknown,No,29,1734356,3884482,8.52
RA-103621,Hill-Pace,Healthcare,Brazil,2022-09-27,LockBit,RDP Exploit,3862347,Unknown,No,31,4163949,4408878,12.68
RA-103622,Guerrero Inc,Energy,India,2023-04-22,Clop,RDP Exploit,2968294,Not Paid,Yes,26,105139,2986120,6.97
RA-103623,"Kim, Wilson and Moore",Finance,Japan,2025-11-08,Conti,Credential Theft,1523215,Unknown,Yes,51,4519597,1799677,13.69
RA-103624,"White, Jackson and Stephens",Energy,United Kingdom,2023-09-12,Ryuk,Malicious Attachment,4665685,Not Paid,Yes,51,2194468,6274884,14.51
RA-103625,Freeman-Reid,Manufacturing,Japan,2022-02-09,Ryuk,Credential Theft,98058,Not Paid,Yes,59,2511350,1622039,11.46
RA-103626,Nelson-Wilson,Retail,France,2026-01-18,Maze,RDP Exploit,3379706,Paid,Yes,26,3331154,3457782,10.61
RA-103627,Heath Ltd,Manufacturing,France,2022-02-19,REvil,Credential Theft,2122070,Paid,Yes,42,2219926,2563210,10.64
RA-103628,"Johnson, Brown and Sutton",Finance,United Kingdom,2023-12-03,REvil,RDP Exploit,2599486,Paid,Yes,56,3632342,3346601,14.63
RA-103629,Blackwell PLC,Transportation,South Africa,2025-11-23,DarkSide,Drive-by Download,3266479,Paid,No,48,1971749,4257280,12.44
RA-103630,Gregory-Taylor,Transportation,South Africa,2024-02-20,BlackCat,Drive-by Download,1896838,Unknown,No,51,3156437,2436201,12.7
RA-103631,Lester-Harper,Transportation,Australia,2024-04-01,Akira,Malicious Attachment,2937764,Not Paid,Yes,60,3031991,4495699,14.97
RA-103632,Hatfield-Martin,Government,South Africa,2024-06-29,Conti,Zero-Day Exploit,2074838,Not Paid,No,32,4813552,3667570,11.69
RA-103633,Campbell-Schmidt,Technology,Brazil,2022-11-21,Ryuk,Credential Theft,4838520,Unknown,No,32,1487115,5873736,11.13
RA-103634,Scott LLC,Transportation,India,2023-09-27,BlackCat,RDP Exploit,3076130,Negotiated,Yes,37,1758349,3842950,10.38
RA-103635,"Stanton, Mcneil and Werner",Manufacturing,Germany,2023-09-22,Hive,Phishing Email,2159518,Negotiated,Yes,39,612248,3395983,8.62
RA-103636,Stout PLC,Government,Japan,2023-06-05,Akira,Phishing Email,4127068,Unknown,No,55,1092945,4539697,13.47
RA-103637,"Silva, Greer and Collins",Finance,South Africa,2021-08-24,BlackCat,RDP Exploit,3052744,Paid,No,56,231360,3132281,11.68
RA-103638,"Harris, Lewis and Martinez",Education,Germany,2022-09-23,Ryuk,Malicious Attachment,4414805,Unknown,Yes,1,2582261,5018422,7.15
RA-103639,Simmons and Sons,Healthcare,South Africa,2025-04-02,LockBit,Drive-by Download,630670,Unknown,Yes,17,4907654,1906739,8.09
RA-103640,Jackson-Martinez,Energy,Japan,2025-06-27,LockBit,Malicious Attachment,3230196,Paid,No,50,2098000,4971433,12.83
RA-103641,"Mooney, Estes and Weaver",Healthcare,India,2026-01-29,DarkSide,Credential Theft,4041661,Unknown,No,15,4448709,5438886,10.74
RA-103642,Ashley LLC,Healthcare,Japan,2024-09-26,Ryuk,Phishing Email,1944164,Paid,Yes,25,3792510,2334812,9.49
RA-103643,Weaver-Clayton,Retail,Germany,2025-04-09,Clop,Phishing Email,1629634,Negotiated,No,30,1520151,2546334,7.65
RA-103644,"Mcbride, Welch and Williams",Retail,Australia,2024-03-08,Akira,Zero-Day Exploit,4752147,Paid,No,29,1327442,6640786,10.43
RA-103645,Fuller-Cabrera,Energy,Brazil,2023-01-12,LockBit,Phishing Email,3728966,Paid,No,40,1639814,4068126,11.37
RA-103646,Brooks-Freeman,Energy,Germany,2022-09-24,Clop,Drive-by Download,809257,Unknown,Yes,54,3913761,2236779,12.82
RA-103647,Thomas Group,Technology,France,2025-08-01,Hive,Drive-by Download,4922725,Unknown,Yes,28,4261315,5646452,13.38
RA-103648,Martinez-Wallace,Manufacturing,France,2021-03-13,Ryuk,Zero-Day Exploit,4398495,Negotiated,Yes,22,3978672,4828903,11.68
RA-103649,Burns-Brooks,Retail,Brazil,2024-11-28,LockBit,RDP Exploit,1636981,Unknown,Yes,55,3445486,2221195,13.33
RA-103650,"Jensen, Wilson and Collins",Technology,Australia,2021-11-04,Akira,Zero-Day Exploit,4115436,Negotiated,No,26,4133961,5505053,12.15
RA-103651,Reynolds-Goodwin,Hospitality,Canada,2023-11-28,Akira,Drive-by Download,3733315,Negotiated,No,42,3248554,4550741,13.28
RA-103652,"Phillips, Foley and Santos",Government,Canada,2025-03-05,DarkSide,Malicious Attachment,661884,Negotiated,Yes,23,2966171,2437600,7.08
RA-103653,Berry-Flores,Manufacturing,Germany,2025-01-08,DarkSide,Zero-Day Exploit,1093073,Not Paid,Yes,17,197382,2727637,3.84
RA-103654,Johnson and Sons,Technology,Australia,2024-02-20,Conti,Drive-by Download,2294197,Negotiated,No,44,4397561,3585853,13.29
RA-103655,Farmer-Miller,Manufacturing,Canada,2025-12-03,Hive,Phishing Email,231371,Unknown,Yes,16,3698857,1929011,6.33
RA-103656,"Elliott, Ware and Graves",Transportation,Australia,2023-02-07,Ryuk,Credential Theft,1930790,Not Paid,Yes,35,1811302,2357539,8.99
RA-103657,"Alvarez, Adams and Johnson",Technology,Canada,2025-01-17,Hive,Phishing Email,1018894,Negotiated,Yes,16,3414949,2288937,6.83
RA-103658,"Franklin, Smith and Carpenter",Retail,South Africa,2023-08-31,Maze,Phishing Email,1862329,Unknown,Yes,30,1753586,1988432,8.12
RA-103659,"Rodriguez, Johnson and Ochoa",Finance,United States,2021-12-28,Clop,Zero-Day Exploit,2165635,Negotiated,Yes,54,246004,2834614,10.51
RA-103660,"Murphy, Moore and Arnold",Government,Germany,2025-11-16,REvil,Zero-Day Exploit,4475817,Unknown,No,29,4877453,5391537,13.7
RA-103661,Irwin-Nelson,Technology,United States,2024-08-19,Conti,RDP Exploit,3587281,Not Paid,No,18,3306014,5408735,9.59
RA-103662,"Wood, Martinez and Mcdaniel",Finance,Australia,2022-02-07,Akira,RDP Exploit,4789663,Paid,No,40,3980805,5354268,14.77
RA-103663,Case-Castillo,Education,Brazil,2025-08-03,Ryuk,Phishing Email,590657,Unknown,Yes,4,744907,645008,1.94
RA-103664,Davis Inc,Transportation,Canada,2024-10-28,Akira,Zero-Day Exploit,2755607,Unknown,No,8,3286254,3392717,7.24
RA-103665,"Johnson, Barker and Carroll",Healthcare,India,2022-02-19,BlackCat,Malicious Attachment,4353399,Negotiated,Yes,13,1980306,6173329,8.28
RA-103666,Tucker PLC,Energy,France,2025-12-27,Akira,RDP Exploit,2701367,Negotiated,Yes,29,3113991,3276741,10.17
RA-103667,"Mcgee, Fields and Hickman",Healthcare,United Kingdom,2025-07-14,DarkSide,Phishing Email,2890163,Unknown,No,43,1538767,3759773,10.88
RA-103668,Humphrey Ltd,Energy,South Africa,2022-11-16,Hive,Drive-by Download,3634861,Paid,Yes,49,3946481,3771660,14.93
RA-103669,Garcia Group,Finance,Germany,2024-05-13,Akira,Phishing Email,1534523,Not Paid,Yes,16,3348218,3479020,7.28
RA-103670,Schroeder Group,Hospitality,France,2023-10-05,REvil,Drive-by Download,3878194,Paid,Yes,17,3052844,5142755,9.48
RA-103671,Bell-Rocha,Transportation,Brazil,2026-02-06,LockBit,Malicious Attachment,2089237,Paid,No,32,3449713,4060439,10.34
RA-103672,"Hawkins, Thomas and Baird",Technology,Australia,2024-03-31,BlackCat,Phishing Email,559807,Unknown,No,49,376497,1886752,8.29
RA-103673,Berger LLC,Government,France,2021-03-25,REvil,Zero-Day Exploit,4165397,Negotiated,Yes,3,3817492,5282085,8.43
RA-103674,Henry Group,Manufacturing,Brazil,2025-07-08,Conti,Zero-Day Exploit,94171,Negotiated,No,15,2133366,1189540,4.48
RA-103675,Mitchell-Wilson,Retail,Japan,2024-11-14,Clop,Zero-Day Exploit,65724,Not Paid,Yes,56,2441637,1916270,10.91
RA-103676,Morris-Durham,Energy,France,2024-06-12,Hive,RDP Exploit,87970,Unknown,No,13,987305,1915930,3.03
RA-103677,Cabrera Group,Transportation,Australia,2022-05-19,Akira,Credential Theft,698797,Negotiated,No,28,4131052,2269509,9.03
RA-103678,Lee Ltd,Hospitality,Australia,2022-07-02,Akira,RDP Exploit,354352,Paid,Yes,36,4714231,1746352,10.47
RA-103679,"Washington, Sanford and Kennedy",Healthcare,Australia,2022-01-17,Clop,Zero-Day Exploit,287480,Paid,Yes,30,3118502,1211238,7.91
RA-103680,Hernandez LLC,Healthcare,United Kingdom,2025-03-03,Akira,Credential Theft,3038346,Unknown,No,11,1734215,4796123,6.42
RA-103681,Boyd Ltd,Government,Australia,2022-02-06,Ryuk,Malicious Attachment,1841642,Negotiated,Yes,2,1385331,3760584,3.53
RA-103682,Jones-Richardson,Manufacturing,Canada,2022-05-17,LockBit,RDP Exploit,251219,Unknown,Yes,29,4975958,507297,9.58
RA-103683,Thompson-Thomas,Hospitality,Australia,2026-03-09,Conti,Phishing Email,1375299,Negotiated,Yes,2,985551,1691419,2.66
RA-103684,Lambert-Baker,Transportation,United Kingdom,2021-02-15,LockBit,Drive-by Download,2456203,Unknown,Yes,9,1681830,2630590,5.49
RA-103685,Velasquez-Frank,Finance,United States,2025-07-13,Akira,RDP Exploit,470286,Paid,No,20,4432183,2314216,7.9
RA-103686,James LLC,Transportation,Australia,2022-09-01,DarkSide,Zero-Day Exploit,4456722,Unknown,Yes,19,3760607,4922883,11.07
RA-103687,"Hernandez, Barnes and Morales",Manufacturing,Australia,2024-04-16,Conti,Credential Theft,4412670,Paid,No,48,1261418,4990778,12.87
RA-103688,Peterson Ltd,Education,Germany,2025-10-24,Hive,RDP Exploit,715059,Unknown,No,35,1315551,1744315,7.28
RA-103689,"Griffin, Brown and Logan",Finance,France,2025-10-11,Maze,RDP Exploit,1108136,Negotiated,No,38,2978356,2938617,9.79
RA-103690,"Williams, Bailey and Fuller",Transportation,France,2024-08-17,BlackCat,Malicious Attachment,3922798,Negotiated,Yes,44,3513271,5556004,14.04
RA-103691,"Simpson, Peters and Mason",Hospitality,India,2022-05-15,Akira,Malicious Attachment,454944,Negotiated,No,60,4305989,724851,13.76
RA-103692,Miller LLC,Manufacturing,United States,2025-02-28,REvil,Credential Theft,4214470,Negotiated,Yes,30,3252200,4441135,11.97
RA-103693,"Dalton, Sanchez and Hopkins",Hospitality,United Kingdom,2025-12-18,REvil,Malicious Attachment,2734151,Unknown,No,48,255524,3814581,10.19
RA-103694,Blake Inc,Energy,India,2021-03-26,Akira,Malicious Attachment,1995843,Negotiated,No,59,2788776,2061967,13.63
RA-103695,Scott PLC,Transportation,South Africa,2024-05-16,LockBit,Credential Theft,1769376,Not Paid,Yes,24,2790497,2845365,8.16
RA-103696,"Mason, Chavez and Martinez",Energy,Brazil,2023-07-04,DarkSide,Zero-Day Exploit,3684573,Negotiated,No,50,2766120,4323771,13.95
RA-103697,Chapman-Garrison,Finance,United Kingdom,2024-03-22,Conti,Credential Theft,1514275,Unknown,Yes,24,2381389,3368476,7.5
RA-103698,Gibson-Estes,Government,Brazil,2025-10-10,Akira,Zero-Day Exploit,2424761,Paid,Yes,48,4922490,4138138,14.55
RA-103699,Jordan Ltd,Manufacturing,Australia,2023-10-08,Akira,Malicious Attachment,526135,Negotiated,No,46,2391044,2369393,9.82
RA-103700,Flores Group,Technology,United Kingdom,2023-08-04,Conti,Drive-by Download,2229252,Negotiated,No,60,885289,3154400,12.11
RA-103701,"Moses, Rush and Hinton",Manufacturing,Japan,2024-09-11,Conti,Malicious Attachment,4103497,Paid,Yes,8,1292264,4805330,6.6
RA-103702,Burnett Ltd,Hospitality,United States,2025-05-10,Ryuk,Malicious Attachment,3783255,Paid,Yes,28,3747723,4345870,11.73
RA-103703,Summers-Brown,Energy,India,2026-02-10,Maze,RDP Exploit,1288821,Paid,No,32,1237631,2723919,7.33
RA-103704,Shelton-Osborne,Finance,Brazil,2025-08-01,LockBit,Phishing Email,3090483,Negotiated,No,8,1694248,3679936,5.98
RA-103705,Hayes-Taylor,Retail,Australia,2023-01-17,Maze,Credential Theft,2826843,Negotiated,No,36,2018899,4494234,10.25
RA-103706,Flores-Anderson,Technology,France,2026-03-07,Conti,RDP Exploit,3655231,Negotiated,No,52,1571599,3923235,13.03
RA-103707,Meza-Lee,Transportation,Japan,2024-12-03,Maze,Phishing Email,3483020,Negotiated,Yes,27,4269688,3606200,11.8
RA-103708,"Conrad, Patel and Robinson",Government,South Africa,2021-03-03,DarkSide,Phishing Email,4222306,Negotiated,No,27,426368,4848246,8.7
RA-103709,Cardenas Inc,Education,South Africa,2024-10-25,Akira,Zero-Day Exploit,3960641,Not Paid,Yes,36,2693346,5576972,12.05
RA-103710,"Graham, Ochoa and Flynn",Hospitality,Germany,2023-03-12,BlackCat,Drive-by Download,4668965,Unknown,Yes,25,387870,6311464,8.81
RA-103711,Ayala Inc,Transportation,Australia,2023-12-09,LockBit,Phishing Email,4834772,Paid,No,57,4342490,5906311,17.73
RA-103712,Johnson Ltd,Finance,Australia,2023-02-01,Conti,RDP Exploit,4634403,Paid,Yes,13,656750,4839091,7.24
RA-103713,Vega LLC,Government,Germany,2023-04-12,Conti,Credential Theft,2396050,Unknown,Yes,4,276742,3687596,3.27
RA-103714,Oneal Inc,Healthcare,Germany,2023-10-21,Hive,Credential Theft,4932766,Unknown,Yes,3,1551497,6850434,6.93
RA-103715,Velazquez-Wright,Government,France,2024-09-03,REvil,Malicious Attachment,531669,Unknown,Yes,36,4465320,1831287,10.4
RA-103716,Herrera-Nicholson,Technology,Germany,2025-03-22,REvil,RDP Exploit,3462902,Paid,Yes,50,3798510,4379452,14.76
RA-103717,"Long, Morgan and Shaw",Retail,United Kingdom,2022-09-05,Ryuk,Zero-Day Exploit,4304191,Negotiated,No,45,777766,4703410,11.83
RA-103718,Little PLC,Retail,United States,2022-07-24,REvil,Zero-Day Exploit,1254057,Not Paid,Yes,47,3464833,1907786,11.77
RA-103719,Ramos-Roman,Government,Brazil,2025-04-09,Akira,Drive-by Download,4156561,Negotiated,Yes,39,3641543,5018980,13.65
RA-103720,Maxwell-Oconnor,Retail,Canada,2024-10-30,Akira,Credential Theft,4615933,Not Paid,No,31,3721511,6355640,12.99
RA-103721,Lowe-Warner,Retail,India,2023-03-06,Akira,RDP Exploit,4421388,Negotiated,Yes,29,740915,5073022,9.51
RA-103722,"Foster, Morris and Walker",Retail,United Kingdom,2021-07-08,Conti,Credential Theft,2748380,Negotiated,Yes,22,3667283,3604319,9.72
RA-103723,Oliver-Stewart,Healthcare,France,2021-11-09,Akira,Zero-Day Exploit,3183063,Negotiated,No,51,4893477,4784810,15.73
RA-103724,Contreras PLC,Finance,France,2023-03-11,Clop,RDP Exploit,3513950,Not Paid,Yes,43,4356813,3657908,14.32
RA-103725,Christensen Group,Energy,United Kingdom,2024-09-23,Clop,Phishing Email,1149226,Not Paid,No,18,3218881,2334018,7.07
RA-103726,Alvarez Ltd,Retail,United States,2022-03-02,Ryuk,Drive-by Download,1937767,Paid,Yes,32,4680919,3569993,11.42
RA-103727,Baldwin-Brown,Transportation,Australia,2023-11-21,DarkSide,Credential Theft,3475146,Not Paid,Yes,32,2523407,4967505,10.8
RA-103728,Gentry PLC,Manufacturing,Brazil,2022-06-28,Ryuk,Drive-by Download,2770744,Negotiated,No,21,4900067,3588235,10.82
RA-103729,Davis Inc,Manufacturing,Australia,2023-10-26,BlackCat,Drive-by Download,3237743,Not Paid,No,36,17959,3361223,8.66
RA-103730,Rivera-Aguilar,Retail,Japan,2024-07-28,REvil,RDP Exploit,4022954,Unknown,Yes,42,3559798,4580600,13.88
RA-103731,Lewis-Alexander,Finance,Canada,2021-12-06,Ryuk,Malicious Attachment,3921575,Not Paid,No,3,3084130,4793686,7.46
RA-103732,Gordon PLC,Retail,United Kingdom,2025-06-26,BlackCat,Drive-by Download,2128952,Unknown,No,12,355030,2267825,4.28
RA-103733,Garcia Group,Manufacturing,United Kingdom,2022-05-28,LockBit,RDP Exploit,3829476,Negotiated,Yes,46,836880,5654474,11.57
RA-103734,"Davis, Shaw and Mann",Manufacturing,United States,2024-07-17,Maze,Zero-Day Exploit,4823742,Negotiated,Yes,6,4795440,5940369,10.52
RA-103735,Bowman Ltd,Healthcare,France,2022-04-28,BlackCat,Drive-by Download,1882354,Negotiated,Yes,21,4591438,2562403,9.62
RA-103736,Jones and Sons,Hospitality,France,2026-02-12,DarkSide,Zero-Day Exploit,1562174,Unknown,Yes,54,1558744,3060255,11.22
RA-103737,Crawford-Brown,Healthcare,Canada,2022-01-17,Clop,RDP Exploit,4115153,Not Paid,Yes,43,4958135,5576044,15.52
RA-103738,Parker and Sons,Finance,Brazil,2021-01-04,LockBit,Phishing Email,3378996,Negotiated,Yes,3,4239759,4680008,8.07
RA-103739,Welch-Jackson,Energy,Canada,2021-09-17,Akira,Zero-Day Exploit,688852,Negotiated,Yes,34,2242133,1431957,8.03
RA-103740,Moon Group,Education,Australia,2022-11-15,Akira,Credential Theft,1118214,Unknown,Yes,31,159026,2603121,5.93
RA-103741,"Cook, Sexton and Bennett",Transportation,Germany,2021-08-20,LockBit,Malicious Attachment,2437124,Paid,No,14,2655346,4342039,7.19
RA-103742,Forbes LLC,Technology,South Africa,2023-09-09,LockBit,Credential Theft,3077582,Not Paid,Yes,8,1852516,3171779,6.13
RA-103743,"Lopez, Robertson and Flores",Retail,Australia,2021-08-11,Conti,Zero-Day Exploit,3372635,Paid,No,36,4929866,4338463,13.7
RA-103744,Perez-Fox,Retail,Germany,2023-07-05,BlackCat,Credential Theft,2011611,Not Paid,No,54,1300313,2113313,11.41
RA-103745,Knight-Mendoza,Technology,India,2022-08-01,Ryuk,Malicious Attachment,2093014,Unknown,Yes,52,729813,2479694,10.62
RA-103746,Lopez-Smith,Technology,Australia,2021-12-26,Maze,Credential Theft,1864450,Paid,No,13,3369855,2055744,7.18
RA-103747,"Madden, Richards and Parsons",Manufacturing,Australia,2025-04-12,Clop,Zero-Day Exploit,1225926,Unknown,Yes,17,3805920,1919310,7.58
RA-103748,Hughes-Patton,Energy,United States,2026-01-06,Clop,Zero-Day Exploit,459150,Negotiated,Yes,44,2029759,1318879,9.09
RA-103749,Gonzalez-Cruz,Technology,France,2021-01-16,DarkSide,Phishing Email,69622,Unknown,Yes,57,2988513,1974231,11.61
RA-103750,Harper-Rich,Finance,France,2022-10-16,BlackCat,Zero-Day Exploit,3883559,Unknown,Yes,5,595674,4266497,5.23
RA-103751,Rodriguez Ltd,Government,Japan,2025-07-18,Conti,Drive-by Download,1516864,Not Paid,Yes,16,3061735,3203407,6.98
RA-103752,Williams-Smith,Hospitality,Australia,2024-07-13,BlackCat,Zero-Day Exploit,3113611,Negotiated,No,18,4443756,3714748,10.26
RA-103753,"Horton, Anderson and Jones",Retail,Germany,2025-08-02,Clop,Phishing Email,475307,Not Paid,Yes,58,3710893,1705181,12.89
RA-103754,"Mckay, Adams and Ross",Retail,India,2021-10-30,Hive,Malicious Attachment,2281749,Negotiated,Yes,12,3321525,3724951,7.4
RA-103755,Sullivan-Morales,Finance,South Africa,2024-03-20,Maze,Drive-by Download,210938,Negotiated,Yes,10,289685,859703,2.0
RA-103756,Johnson-Lopez,Government,Germany,2025-05-15,REvil,Zero-Day Exploit,2656327,Negotiated,Yes,7,418721,3938861,4.13
RA-103757,Adkins Inc,Manufacturing,Brazil,2022-04-05,Maze,Drive-by Download,3500093,Negotiated,Yes,13,1997562,3523752,7.45
RA-103758,Montes-Paul,Transportation,Canada,2023-08-12,BlackCat,Zero-Day Exploit,449052,Negotiated,Yes,1,4845686,2177944,5.44
RA-103759,Baker-Evans,Energy,United States,2023-07-13,REvil,Zero-Day Exploit,3771261,Paid,Yes,3,1230896,3982361,5.45
RA-103760,Poole-Hanna,Government,Germany,2025-08-05,Akira,Drive-by Download,1547968,Unknown,Yes,22,1422950,2715175,6.27
RA-103761,"Marsh, Walker and Palmer",Finance,Brazil,2023-07-09,Ryuk,Credential Theft,4527104,Unknown,No,24,3193494,5646887,11.32
RA-103762,"Miller, Brock and Allen",Government,Japan,2021-03-17,Conti,Phishing Email,2979650,Paid,Yes,39,791932,4024763,9.62
RA-103763,Baker-Parks,Hospitality,South Africa,2024-11-05,Ryuk,Credential Theft,2917199,Not Paid,Yes,47,3045866,4798865,13.01
RA-103764,Moore-Austin,Technology,Canada,2025-01-09,DarkSide,Phishing Email,622704,Negotiated,No,32,4939799,1077053,10.36
RA-103765,Little-Arnold,Manufacturing,United Kingdom,2021-03-30,Maze,Credential Theft,3240545,Not Paid,No,23,2483256,5196862,9.17
RA-103766,Pugh Ltd,Technology,Australia,2023-08-15,LockBit,Credential Theft,184971,Negotiated,No,43,4173121,1982776,10.81
RA-103767,"West, Miller and Dean",Manufacturing,India,2022-01-04,Clop,Drive-by Download,108599,Not Paid,No,31,4513042,1965636,9.27
RA-103768,"Phillips, Atkinson and Rose",Healthcare,United Kingdom,2021-08-15,Ryuk,Drive-by Download,4878501,Paid,Yes,43,1343243,5749738,12.67
RA-103769,"Tate, Nelson and Silva",Finance,United States,2024-02-24,Akira,RDP Exploit,3663355,Unknown,Yes,33,167598,5224206,8.78
RA-103770,Hansen LLC,Hospitality,United States,2024-04-18,Hive,Phishing Email,575452,Unknown,Yes,38,2334969,2356112,8.61
RA-103771,Dillon Inc,Technology,United Kingdom,2021-04-11,Hive,Phishing Email,1651723,Negotiated,No,9,4190999,3109375,7.19
RA-103772,Anderson Ltd,Healthcare,South Africa,2023-08-11,REvil,Drive-by Download,4123366,Unknown,Yes,55,4158869,5779409,16.53
RA-103773,Mccormick-Vasquez,Finance,South Africa,2024-11-29,Akira,Malicious Attachment,3240462,Unknown,No,33,1085939,5097929,9.28
RA-103774,Boyd-Jones,Government,Australia,2022-09-19,Akira,Malicious Attachment,3645774,Unknown,Yes,2,4117707,4598649,8.06
RA-103775,"Ward, Thompson and Hobbs",Finance,Germany,2024-04-29,Maze,Zero-Day Exploit,1407899,Not Paid,No,10,309797,2160502,3.22
RA-103776,Torres-Long,Hospitality,United Kingdom,2025-06-21,Maze,Phishing Email,2373180,Paid,No,47,4451488,4024066,13.87
RA-103777,Murphy-Bennett,Retail,France,2023-01-01,Ryuk,Drive-by Download,892855,Unknown,Yes,28,3917375,2469443,9.01
RA-103778,Hobbs and Sons,Finance,Brazil,2023-01-14,DarkSide,Malicious Attachment,4546088,Unknown,No,8,4622195,4830222,10.37
RA-103779,"Cole, Munoz and James",Hospitality,Japan,2023-10-20,Maze,Drive-by Download,3789326,Negotiated,Yes,39,2002947,4583274,11.64
RA-103780,"Wheeler, Mcintosh and Fuentes",Hospitality,Japan,2024-01-05,DarkSide,Phishing Email,1977971,Not Paid,No,24,3243375,3255511,8.82
RA-103781,"Burke, Anthony and Stephens",Government,United States,2021-10-24,Ryuk,Malicious Attachment,307799,Unknown,Yes,54,673317,1600488,9.08
RA-103782,"Michael, Shepherd and Moss",Hospitality,South Africa,2021-11-01,Akira,Zero-Day Exploit,3205452,Not Paid,Yes,52,4118088,3450198,15.12
RA-103783,"James, Jones and Wilson",Finance,Germany,2023-01-27,Hive,Zero-Day Exploit,2009671,Not Paid,Yes,44,315274,2466128,8.92
RA-103784,Smith LLC,Energy,Australia,2022-10-20,Conti,RDP Exploit,3304364,Negotiated,No,34,1112468,4395654,9.52
RA-103785,Vargas-White,Education,Japan,2021-12-31,REvil,Credential Theft,3557790,Unknown,No,45,1440126,3679491,11.75
RA-103786,"Skinner, Wilson and Hall",Transportation,United Kingdom,2023-09-11,Ryuk,Credential Theft,4234375,Not Paid,No,8,954189,4635067,6.39
RA-103787,Foley Inc,Hospitality,United Kingdom,2025-03-08,Clop,RDP Exploit,3095277,Not Paid,Yes,8,3792234,3589212,8.09
RA-103788,"Lee, Dyer and Robertson",Healthcare,Germany,2023-06-22,Akira,Drive-by Download,3864515,Negotiated,No,33,3619796,4578417,12.43
RA-103789,Wright-Coleman,Energy,Brazil,2023-02-04,Akira,Phishing Email,470407,Unknown,No,21,2731906,1491979,6.35
RA-103790,Reid PLC,Retail,Germany,2022-02-22,REvil,Drive-by Download,627133,Negotiated,Yes,59,1053198,2040793,10.53
RA-103791,"Morris, Peterson and Valdez",Manufacturing,Brazil,2022-12-18,Maze,Phishing Email,2082313,Not Paid,No,33,641756,2236407,7.67
RA-103792,"Gordon, Nguyen and Bates",Healthcare,Germany,2021-11-20,Ryuk,Credential Theft,425804,Negotiated,No,40,2279065,1517031,8.7
RA-103793,Gross Inc,Hospitality,Canada,2024-08-11,Conti,RDP Exploit,2960630,Paid,No,27,1564183,4820444,8.57
RA-103794,Sherman-Francis,Transportation,France,2024-01-03,Maze,Malicious Attachment,3172265,Paid,No,57,3863992,3192255,15.59
RA-103795,"Price, Edwards and Anderson",Retail,Canada,2024-03-18,BlackCat,Phishing Email,2289017,Paid,Yes,15,4858863,3647939,9.4
RA-103796,Bennett Inc,Hospitality,Brazil,2022-09-07,REvil,Credential Theft,1228955,Not Paid,No,55,4083545,2873730,13.56
RA-103797,"Ruiz, Haney and Meyer",Healthcare,South Africa,2022-07-25,Hive,Phishing Email,4908445,Unknown,Yes,10,962542,6849549,7.37
RA-103798,"Schmidt, Gordon and Pollard",Manufacturing,Brazil,2022-03-15,Maze,RDP Exploit,1310464,Negotiated,Yes,49,4917700,1835146,13.58
RA-103799,"Hall, Perez and Hogan",Government,Canada,2021-07-26,DarkSide,Malicious Attachment,752865,Unknown,Yes,21,4190079,841683,8.09
RA-103800,"Martinez, Chandler and Morris",Education,India,2024-08-09,Clop,Malicious Attachment,781018,Negotiated,No,56,3456510,1391416,12.64
RA-103801,Trevino Ltd,Education,South Africa,2022-08-05,Conti,Malicious Attachment,3496555,Negotiated,No,11,27333,5419226,5.17
RA-103802,Young Inc,Retail,United States,2024-06-29,DarkSide,Phishing Email,1427851,Unknown,Yes,10,2096904,2632422,5.02
RA-103803,"Hammond, Parks and Rhodes",Technology,United States,2024-09-26,Akira,Malicious Attachment,2480510,Negotiated,No,15,2316990,3297748,7.05
RA-103804,"Rodgers, Rose and Rodriguez",Healthcare,Germany,2024-11-04,Akira,Credential Theft,420968,Paid,Yes,47,424868,1305733,7.9
RA-103805,Payne and Sons,Technology,Germany,2023-06-24,Maze,RDP Exploit,4854369,Paid,No,50,2998778,5091607,15.35
RA-103806,Turner Inc,Education,United Kingdom,2024-07-19,REvil,Drive-by Download,721451,Paid,No,48,1487577,732405,9.41
RA-103807,Wang PLC,Healthcare,Japan,2022-11-24,Maze,Zero-Day Exploit,3355074,Negotiated,Yes,5,3212683,4444258,7.32
RA-103808,Frye-Jackson,Government,Germany,2023-12-19,Ryuk,Zero-Day Exploit,2821693,Negotiated,Yes,18,1022221,3233811,6.54
RA-103809,Johnson-Baker,Technology,Australia,2021-10-15,Hive,Phishing Email,4349364,Unknown,Yes,22,564964,5048780,8.21
RA-103810,"White, Miller and Gentry",Education,Japan,2024-09-27,LockBit,Drive-by Download,3135715,Negotiated,Yes,47,3971635,4296640,14.16
RA-103811,"Norris, Martinez and Cox",Finance,Japan,2025-02-19,BlackCat,Drive-by Download,2555285,Paid,No,38,1495633,2922186,9.75
RA-103812,Anderson Inc,Finance,Canada,2021-11-24,BlackCat,Malicious Attachment,4790104,Paid,Yes,38,2267831,5856601,12.76
RA-103813,Jones Inc,Hospitality,Japan,2022-03-20,Conti,Credential Theft,4310280,Paid,No,24,3328460,6210402,11.24
RA-103814,Smith-Anderson,Healthcare,South Africa,2025-10-17,Clop,Drive-by Download,1417712,Paid,Yes,27,2696596,1750329,8.16
RA-103815,Wright-Blanchard,Healthcare,Japan,2023-07-12,Hive,Drive-by Download,2538114,Negotiated,No,57,360461,2867188,11.45
RA-103816,"Figueroa, Barnett and Kane",Technology,Australia,2023-06-12,Akira,Malicious Attachment,4226117,Paid,Yes,33,4366974,5056111,13.54
RA-103817,Petty Ltd,Technology,Brazil,2023-08-07,Maze,Credential Theft,1570463,Paid,No,52,1045524,2099073,10.42
RA-103818,"Perkins, Dunn and Williams",Manufacturing,Germany,2022-10-02,Clop,Drive-by Download,2296018,Paid,Yes,45,4837928,2565549,13.88
RA-103819,Howard PLC,Transportation,Australia,2026-01-02,Clop,RDP Exploit,802783,Paid,No,7,1599707,942043,3.45
RA-103820,Rodriguez-Miller,Government,Canada,2023-04-05,Clop,Credential Theft,4481331,Negotiated,Yes,50,1433087,6351948,13.41
RA-103821,Reid PLC,Education,India,2025-01-29,DarkSide,Phishing Email,1056799,Not Paid,Yes,10,2112334,1894201,4.67
RA-103822,"Snyder, Davis and Stevens",Retail,United Kingdom,2021-01-21,Conti,Credential Theft,1174687,Unknown,No,21,2071222,3150334,6.4
RA-103823,"Hale, Nelson and Blanchard",Technology,United States,2025-06-27,REvil,RDP Exploit,335129,Not Paid,No,53,3759778,1339361,12.04
RA-103824,Waters-Mccarthy,Energy,Canada,2024-08-03,LockBit,Credential Theft,3583632,Unknown,No,46,3314766,5501946,13.8
RA-103825,Thompson Group,Manufacturing,United Kingdom,2025-11-03,REvil,Drive-by Download,1129858,Paid,Yes,5,333272,2081104,2.21
RA-103826,Clements Ltd,Manufacturing,South Africa,2022-05-09,LockBit,Drive-by Download,1839277,Unknown,Yes,45,300374,3699950,8.89
RA-103827,Arnold-Ward,Retail,United Kingdom,2022-08-04,Ryuk,Malicious Attachment,3880134,Negotiated,Yes,52,1154113,4612949,12.83
RA-103828,Lawson and Sons,Education,Brazil,2023-06-14,Ryuk,Drive-by Download,4466477,Not Paid,No,38,1739626,5721195,11.91
RA-103829,Fields-Blake,Finance,France,2024-12-03,Clop,Credential Theft,1559243,Not Paid,No,15,4660400,2948255,8.47
RA-103830,"Robertson, James and Dunn",Energy,France,2024-08-20,Ryuk,Credential Theft,1613128,Paid,No,43,1396065,3252754,9.46
RA-103831,Fischer-Wright,Government,Australia,2025-12-17,DarkSide,Drive-by Download,338292,Not Paid,Yes,18,1515465,1712937,4.55
RA-103832,Levine-Johnson,Finance,India,2023-12-04,Akira,Credential Theft,3085428,Not Paid,Yes,38,1973643,3243857,10.76
RA-103833,Kennedy-Gill,Energy,United States,2024-08-25,Maze,Phishing Email,1608643,Unknown,Yes,21,2092608,2273922,6.85
RA-103834,Grant LLC,Transportation,France,2023-10-13,REvil,Credential Theft,4027220,Negotiated,No,24,51521,5553910,7.68
RA-103835,Rice-Conner,Technology,India,2022-02-10,Clop,Phishing Email,2911678,Not Paid,Yes,30,3170027,3979835,10.58
RA-103836,Adams-Bell,Finance,Japan,2025-07-21,REvil,Credential Theft,2734275,Negotiated,No,59,4855434,3495900,16.44
RA-103837,Lloyd LLC,Manufacturing,Australia,2022-07-24,BlackCat,RDP Exploit,1442093,Not Paid,Yes,11,3110489,2674101,6.2
RA-103838,Acosta Inc,Retail,South Africa,2025-03-01,Akira,Zero-Day Exploit,2751481,Not Paid,No,40,564828,3497620,9.32
RA-103839,Lopez-Walters,Retail,Australia,2021-08-13,BlackCat,Drive-by Download,839685,Not Paid,No,2,3445477,1893823,4.59
RA-103840,"Mendoza, Terry and Murillo",Hospitality,United States,2022-04-15,Maze,Drive-by Download,3376404,Paid,No,49,2982096,4925995,13.71
RA-103841,"Walker, Rodriguez and Smith",Education,United Kingdom,2021-05-13,Conti,Malicious Attachment,4125788,Not Paid,No,16,4166113,5987369,10.69
RA-103842,"George, Marshall and Clark",Energy,United States,2025-11-09,Conti,Drive-by Download,4089114,Not Paid,Yes,54,4213934,5749249,16.4
RA-103843,Mitchell PLC,Finance,Brazil,2024-07-21,BlackCat,Credential Theft,4576728,Not Paid,No,8,1173897,5668762,6.95
RA-103844,Stanley Inc,Manufacturing,United Kingdom,2025-10-29,BlackCat,Phishing Email,2582042,Not Paid,No,44,3717262,4147549,12.9
RA-103845,Hughes Group,Energy,Germany,2025-03-15,BlackCat,Phishing Email,2665646,Negotiated,Yes,38,3549417,3187704,11.92
RA-103846,"Doyle, Gomez and Brown",Transportation,India,2022-05-04,Clop,RDP Exploit,887105,Paid,No,58,135566,2019163,9.72
RA-103847,Morrison-Brown,Retail,United States,2025-02-08,LockBit,RDP Exploit,2809557,Paid,Yes,51,4877784,4683128,15.34
RA-103848,"Steele, Bailey and Hudson",Finance,United States,2022-05-14,LockBit,RDP Exploit,3507090,Paid,Yes,20,4589856,4297698,11.1
RA-103849,Massey-Adams,Transportation,South Africa,2022-09-16,DarkSide,Phishing Email,640879,Not Paid,No,46,2120967,700656,9.66
RA-103850,Johnson and Sons,Transportation,Brazil,2023-05-16,Conti,RDP Exploit,530807,Paid,No,28,4615116,1527689,9.35
RA-103851,Atkins-Davis,Education,United States,2024-03-09,REvil,RDP Exploit,4819577,Negotiated,No,31,90235,5269191,9.56
RA-103852,Ball-Romero,Retail,United Kingdom,2022-06-08,BlackCat,Phishing Email,1792152,Unknown,No,47,1719184,2445530,10.56
RA-103853,Williams-Bullock,Technology,United States,2021-05-16,BlackCat,Phishing Email,382357,Negotiated,Yes,52,174672,1009399,8.36
RA-103854,"Rubio, Walters and Anthony",Manufacturing,Brazil,2022-02-13,Akira,Malicious Attachment,1028063,Not Paid,Yes,16,2820586,1806432,6.25
RA-103855,Winters-Henry,Education,Germany,2025-01-16,Akira,Malicious Attachment,3967428,Unknown,No,49,1231054,5413206,12.55
RA-103856,Phillips LLC,Finance,France,2021-09-25,Akira,Credential Theft,718756,Unknown,No,32,3169088,2395804,8.69
RA-103857,Strickland Inc,Manufacturing,South Africa,2023-10-03,Conti,Credential Theft,3557737,Unknown,No,31,3673927,5492554,11.88
RA-103858,Skinner-Walton,Transportation,South Africa,2024-09-06,Hive,Credential Theft,646364,Not Paid,No,9,1787570,1928226,3.78
RA-103859,Alvarez-Williams,Energy,Germany,2024-08-10,LockBit,Malicious Attachment,1353358,Negotiated,Yes,3,2329910,2425940,4.13
RA-103860,"Todd, Nguyen and Morrison",Transportation,India,2024-04-17,Hive,Phishing Email,2126585,Unknown,Yes,21,2865502,3686933,8.14
RA-103861,"Brown, Harrison and Sparks",Healthcare,Brazil,2022-07-29,Akira,Drive-by Download,956848,Unknown,No,35,4660144,2851827,10.87
RA-103862,Lee-Pena,Energy,Australia,2025-01-30,Hive,Malicious Attachment,340964,Not Paid,Yes,16,897206,1080428,3.64
RA-103863,Yang and Sons,Technology,United Kingdom,2025-04-21,LockBit,Malicious Attachment,4529253,Negotiated,No,41,2728824,5039268,13.41
RA-103864,"Spears, Harris and Williams",Education,Brazil,2024-05-15,BlackCat,Drive-by Download,1609014,Negotiated,No,50,1975938,2842763,11.08
RA-103865,Davis Inc,Technology,Brazil,2021-03-05,LockBit,RDP Exploit,3449179,Paid,No,15,4333337,4117712,10.03
RA-103866,Graham-Hansen,Energy,France,2024-07-24,REvil,RDP Exploit,631657,Paid,No,50,2979024,1055256,11.11
RA-103867,Martinez LLC,Government,Australia,2023-01-06,REvil,Malicious Attachment,2926269,Paid,No,47,2823501,4521216,12.8
RA-103868,Wilson-Marquez,Technology,Brazil,2025-04-04,DarkSide,Drive-by Download,4334768,Not Paid,Yes,46,4978583,5765653,16.21
RA-103869,"Jackson, Green and Ferrell",Healthcare,Brazil,2025-06-25,Clop,Drive-by Download,892960,Paid,No,49,262525,2455412,8.51
RA-103870,"Jackson, Davis and Brown",Education,Canada,2021-02-14,Ryuk,Phishing Email,2608452,Unknown,No,32,570952,2880166,7.98
RA-103871,"Bryant, Foster and Hoffman",Retail,South Africa,2024-10-01,LockBit,Drive-by Download,4130360,Negotiated,No,35,131164,6012078,9.51
RA-103872,Sullivan-Davis,Retail,Canada,2023-04-18,Clop,Zero-Day Exploit,4060685,Not Paid,No,6,4377415,4948214,9.34
RA-103873,Mcdowell Inc,Transportation,India,2022-09-08,DarkSide,Phishing Email,4178878,Paid,Yes,4,2170746,5369471,6.95
RA-103874,Robbins-Hill,Healthcare,Germany,2021-08-29,Conti,RDP Exploit,4216757,Negotiated,No,30,3910879,5859574,12.63
RA-103875,Elliott-Vance,Retail,Germany,2025-05-10,LockBit,Zero-Day Exploit,399316,Not Paid,Yes,45,2393081,1792625,9.54
RA-103876,Baker Ltd,Transportation,Japan,2022-09-23,Akira,Zero-Day Exploit,3160860,Negotiated,Yes,43,3549694,4791282,13.16
RA-103877,Johnson-Scott,Government,France,2025-03-26,BlackCat,Zero-Day Exploit,1798397,Unknown,Yes,41,478645,2355296,8.43
RA-103878,Luna Inc,Retail,Brazil,2022-06-19,LockBit,Malicious Attachment,3393522,Paid,Yes,54,4811892,3740836,16.31
RA-103879,Bailey PLC,Technology,Canada,2024-10-24,Conti,RDP Exploit,1612670,Not Paid,Yes,4,782291,2695693,2.99
RA-103880,Norman-Wolfe,Technology,Australia,2025-07-26,BlackCat,Credential Theft,2222007,Paid,Yes,60,2997124,3677657,14.22
RA-103881,Young Inc,Energy,United States,2023-08-08,LockBit,RDP Exploit,3085328,Negotiated,Yes,39,676840,4977598,9.61
RA-103882,Harper LLC,Education,Australia,2026-01-25,Ryuk,Drive-by Download,3866227,Unknown,No,18,1659454,5404709,8.23
RA-103883,Davenport Inc,Manufacturing,South Africa,2021-02-28,Clop,RDP Exploit,2778304,Paid,Yes,14,3187288,3077862,8.07
RA-103884,Cook-Hill,Finance,South Africa,2025-08-10,Akira,Phishing Email,2828245,Not Paid,Yes,17,916309,4174104,6.29
RA-103885,"Combs, Callahan and Gilmore",Technology,Japan,2023-02-16,Conti,Phishing Email,102142,Paid,No,32,859603,631913,5.76
RA-103886,Anderson-Hernandez,Retail,Canada,2025-11-20,Clop,Drive-by Download,1083731,Unknown,No,12,632495,2509092,3.52
RA-103887,Griffin Inc,Government,France,2024-09-01,REvil,Drive-by Download,2054706,Not Paid,No,48,3066449,3776615,12.32
RA-103888,"Stanley, Butler and Mitchell",Technology,South Africa,2025-05-07,Maze,Drive-by Download,3565293,Negotiated,No,8,1037716,5321212,5.8
RA-103889,Sharp-Miller,Retail,Australia,2025-02-13,Maze,RDP Exploit,1193406,Unknown,No,27,715406,2323156,5.96
RA-103890,"Gordon, White and Weeks",Hospitality,Australia,2024-01-02,LockBit,Credential Theft,1298722,Paid,No,26,4445791,1575589,9.64
RA-103891,Hardin-Dyer,Education,Germany,2025-10-10,Clop,RDP Exploit,4874834,Negotiated,No,53,2608493,4950683,15.43
RA-103892,"Burnett, Lowe and Holland",Healthcare,Germany,2024-04-29,Maze,Drive-by Download,1934294,Not Paid,Yes,53,2917766,3016307,12.8
RA-103893,Morrison-Watson,Healthcare,Brazil,2022-11-20,Hive,Phishing Email,240035,Unknown,Yes,60,4159485,913054,13.4
RA-103894,Smith and Sons,Education,Australia,2023-01-09,Clop,Malicious Attachment,2179721,Unknown,No,51,2472141,4102468,12.3
RA-103895,Patton-Hicks,Retail,Japan,2023-09-28,Ryuk,Malicious Attachment,4051863,Not Paid,Yes,17,2393153,5694715,9.0
RA-103896,Pope Inc,Technology,United States,2022-09-19,Ryuk,Credential Theft,3588093,Not Paid,No,19,443603,3700452,6.88
RA-103897,"Taylor, Mcdaniel and Lane",Energy,Australia,2022-09-02,Maze,RDP Exploit,4588004,Unknown,No,28,1056275,6153494,9.84
RA-103898,"Sullivan, Perez and Larson",Retail,India,2024-04-30,LockBit,Credential Theft,1916511,Paid,Yes,51,4718457,2663945,14.28
RA-103899,Shields LLC,Energy,United Kingdom,2021-09-06,Maze,Malicious Attachment,190717,Negotiated,Yes,57,2132179,251797,10.87
RA-103900,Campbell Inc,Technology,United States,2024-05-20,Akira,Credential Theft,3654580,Not Paid,Yes,3,776716,5249326,4.88
RA-103901,"Parker, Martinez and Velazquez",Hospitality,United Kingdom,2025-09-22,Ryuk,RDP Exploit,2126246,Negotiated,Yes,30,260835,3059748,6.89
RA-103902,"Munoz, Singh and Harmon",Technology,United States,2024-12-18,Conti,RDP Exploit,4005729,Negotiated,Yes,19,1688658,4276562,8.54
RA-103903,Jones-Wright,Government,Japan,2024-08-22,Hive,Credential Theft,1943936,Negotiated,No,48,4903141,2577098,14.05
RA-103904,Bradley-Jordan,Education,Germany,2021-11-13,Ryuk,Phishing Email,3863165,Unknown,No,36,4808511,4622870,14.07
RA-103905,"Rosales, Brown and Gray",Retail,Japan,2024-03-13,Maze,Drive-by Download,3479053,Negotiated,No,47,2202641,4193954,12.73
RA-103906,"Sullivan, Chase and Pierce",Energy,Germany,2025-02-10,BlackCat,Zero-Day Exploit,4258644,Negotiated,Yes,57,972965,4632081,13.78
RA-103907,"Rodriguez, Cox and Hunt",Education,Canada,2023-06-19,LockBit,RDP Exploit,898138,Not Paid,Yes,34,1917582,1186477,7.92
RA-103908,Moses LLC,Energy,India,2023-03-19,REvil,Drive-by Download,1089997,Paid,No,31,3250374,1314665,8.99
RA-103909,Shaffer Group,Manufacturing,South Africa,2021-03-24,BlackCat,RDP Exploit,2338416,Unknown,Yes,47,3266948,3053806,12.66
RA-103910,"Johnson, Wilkinson and Thomas",Healthcare,United Kingdom,2023-10-31,Clop,Credential Theft,671517,Not Paid,Yes,8,133547,1415971,2.01
RA-103911,Kennedy LLC,Manufacturing,United Kingdom,2023-09-04,Hive,Drive-by Download,2454084,Not Paid,No,44,2839727,3696501,11.89
RA-103912,"Jacobs, Mercado and Petersen",Retail,United Kingdom,2025-05-17,Conti,Credential Theft,3528206,Not Paid,No,32,4039375,5204580,12.37
RA-103913,Dickerson-Combs,Energy,Germany,2024-12-02,Clop,Drive-by Download,2227937,Unknown,Yes,14,1923077,3957432,6.25
RA-103914,"Hurst, Fisher and Pacheco",Finance,Australia,2024-05-30,BlackCat,Phishing Email,3513372,Paid,Yes,50,4852640,3915763,15.87
RA-103915,Small Inc,Education,South Africa,2023-02-16,REvil,RDP Exploit,16871,Negotiated,No,32,3699665,1613555,8.52
RA-103916,Hicks-Baker,Manufacturing,Germany,2025-12-02,DarkSide,Phishing Email,4780222,Negotiated,No,43,3210065,6447126,14.44
RA-103917,"Johnson, Pratt and Donovan",Education,United States,2023-09-03,Hive,Credential Theft,2090629,Not Paid,Yes,8,221102,2847417,3.51
RA-103918,"Martin, Gilbert and Mitchell",Hospitality,Australia,2024-02-13,LockBit,Zero-Day Exploit,3806515,Not Paid,Yes,15,254452,5211678,6.31
RA-103919,Gallegos-Vaughn,Education,Japan,2023-08-15,DarkSide,RDP Exploit,3773935,Negotiated,Yes,55,1910482,4005080,13.93
RA-103920,"Lewis, Thompson and Davis",Education,Brazil,2025-02-28,Maze,Credential Theft,2616716,Paid,Yes,34,2851266,2735078,10.57
RA-103921,Fuentes-Nelson,Hospitality,United States,2023-04-24,DarkSide,RDP Exploit,4569331,Not Paid,Yes,46,155602,4579873,11.62
RA-103922,Lopez Ltd,Finance,France,2024-02-23,Akira,Malicious Attachment,4011307,Negotiated,Yes,6,1313941,6000530,6.23
RA-103923,Holland PLC,Healthcare,United Kingdom,2022-05-18,Conti,RDP Exploit,2717448,Paid,No,37,3469013,4347342,11.74
RA-103924,Kelly-Goodwin,Manufacturing,South Africa,2025-07-19,DarkSide,Malicious Attachment,4334313,Unknown,Yes,47,3897100,6328378,15.28
RA-103925,Davis Ltd,Transportation,France,2022-02-09,Hive,Phishing Email,1408832,Unknown,Yes,13,115532,3136507,3.47
RA-103926,"Smith, Chang and Martin",Healthcare,United Kingdom,2025-12-20,REvil,Phishing Email,2379054,Not Paid,Yes,5,3899602,3094158,7.03
RA-103927,Mason-Romero,Energy,Australia,2021-04-07,Hive,Drive-by Download,3727040,Unknown,No,33,4582457,4624548,13.26
RA-103928,Wright-Brown,Manufacturing,Japan,2022-11-29,BlackCat,Malicious Attachment,4544996,Negotiated,Yes,22,41086,5787494,7.89
RA-103929,Wade-Hart,Technology,Japan,2022-08-31,REvil,Drive-by Download,3677013,Unknown,Yes,12,2081377,4506635,7.56
RA-103930,Roberts Group,Finance,France,2023-07-02,BlackCat,Malicious Attachment,1498016,Not Paid,Yes,33,3600897,2219195,10.05
RA-103931,"Smith, Mccarthy and Doyle",Manufacturing,United States,2022-09-24,REvil,Zero-Day Exploit,1900534,Not Paid,Yes,42,4642711,2477583,12.84
RA-103932,"Davis, Barnes and Collins",Retail,Japan,2023-09-25,Conti,Credential Theft,3243556,Negotiated,Yes,17,1622279,5201950,7.42
RA-103933,Nelson and Sons,Energy,France,2023-05-22,Hive,Drive-by Download,3173035,Unknown,No,29,2151020,3253315,9.67
RA-103934,"Roberts, Harris and Wilson",Finance,South Africa,2023-12-28,LockBit,Zero-Day Exploit,2644605,Unknown,No,29,2271173,3956085,9.27
RA-103935,Garrett-Moore,Transportation,Brazil,2024-08-05,Akira,RDP Exploit,1273661,Unknown,No,28,2430253,1475860,7.9
RA-103936,Moreno PLC,Education,Canada,2022-03-20,Akira,RDP Exploit,3817740,Paid,No,31,439536,3979740,8.91
RA-103937,"Martin, Spence and Nielsen",Retail,Germany,2025-02-25,DarkSide,Credential Theft,2236116,Paid,No,23,4375069,2554858,10.06
RA-103938,Hoffman PLC,Hospitality,Germany,2023-06-21,Ryuk,Malicious Attachment,28009,Paid,No,19,329583,1049827,3.21
RA-103939,Lester Inc,Technology,Japan,2023-02-04,Clop,Phishing Email,3309375,Not Paid,Yes,51,4864695,3693578,15.82
RA-103940,Bradley Group,Education,Australia,2023-08-20,Ryuk,Zero-Day Exploit,1752706,Not Paid,Yes,22,4163503,2009771,9.22
RA-103941,"Gallagher, Chavez and Alexander",Manufacturing,Brazil,2021-11-13,Hive,Credential Theft,2095173,Negotiated,Yes,1,225450,3263989,2.47
RA-103942,Thomas PLC,Manufacturing,India,2023-01-23,Ryuk,Phishing Email,1969012,Paid,Yes,10,2558077,2359914,6.03
RA-103943,Bell Inc,Transportation,Germany,2025-11-28,Ryuk,Drive-by Download,2803812,Paid,Yes,59,4119790,4515016,15.77
RA-103944,Morrison LLC,Government,India,2021-03-05,Maze,Drive-by Download,1701047,Not Paid,Yes,58,2253848,1864505,12.65
RA-103945,"Mullen, Williams and Williams",Transportation,Canada,2024-04-19,Akira,Drive-by Download,4330021,Unknown,No,21,3638096,5875715,11.12
RA-103946,Buck LLC,Healthcare,India,2025-07-30,LockBit,Phishing Email,236635,Unknown,No,48,4180437,1927016,11.62
RA-103947,Rogers-Beltran,Government,Germany,2023-02-12,DarkSide,Phishing Email,838099,Paid,No,54,2332103,2498933,11.27
RA-103948,"Brown, Thomas and Dean",Retail,Germany,2025-02-10,Ryuk,Credential Theft,4964790,Unknown,Yes,6,4095425,5622541,9.96
RA-103949,Rodriguez Group,Energy,India,2024-09-14,Clop,Phishing Email,3205896,Negotiated,No,16,4225726,5125195,9.83
RA-103950,"Andersen, Guerrero and Solis",Healthcare,Australia,2024-12-20,REvil,Malicious Attachment,4113679,Unknown,No,52,2525496,5869451,14.44
RA-103951,"Parrish, Waller and Taylor",Transportation,Brazil,2021-09-07,REvil,Phishing Email,4396629,Negotiated,Yes,10,2436738,6001120,8.33
RA-103952,"Wright, Peterson and Mcguire",Finance,Canada,2023-09-29,BlackCat,Drive-by Download,4248834,Unknown,Yes,24,1961915,5575357,9.81
RA-103953,Green-Crawford,Hospitality,United Kingdom,2023-05-07,BlackCat,Drive-by Download,1743454,Not Paid,Yes,46,2166365,3192203,10.81
RA-103954,"Smith, Clements and Brown",Transportation,United Kingdom,2022-02-24,BlackCat,Malicious Attachment,1840450,Paid,Yes,37,4909375,3600519,12.3
RA-103955,Silva Ltd,Healthcare,Canada,2023-08-03,REvil,Credential Theft,1036158,Negotiated,No,14,1162863,2434089,4.3
RA-103956,"Bell, Gutierrez and Morgan",Manufacturing,Canada,2023-05-10,BlackCat,Drive-by Download,3808221,Unknown,No,60,4051609,3967268,16.86
RA-103957,Davis Ltd,Transportation,Japan,2023-03-11,Conti,Credential Theft,64276,Paid,Yes,19,2647970,950234,5.56
RA-103958,Watson-Burton,Technology,Brazil,2023-04-04,DarkSide,Zero-Day Exploit,2606447,Negotiated,No,24,3692523,3985694,9.9
RA-103959,"Clay, Velez and Reyes",Retail,Brazil,2025-01-13,Ryuk,Phishing Email,3637465,Negotiated,Yes,25,3362847,5453800,10.75
RA-103960,Ford-Carter,Education,Japan,2021-01-18,Ryuk,Malicious Attachment,4200427,Negotiated,No,43,2869196,5992729,13.52
RA-103961,"Murphy, Fitzgerald and Cameron",Healthcare,Canada,2026-03-13,Akira,Credential Theft,1557273,Unknown,Yes,5,4119002,2330126,6.43
RA-103962,"Robinson, Smith and Phillips",Energy,Australia,2024-04-30,REvil,Drive-by Download,4688457,Negotiated,Yes,33,4090809,4999589,13.73
RA-103963,"Williams, Gentry and Page",Transportation,Australia,2021-12-08,LockBit,Zero-Day Exploit,46497,Not Paid,No,28,646064,1497112,4.89
RA-103964,"Ford, Evans and Church",Retail,United States,2025-05-24,LockBit,Zero-Day Exploit,1952495,Unknown,Yes,42,4414072,2868033,12.67
RA-103965,Johnson PLC,Hospitality,United States,2022-09-18,Conti,RDP Exploit,3485312,Paid,No,56,3622236,3919291,15.51
RA-103966,"Ritter, Lopez and Drake",Government,Japan,2022-05-22,Conti,RDP Exploit,471488,Paid,Yes,13,746367,1622308,3.17
RA-103967,Suarez-Evans,Healthcare,India,2021-08-11,Maze,Malicious Attachment,944845,Negotiated,No,52,4264115,1506071,13.01
RA-103968,"Reed, Wright and Burch",Retail,Australia,2023-12-08,Clop,Credential Theft,4183807,Unknown,Yes,21,3116725,4473629,10.45
RA-103969,Spencer LLC,Hospitality,Brazil,2022-12-05,REvil,Malicious Attachment,632633,Unknown,Yes,18,1617904,1506802,4.95
RA-103970,Richardson PLC,Transportation,Germany,2022-10-12,Hive,Zero-Day Exploit,616176,Paid,Yes,60,3800699,1825474,13.42
RA-103971,Vaughan-Hernandez,Hospitality,India,2022-11-04,Conti,Drive-by Download,2933442,Not Paid,No,26,3558664,4859960,10.39
RA-103972,Frederick Ltd,Energy,France,2024-12-26,Clop,Malicious Attachment,4511345,Unknown,Yes,28,2100070,4664563,10.81
RA-103973,Lyons-Dean,Technology,United Kingdom,2024-11-19,REvil,Zero-Day Exploit,1034004,Negotiated,No,39,4891952,1276453,11.78
RA-103974,Thomas Ltd,Transportation,Canada,2023-05-13,Clop,Zero-Day Exploit,1415298,Negotiated,Yes,38,1643648,2250179,8.76
RA-103975,"Davenport, Martin and Wright",Energy,Japan,2023-09-21,Akira,Phishing Email,4953060,Paid,Yes,30,1604331,5873448,11.06
RA-103976,Bailey LLC,Healthcare,Japan,2021-09-26,Maze,Drive-by Download,4152774,Not Paid,Yes,53,646679,5435152,12.75
RA-103977,"Peck, Owens and Villanueva",Finance,United Kingdom,2022-01-20,BlackCat,Malicious Attachment,4535070,Paid,Yes,43,3810176,4878193,14.8
RA-103978,"Guerra, Patton and Delgado",Technology,United Kingdom,2024-07-22,REvil,Drive-by Download,2303614,Negotiated,No,58,2951572,3846652,13.96
RA-103979,Dawson-Kline,Technology,Australia,2024-11-11,Ryuk,Zero-Day Exploit,1539043,Not Paid,Yes,10,299164,1745861,3.34
RA-103980,Parks and Sons,Transportation,United Kingdom,2024-05-17,REvil,RDP Exploit,1784539,Not Paid,No,44,2959660,1871021,11.34
RA-103981,Jones-White,Retail,United States,2021-09-20,Conti,Phishing Email,2714794,Unknown,No,16,4517029,2916355,9.63
RA-103982,"Foster, Barron and Roy",Retail,South Africa,2022-10-04,REvil,RDP Exploit,4998740,Paid,Yes,49,4421339,6766539,16.77
RA-103983,"Perry, Johnson and James",Manufacturing,United States,2025-12-16,DarkSide,Malicious Attachment,2379667,Negotiated,Yes,34,2495927,2787342,9.98
RA-103984,"Harris, Lewis and Anderson",Education,France,2025-04-06,LockBit,Credential Theft,1786389,Unknown,Yes,48,2070004,3771195,11.06
RA-103985,Alvarez and Sons,Government,South Africa,2021-10-14,LockBit,Credential Theft,2227966,Paid,No,18,32895,2871892,4.96
RA-103986,"Roberts, Lowe and Morales",Government,Australia,2023-09-19,Conti,RDP Exploit,811922,Unknown,No,43,4674754,1186596,11.94
RA-103987,Mckee-Adams,Manufacturing,Canada,2024-07-13,DarkSide,Zero-Day Exploit,1855625,Paid,No,32,3658918,2609272,10.31
RA-103988,"Walker, Church and Lang",Government,Australia,2021-09-18,Maze,Malicious Attachment,3727974,Paid,No,23,3991527,5724005,11.17
RA-103989,"Valdez, Oneal and Mckinney",Technology,South Africa,2023-08-17,Maze,Drive-by Download,821413,Not Paid,Yes,12,3268585,1683457,5.89
RA-103990,"Hicks, Roberts and James",Retail,United Kingdom,2025-06-24,DarkSide,Drive-by Download,4846071,Paid,Yes,48,1069956,6129496,13.12
RA-103991,Green-Fitzgerald,Retail,Germany,2021-05-22,Conti,Credential Theft,2905325,Paid,No,4,824045,3350891,4.33
RA-103992,"Bullock, Carlson and Cooper",Manufacturing,France,2021-11-19,Clop,Malicious Attachment,3969034,Unknown,No,40,4526543,5264659,14.5
RA-103993,Moyer Group,Education,Japan,2022-01-22,Akira,Phishing Email,1810382,Not Paid,No,46,4739427,1966911,13.45
RA-103994,"Ellis, Brown and Thomas",Energy,Australia,2026-02-26,Akira,RDP Exploit,943870,Negotiated,No,45,919845,1264328,8.61
RA-103995,"Lucas, Lee and Chandler",Finance,India,2023-08-05,Clop,RDP Exploit,739289,Paid,No,19,1516422,926028,5.11
RA-103996,Hall LLC,Healthcare,Canada,2025-10-20,REvil,RDP Exploit,2732996,Unknown,No,39,745365,2839167,9.33
RA-103997,Garcia-Wong,Retail,Germany,2025-12-01,Clop,Drive-by Download,1813504,Unknown,Yes,26,2240241,2431890,7.95
RA-103998,Meyer Group,Healthcare,Brazil,2022-06-02,Clop,RDP Exploit,1241096,Unknown,No,11,62641,2575532,2.95
RA-103999,"Fischer, Blackwell and Harrison",Energy,France,2025-01-10,LockBit,Drive-by Download,4201198,Unknown,No,16,2677241,4540892,9.28
RA-104000,Stanley PLC,Government,Germany,2024-10-01,Hive,Malicious Attachment,4051696,Not Paid,Yes,7,473034,5323310,5.57
RA-104001,Murray-Lee,Healthcare,India,2021-01-30,Conti,Drive-by Download,370726,Not Paid,No,38,364060,2267140,6.43
RA-104002,Moore Group,Energy,Australia,2023-11-20,REvil,Zero-Day Exploit,3562848,Negotiated,No,42,3991771,5527031,13.85
RA-104003,Kemp Group,Retail,Brazil,2021-09-04,LockBit,RDP Exploit,4026785,Negotiated,No,11,4636819,5416857,10.31
RA-104004,Lewis Group,Education,Canada,2025-07-04,Ryuk,Malicious Attachment,3537924,Unknown,No,41,1817056,4009757,11.5
RA-104005,Martinez-Schneider,Technology,Germany,2025-08-12,Maze,Phishing Email,550745,Unknown,No,22,2488885,2130598,6.34
RA-104006,Johnson-Parker,Transportation,Australia,2023-10-11,BlackCat,Drive-by Download,1716385,Unknown,No,21,570399,3441070,5.44
RA-104007,Smith and Sons,Hospitality,India,2024-03-11,Maze,Zero-Day Exploit,3248076,Paid,Yes,23,4750734,4015002,11.45
RA-104008,"Perez, Wright and Oconnor",Manufacturing,United Kingdom,2025-05-28,Clop,Credential Theft,1923190,Unknown,No,46,1836600,2872091,10.66
RA-104009,Fuller-Preston,Healthcare,Japan,2023-11-23,Clop,RDP Exploit,2154891,Not Paid,No,41,1171751,2350018,9.48
RA-104010,Thompson-Bailey,Hospitality,Australia,2021-07-09,Conti,Zero-Day Exploit,2232722,Not Paid,Yes,22,2962340,3249265,8.5
RA-104011,Davis-Ramirez,Finance,Canada,2023-09-20,Clop,Zero-Day Exploit,3331073,Negotiated,Yes,27,378206,3913628,7.76
RA-104012,Sherman and Sons,Transportation,South Africa,2021-04-28,Conti,Zero-Day Exploit,1555931,Not Paid,Yes,40,3958382,1662900,11.51
RA-104013,"Barnes, Hernandez and Walker",Hospitality,Germany,2024-04-24,Maze,Drive-by Download,4698969,Not Paid,No,10,1022333,4742819,7.22
RA-104014,"Torres, Contreras and Cruz",Hospitality,Australia,2026-01-02,LockBit,Phishing Email,1600449,Negotiated,No,39,1282122,1958986,8.73
RA-104015,"Roach, Ramirez and Smith",Energy,India,2026-01-13,Akira,Malicious Attachment,1121411,Not Paid,Yes,36,2183653,1185050,8.71
RA-104016,Warren-Colon,Government,Canada,2026-03-02,DarkSide,Zero-Day Exploit,4583250,Unknown,Yes,30,4517340,6551637,13.6
RA-104017,"Bishop, Medina and Baldwin",Retail,India,2021-04-14,Ryuk,Zero-Day Exploit,3681741,Unknown,No,33,1307288,4343334,9.94
RA-104018,Zamora-Fuentes,Healthcare,Japan,2024-11-09,REvil,RDP Exploit,4719466,Unknown,Yes,15,3619193,6678317,10.59
RA-104019,Zamora and Sons,Manufacturing,Australia,2025-12-05,Akira,RDP Exploit,2991185,Negotiated,No,58,137672,4111370,11.83
RA-104020,"Salazar, Taylor and Lloyd",Technology,Japan,2021-12-05,Clop,RDP Exploit,4793755,Not Paid,No,31,1546641,5594388,10.99
RA-104021,Mosley-Haynes,Retail,India,2023-07-07,Hive,Drive-by Download,1337443,Not Paid,No,32,2055708,2672858,8.19
RA-104022,Ryan-Herring,Government,Canada,2021-04-23,REvil,Zero-Day Exploit,2273966,Unknown,No,30,1483505,2687535,8.26
RA-104023,"Ramos, Coffey and Kim",Retail,Japan,2021-08-04,Ryuk,Phishing Email,390648,Paid,No,23,840052,2366394,4.68
RA-104024,"Baker, Cox and Flores",Transportation,India,2025-11-17,Hive,Drive-by Download,4310049,Unknown,Yes,26,1416150,5373141,9.63
RA-104025,"Reyes, Hernandez and Green",Healthcare,Germany,2022-07-11,Akira,Malicious Attachment,2107018,Paid,No,39,2137698,3982421,10.09
RA-104026,"Martinez, Andersen and Powell",Retail,Canada,2024-06-27,LockBit,Credential Theft,2722987,Not Paid,Yes,27,727204,3214383,7.5
RA-104027,"Adkins, Norris and Perry",Healthcare,South Africa,2025-11-15,Ryuk,Credential Theft,856417,Not Paid,No,35,2076900,2008222,8.18
RA-104028,"Hobbs, Howell and Spencer",Education,Germany,2023-08-19,DarkSide,Zero-Day Exploit,3535161,Not Paid,Yes,38,571506,5232321,9.81
RA-104029,Jones-Brown,Technology,Germany,2021-07-06,BlackCat,Credential Theft,1328323,Negotiated,Yes,11,233328,1499339,3.21
RA-104030,"Johnson, Reynolds and Gordon",Hospitality,South Africa,2021-03-05,Maze,RDP Exploit,54525,Not Paid,Yes,41,1285986,568806,7.49
RA-104031,Thompson-Santiago,Government,South Africa,2026-03-16,REvil,Phishing Email,1639498,Not Paid,Yes,16,3313415,2985718,7.35
RA-104032,"Liu, Holmes and Orr",Finance,France,2021-12-10,Akira,Zero-Day Exploit,4073761,Unknown,Yes,3,1540172,4596318,6.06
RA-104033,Gonzalez Ltd,Healthcare,Germany,2021-03-13,BlackCat,Drive-by Download,947853,Unknown,No,12,2916682,2225361,5.66
RA-104034,Leon PLC,Healthcare,United States,2024-07-25,LockBit,Drive-by Download,2691033,Paid,Yes,26,4826025,4163771,11.42
RA-104035,Hernandez-Gilbert,Government,United Kingdom,2023-08-07,REvil,Malicious Attachment,3160946,Not Paid,No,56,2875326,4938625,14.44
RA-104036,"Johnson, Clarke and Lyons",Manufacturing,South Africa,2022-03-24,Maze,Malicious Attachment,4285815,Unknown,No,59,4034680,4534329,17.17
RA-104037,Thomas-Wells,Healthcare,France,2023-06-11,DarkSide,Phishing Email,971945,Not Paid,No,8,3902447,2295508,6.07
RA-104038,Rodriguez-Graves,Retail,United States,2021-10-16,LockBit,Credential Theft,4476452,Not Paid,Yes,12,278423,6255957,6.55
RA-104039,Gardner Group,Hospitality,South Africa,2025-10-30,Clop,RDP Exploit,4579442,Not Paid,Yes,60,1695483,5183003,15.27
RA-104040,"Jones, Price and Rogers",Hospitality,Germany,2023-02-19,Clop,Malicious Attachment,110854,Paid,Yes,2,3142958,1926755,3.55
RA-104041,"Mitchell, James and Ford",Education,Australia,2021-10-12,Clop,Drive-by Download,2943556,Paid,Yes,12,3782256,3759660,8.53
RA-104042,Rodriguez PLC,Energy,Japan,2021-06-30,Maze,Drive-by Download,1852528,Negotiated,Yes,8,828291,2778255,3.88
RA-104043,Mitchell-Taylor,Healthcare,South Africa,2023-12-20,BlackCat,Zero-Day Exploit,1809432,Unknown,Yes,11,3240450,2855650,6.7
RA-104044,Cox LLC,Transportation,India,2021-08-20,Clop,Credential Theft,3637320,Paid,Yes,60,3928327,5313854,16.57
RA-104045,"Poole, Torres and Long",Technology,Canada,2022-10-18,Clop,Zero-Day Exploit,809053,Unknown,Yes,22,1583886,1882730,5.69
RA-104046,Parker and Sons,Hospitality,Japan,2025-05-16,REvil,Phishing Email,137040,Unknown,No,11,1435529,232595,3.22
RA-104047,"Bowman, Taylor and Hubbard",Government,South Africa,2022-03-04,Akira,Credential Theft,199246,Negotiated,Yes,19,100139,966347,3.15
RA-104048,Taylor-Simmons,Manufacturing,United States,2021-05-05,Hive,Malicious Attachment,2879923,Negotiated,Yes,2,3752816,3565943,6.93
RA-104049,"Jordan, Trujillo and King",Healthcare,Germany,2024-01-27,DarkSide,Credential Theft,2447875,Negotiated,No,27,4105386,3394423,10.6
RA-104050,Guerrero Inc,Government,United States,2023-07-15,DarkSide,Zero-Day Exploit,4133348,Negotiated,No,4,58294,5315933,4.79
RA-104051,"Thompson, Williams and Huynh",Manufacturing,Australia,2025-08-29,LockBit,Phishing Email,343375,Unknown,Yes,22,4277760,840528,7.92
RA-104052,Thompson-Burnett,Government,United Kingdom,2023-06-24,Hive,RDP Exploit,1405880,Paid,Yes,30,4990843,2344270,10.9
RA-104053,Miranda Group,Healthcare,Australia,2025-10-01,BlackCat,Phishing Email,4594772,Not Paid,Yes,59,1981976,4878316,15.43
RA-104054,"Wilson, Burke and Nelson",Government,India,2025-08-20,Hive,Phishing Email,1626329,Paid,Yes,17,232367,2532185,4.41
RA-104055,"Vance, Robinson and Robinson",Technology,Australia,2023-01-16,BlackCat,Phishing Email,252214,Unknown,No,12,2540580,349156,4.59
RA-104056,White LLC,Finance,Brazil,2025-10-19,LockBit,Drive-by Download,3986389,Unknown,No,52,651390,5504273,12.44
RA-104057,Patel LLC,Technology,France,2024-01-13,Hive,Zero-Day Exploit,2954801,Not Paid,Yes,52,3690527,4153341,14.45
RA-104058,"Fleming, Lee and Vasquez",Hospitality,United States,2021-12-01,REvil,Drive-by Download,2140877,Negotiated,Yes,54,469949,3090046,10.71
RA-104059,"Perry, Baker and Williams",Hospitality,United States,2022-05-20,BlackCat,Phishing Email,4555054,Negotiated,No,43,4372373,4817698,15.38
RA-104060,Mosley PLC,Energy,India,2024-12-01,BlackCat,Credential Theft,3418109,Negotiated,Yes,32,3373302,4402701,11.59
RA-104061,Gomez-Gutierrez,Energy,United States,2022-07-03,Akira,RDP Exploit,4740321,Paid,No,26,243264,4952556,8.88
RA-104062,Rivera and Sons,Energy,Brazil,2023-05-15,LockBit,RDP Exploit,2575467,Not Paid,Yes,22,630096,4539983,6.51
RA-104063,"Butler, Bautista and Carroll",Retail,Brazil,2024-02-11,Hive,RDP Exploit,40202,Unknown,No,17,2936169,532553,5.53
RA-104064,Williams-Barnett,Education,United States,2024-09-07,Akira,Malicious Attachment,1145723,Not Paid,No,21,1590551,2683557,5.89
RA-104065,White LLC,Government,Australia,2023-12-10,Hive,Zero-Day Exploit,4736413,Not Paid,No,36,3978828,6390245,14.12
RA-104066,Mueller-Villanueva,Energy,United States,2021-12-18,Clop,Drive-by Download,1600298,Negotiated,Yes,14,2847615,3079536,6.55
RA-104067,"Brown, Watkins and Gonzalez",Technology,Germany,2026-01-06,Akira,Credential Theft,2040734,Negotiated,No,37,4219814,2891448,11.81
RA-104068,"Adams, Gardner and Bell",Energy,Germany,2022-08-10,Akira,Credential Theft,4482129,Not Paid,No,19,2236227,4775905,9.57
RA-104069,Robinson Inc,Government,Japan,2025-01-20,BlackCat,Credential Theft,3300872,Unknown,No,51,2909297,3585327,13.86
RA-104070,Morris-Phillips,Government,Australia,2023-04-10,Conti,RDP Exploit,1397690,Negotiated,Yes,51,1304703,2400316,10.35
RA-104071,Beck Inc,Technology,Germany,2023-03-11,Conti,Malicious Attachment,1330715,Paid,Yes,4,875539,2202668,2.81
RA-104072,Lambert-Swanson,Government,Canada,2022-06-21,Maze,RDP Exploit,1122300,Unknown,Yes,6,3140786,1967716,5.16
RA-104073,Soto-Rice,Technology,United Kingdom,2023-04-02,Conti,RDP Exploit,1442197,Negotiated,No,52,4430787,2619481,13.67
RA-104074,"Olson, Guerra and Garcia",Manufacturing,South Africa,2021-03-07,REvil,RDP Exploit,2381596,Negotiated,No,18,2234359,3154553,7.32
RA-104075,Weber-Vance,Manufacturing,Canada,2021-10-29,Akira,Malicious Attachment,710085,Negotiated,No,5,883025,1699850,2.34
RA-104076,"Waters, Ramsey and Sexton",Transportation,France,2023-09-07,REvil,RDP Exploit,2427788,Negotiated,No,11,680024,3762719,4.76
RA-104077,"Jordan, Johnson and White",Education,Japan,2022-05-02,BlackCat,Phishing Email,4246843,Unknown,No,8,3079453,4413278,8.53
RA-104078,Shields-Terry,Retail,India,2025-03-21,REvil,RDP Exploit,4124806,Unknown,Yes,42,1456676,6026595,11.88
RA-104079,Miller LLC,Government,Japan,2022-06-03,Akira,Credential Theft,3703764,Unknown,No,47,1713871,4391581,12.47
RA-104080,Watkins-Hampton,Government,United States,2025-04-16,LockBit,Zero-Day Exploit,4785831,Negotiated,Yes,52,992096,5551085,13.58
RA-104081,"Rangel, Nicholson and Horton",Transportation,Germany,2022-06-19,REvil,Zero-Day Exploit,3096906,Not Paid,Yes,42,631715,4778205,10.03
RA-104082,Stewart-Rodriguez,Retail,Australia,2021-04-10,Conti,Phishing Email,2853807,Paid,Yes,30,4678469,3223502,12.03
RA-104083,"Moore, Chavez and Henderson",Government,Brazil,2021-10-15,Hive,Drive-by Download,2110490,Unknown,Yes,26,2515508,4016502,8.53
RA-104084,Duncan-Pratt,Finance,Canada,2022-09-24,Ryuk,Phishing Email,1729597,Unknown,No,48,398104,3455004,9.33
RA-104085,"French, Johnson and Valdez",Healthcare,India,2025-02-17,Akira,Drive-by Download,4957114,Unknown,Yes,25,958346,6488375,9.67
RA-104086,Mullen Group,Finance,United Kingdom,2025-03-16,BlackCat,Credential Theft,3745261,Unknown,Yes,59,2596470,5028517,15.19
RA-104087,Smith-Hunter,Retail,Brazil,2023-03-02,BlackCat,Malicious Attachment,2841736,Paid,Yes,1,3563082,3014321,6.55
RA-104088,Clark Inc,Government,South Africa,2021-08-09,Ryuk,Phishing Email,1386519,Paid,No,21,18768,1687589,4.56
RA-104089,Robbins Ltd,Transportation,Japan,2025-04-09,Hive,Zero-Day Exploit,447106,Not Paid,Yes,12,4031646,803256,6.28
RA-104090,Greer and Sons,Finance,Canada,2021-08-20,Akira,Credential Theft,1453310,Negotiated,Yes,4,4648933,2283528,6.7
RA-104091,Scott-Jordan,Technology,India,2023-02-01,Akira,Credential Theft,312746,Unknown,No,55,3876420,1619786,12.44
RA-104092,Ryan Group,Finance,Canada,2021-12-02,BlackCat,Malicious Attachment,276961,Negotiated,Yes,60,517293,1644513,9.79
RA-104093,Weeks PLC,Energy,United Kingdom,2022-06-12,Conti,Drive-by Download,3295486,Unknown,Yes,1,3990440,3772811,7.44
RA-104094,Anderson-Benton,Transportation,Australia,2025-01-11,Akira,Drive-by Download,2974272,Negotiated,No,38,3088903,3340068,11.76
RA-104095,Brown-Goodwin,Energy,Japan,2022-10-25,Hive,RDP Exploit,3952158,Not Paid,Yes,45,3664385,4409564,14.37
RA-104096,"Campbell, Boyd and Navarro",Energy,Japan,2022-11-28,Hive,RDP Exploit,2642307,Unknown,No,32,4008683,3857711,11.45
RA-104097,Lewis-Fisher,Finance,United States,2023-06-09,Maze,Credential Theft,138119,Not Paid,No,31,2616363,1657839,7.4
RA-104098,"Solomon, Wilkerson and Martin",Retail,Germany,2025-02-03,Akira,Phishing Email,4496977,Not Paid,No,7,2654750,4516292,8.2
RA-104099,Flores PLC,Education,France,2025-07-14,Maze,Credential Theft,3642725,Unknown,No,48,213310,5486836,11.06
RA-104100,Bonilla-Taylor,Manufacturing,Canada,2023-05-22,DarkSide,Zero-Day Exploit,131486,Paid,No,55,3516132,584989,11.9
RA-104101,Nichols-King,Healthcare,South Africa,2022-10-31,Hive,Malicious Attachment,691922,Not Paid,No,52,1438017,884526,9.93
RA-104102,Johnson-Morris,Retail,South Africa,2021-12-05,Hive,Phishing Email,1152376,Not Paid,No,25,2607291,2920754,7.51
RA-104103,"Cole, Davis and Liu",Manufacturing,Japan,2022-12-09,Conti,Malicious Attachment,4890758,Unknown,No,19,510842,5952918,8.25
RA-104104,Lozano-Weeks,Government,Brazil,2022-05-08,DarkSide,Drive-by Download,2826643,Negotiated,Yes,11,2318877,4180728,6.8
RA-104105,Young-Monroe,Manufacturing,Australia,2025-08-13,DarkSide,RDP Exploit,3756907,Unknown,No,47,3501138,5698694,14.31
RA-104106,Weaver LLC,Finance,United Kingdom,2024-02-22,Clop,Malicious Attachment,2962989,Negotiated,No,47,1297899,3665590,11.31
RA-104107,Roberts-Cardenas,Energy,Australia,2023-07-27,Clop,RDP Exploit,4975889,Unknown,Yes,55,431093,5158465,13.66
RA-104108,Robinson PLC,Education,Germany,2024-06-26,Akira,Zero-Day Exploit,2301390,Unknown,No,37,3591302,2998742,11.44
RA-104109,"Smith, Carlson and Marshall",Healthcare,United Kingdom,2024-10-21,LockBit,RDP Exploit,4910664,Negotiated,No,60,4729090,6213685,18.64
RA-104110,Mahoney-Romero,Retail,South Africa,2021-03-19,Maze,Credential Theft,3676330,Paid,Yes,1,493769,4861302,4.32
RA-104111,Alexander LLC,Manufacturing,Brazil,2022-08-03,Maze,RDP Exploit,1208783,Negotiated,Yes,27,4733220,2770247,9.99
RA-104112,Pena-Montgomery,Government,Australia,2024-12-19,Clop,Credential Theft,1697119,Negotiated,No,44,4044032,2493794,12.34
RA-104113,Walker-Moore,Education,United States,2021-05-25,REvil,Phishing Email,2624702,Negotiated,Yes,9,3643995,4203030,7.62
RA-104114,Cervantes-Johnson,Retail,India,2021-02-15,BlackCat,Phishing Email,3342595,Unknown,No,51,2064266,3781448,13.06
RA-104115,"Davis, Mccullough and Scott",Technology,Australia,2022-01-22,Akira,RDP Exploit,3770004,Not Paid,Yes,10,4372908,4156564,9.64
RA-104116,Richardson-Carter,Finance,India,2022-08-11,LockBit,RDP Exploit,864074,Not Paid,Yes,46,553385,1882726,8.32
RA-104117,Parker Inc,Retail,South Africa,2021-05-06,Hive,Drive-by Download,4237920,Negotiated,Yes,53,3134961,4860027,15.32
RA-104118,"Robinson, Welch and Barnes",Healthcare,Japan,2023-05-10,Conti,Phishing Email,3611139,Not Paid,No,4,1516209,5040876,5.73
RA-104119,"Alvarado, Bowen and Wallace",Education,South Africa,2026-02-08,LockBit,Credential Theft,4646627,Not Paid,No,35,405096,6189983,10.3
RA-104120,Poole PLC,Energy,Brazil,2023-09-22,Conti,Zero-Day Exploit,3471135,Negotiated,No,32,3839441,5123461,12.11
RA-104121,Doyle-Lopez,Manufacturing,Japan,2023-02-13,LockBit,RDP Exploit,2615131,Negotiated,Yes,23,2924317,3251749,8.99
RA-104122,Wagner and Sons,Manufacturing,South Africa,2024-06-10,BlackCat,Phishing Email,2780149,Not Paid,No,52,2098244,3213862,12.68
RA-104123,Irwin and Sons,Government,Germany,2024-07-02,LockBit,Credential Theft,1718950,Not Paid,Yes,37,2643636,2507966,9.91
RA-104124,"Stewart, Melendez and Harmon",Manufacturing,South Africa,2024-11-16,REvil,Drive-by Download,2097865,Negotiated,No,13,690021,2539406,4.74
RA-104125,Rowe and Sons,Technology,Canada,2025-03-10,LockBit,Zero-Day Exploit,244007,Not Paid,No,30,191679,554436,4.94
RA-104126,Colon PLC,Finance,Australia,2021-01-30,BlackCat,Drive-by Download,3238868,Negotiated,No,29,2360996,4753157,9.95
RA-104127,"Lopez, Green and Haynes",Finance,India,2025-07-28,REvil,Credential Theft,4258401,Not Paid,No,31,3665749,4598045,12.57
RA-104128,"Cook, Evans and Brown",Government,United States,2024-09-15,Clop,Credential Theft,1144254,Negotiated,Yes,30,4856255,2105546,10.5
RA-104129,Gallegos-Ayers,Education,Australia,2023-06-14,Clop,Drive-by Download,4759541,Paid,Yes,21,4009735,6695201,11.92
RA-104130,"Mullins, Thompson and Moore",Energy,South Africa,2022-04-14,Clop,Malicious Attachment,3035170,Not Paid,No,33,1730209,3997173,9.72
RA-104131,Spence Group,Hospitality,Canada,2023-12-23,Akira,Malicious Attachment,4697078,Paid,No,39,710047,5948048,11.26
RA-104132,"Sanders, Weiss and Lawson",Hospitality,Canada,2024-10-21,Maze,Zero-Day Exploit,2805230,Negotiated,No,40,4885435,2956199,13.69
RA-104133,"Wilkerson, Conley and Gross",Government,Japan,2023-06-05,LockBit,Phishing Email,2114074,Negotiated,Yes,50,2696447,2426860,12.31
RA-104134,"Smith, Gaines and Berry",Transportation,India,2023-01-29,DarkSide,Credential Theft,1430014,Negotiated,No,20,1310492,3277216,5.74
RA-104135,"Thomas, Waters and Wilson",Finance,France,2022-06-08,Akira,Zero-Day Exploit,4146543,Unknown,No,57,78411,5807972,12.77
RA-104136,"Mays, Clark and Alexander",Energy,United States,2025-04-15,Akira,Drive-by Download,382923,Not Paid,No,8,2527261,1180928,4.11
RA-104137,"Page, Miller and Sanchez",Healthcare,United Kingdom,2023-10-01,Hive,Drive-by Download,1206691,Paid,Yes,49,2883366,3111882,11.44
RA-104138,Harvey-Perez,Energy,United States,2025-06-22,DarkSide,RDP Exploit,2602007,Negotiated,No,43,643655,3579687,9.7
RA-104139,Campbell-Lyons,Government,Canada,2021-03-29,LockBit,Drive-by Download,2086969,Unknown,Yes,7,3469673,2301953,6.61
RA-104140,Hammond-Allen,Energy,Australia,2025-07-01,Clop,Zero-Day Exploit,741543,Negotiated,No,25,2249879,1485651,6.74
RA-104141,"Johnson, Thompson and Carroll",Government,United Kingdom,2024-08-19,Hive,Zero-Day Exploit,1508089,Unknown,No,46,4218210,3010486,12.63
RA-104142,"Adams, Mills and Neal",Technology,France,2026-03-01,Hive,Phishing Email,762573,Negotiated,No,23,438231,1659468,4.65
RA-104143,"Patterson, Blair and Blackburn",Technology,India,2025-03-02,BlackCat,Zero-Day Exploit,3931674,Unknown,No,8,2727246,4706726,7.86
RA-104144,Cisneros Ltd,Government,India,2021-03-30,REvil,Zero-Day Exploit,4750210,Paid,No,16,3528162,6719415,10.68
RA-104145,Davis Group,Technology,South Africa,2024-03-10,BlackCat,RDP Exploit,3112944,Not Paid,No,21,1001855,4581728,7.26
RA-104146,Davis-Gonzalez,Manufacturing,South Africa,2023-05-01,Hive,RDP Exploit,1581049,Negotiated,No,12,1104870,2137984,4.49
RA-104147,Williams and Sons,Finance,United Kingdom,2024-05-28,Ryuk,Credential Theft,3394759,Unknown,No,5,4978394,3674577,9.12
RA-104148,Adams Group,Retail,France,2024-02-17,DarkSide,Credential Theft,3258376,Unknown,Yes,38,4077668,4429036,13.04
RA-104149,"Evans, Harris and Poole",Manufacturing,United Kingdom,2021-06-24,DarkSide,Drive-by Download,4800377,Paid,No,28,1883064,4932966,10.88
RA-104150,"Johnson, Stewart and Bishop",Education,United Kingdom,2024-12-22,Maze,Credential Theft,1723538,Paid,No,25,4787508,3568658,10.26
RA-104151,Acosta-Rowe,Finance,United Kingdom,2022-05-28,DarkSide,Malicious Attachment,1121919,Unknown,Yes,16,36375,3105950,3.56
RA-104152,"Young, Gonzalez and Tyler",Hospitality,South Africa,2021-08-15,Akira,Credential Theft,4097445,Unknown,Yes,25,1709694,4333767,9.56
RA-104153,Baker Group,Manufacturing,Germany,2023-08-14,Ryuk,Phishing Email,147432,Unknown,Yes,54,4397118,918322,12.64
RA-104154,"Smith, Atkins and Gregory",Manufacturing,India,2021-12-22,DarkSide,RDP Exploit,1621050,Negotiated,No,1,3466507,2026495,5.24
RA-104155,Burns-Williams,Hospitality,France,2023-07-21,REvil,Phishing Email,3139935,Paid,No,26,2427186,3498484,9.47
RA-104156,Ewing Ltd,Education,Brazil,2025-12-07,Conti,Phishing Email,75462,Not Paid,Yes,54,296509,540728,8.47
RA-104157,Hobbs Inc,Technology,Germany,2022-09-24,Maze,RDP Exploit,4398625,Not Paid,No,12,3728745,5047430,9.93
RA-104158,"Murphy, Mitchell and Orozco",Transportation,United Kingdom,2025-09-15,LockBit,RDP Exploit,3470819,Paid,No,6,972640,4648490,5.34
RA-104159,"Thomas, Wolf and Craig",Technology,United Kingdom,2025-10-22,BlackCat,Credential Theft,4892971,Negotiated,Yes,22,4241177,6300086,12.43
RA-104160,Bell LLC,Education,France,2026-02-25,BlackCat,Zero-Day Exploit,542499,Unknown,Yes,46,863914,749394,8.31
RA-104161,Berry LLC,Technology,India,2025-07-16,Conti,Zero-Day Exploit,1759040,Negotiated,No,41,3282620,2658020,11.19
RA-104162,"Kelly, Bennett and Smith",Technology,Australia,2021-12-25,Akira,Credential Theft,4259016,Negotiated,No,5,2065906,4601132,7.07
RA-104163,"Blackburn, Long and Ferrell",Healthcare,United Kingdom,2021-01-21,Akira,Malicious Attachment,1619762,Paid,Yes,13,4121721,2911353,7.69
RA-104164,"Allison, Conley and Gallagher",Government,South Africa,2023-10-02,Conti,RDP Exploit,3035191,Negotiated,No,14,2894473,4372566,8.03
RA-104165,Romero Inc,Energy,South Africa,2021-09-16,Akira,Drive-by Download,3764889,Negotiated,Yes,45,2768528,4644265,13.28
RA-104166,Holt Ltd,Transportation,Brazil,2025-07-24,Hive,Phishing Email,2098166,Unknown,Yes,4,3096784,2952916,5.79
RA-104167,"Mcdaniel, Perry and Berger",Hospitality,Canada,2021-09-15,Hive,Credential Theft,3343808,Paid,No,22,1273178,3949480,7.92
RA-104168,Robinson-Davis,Education,United States,2021-11-24,BlackCat,Malicious Attachment,4244029,Paid,No,16,4258815,5308445,10.9
RA-104169,Landry-Kelly,Retail,Japan,2024-04-17,BlackCat,RDP Exploit,3920844,Unknown,Yes,29,4166316,4798343,12.44
RA-104170,Ryan LLC,Manufacturing,United Kingdom,2023-04-17,Hive,RDP Exploit,2958199,Not Paid,No,29,3472404,4728013,10.78
RA-104171,Love-Gross,Retail,Japan,2021-08-11,LockBit,RDP Exploit,4765508,Negotiated,No,42,2749797,6152390,13.82
RA-104172,Whitaker-White,Manufacturing,Brazil,2024-04-03,DarkSide,Zero-Day Exploit,2492244,Unknown,Yes,13,2147795,4054878,6.59
RA-104173,"Smith, Douglas and Haley",Technology,Australia,2025-01-18,Maze,Phishing Email,1999082,Paid,Yes,59,4549510,3133272,15.4
RA-104174,Sanders-Fisher,Technology,Brazil,2024-11-29,Hive,RDP Exploit,3087847,Not Paid,Yes,39,2908252,4608347,11.85
RA-104175,Berry LLC,Government,India,2024-03-01,LockBit,Phishing Email,3063432,Negotiated,Yes,60,4959048,4660168,17.02
RA-104176,Jones Group,Finance,France,2021-11-12,Maze,Drive-by Download,3861030,Not Paid,No,2,3481945,4673948,7.64
RA-104177,Sandoval-Harrison,Energy,United Kingdom,2021-03-12,LockBit,Drive-by Download,4459794,Not Paid,Yes,32,4487233,4557010,13.75
RA-104178,Vargas-Johnson,Transportation,South Africa,2026-01-23,BlackCat,RDP Exploit,1879809,Paid,No,60,1800833,3044460,12.68
RA-104179,White-Vance,Education,United States,2023-03-23,Conti,Drive-by Download,4004149,Unknown,Yes,28,1844247,4942926,10.05
RA-104180,Fernandez-Johnson,Technology,Australia,2022-08-28,Ryuk,Zero-Day Exploit,2104004,Paid,No,33,1877376,3992668,8.93
RA-104181,Wilson Inc,Technology,Australia,2024-08-04,DarkSide,Malicious Attachment,849233,Not Paid,No,38,21158,1588007,6.57
RA-104182,"Hopkins, Phillips and Greene",Technology,Brazil,2023-09-29,Conti,Credential Theft,4017407,Not Paid,Yes,3,2664714,4574008,7.13
RA-104183,Scott-Baker,Manufacturing,Canada,2023-03-15,Ryuk,Credential Theft,2112701,Unknown,Yes,47,47391,3360741,9.21
RA-104184,"Villanueva, Wells and Jones",Transportation,India,2025-01-11,Hive,Phishing Email,425086,Paid,Yes,49,2967879,1520328,10.74
RA-104185,Burke Inc,Education,India,2022-11-08,Ryuk,RDP Exploit,1786280,Negotiated,No,7,1145970,3033173,3.98
RA-104186,"Solis, James and Patel",Healthcare,Japan,2023-10-12,Maze,Credential Theft,4269693,Paid,No,58,408655,5719221,13.38
RA-104187,"Davidson, Logan and Reeves",Finance,Australia,2021-01-29,Akira,Zero-Day Exploit,765205,Paid,Yes,50,2465354,1584926,10.73
RA-104188,"Sullivan, White and Harvey",Healthcare,United States,2021-02-22,DarkSide,RDP Exploit,595051,Negotiated,No,59,4864712,2013336,14.31
RA-104189,Gallegos Inc,Retail,Brazil,2023-03-15,REvil,RDP Exploit,3704610,Unknown,Yes,59,1944516,5037502,14.5
RA-104190,Mosley Inc,Hospitality,Canada,2025-08-07,BlackCat,RDP Exploit,4817858,Paid,No,41,272166,5990670,11.24
RA-104191,"Snyder, Smith and Palmer",Government,United Kingdom,2024-03-24,BlackCat,RDP Exploit,3175584,Paid,No,32,567870,4283811,8.54
RA-104192,Black-Garcia,Retail,United Kingdom,2022-08-25,Maze,Drive-by Download,1060728,Paid,Yes,60,4543068,2407454,14.6
RA-104193,"Joseph, Young and Nguyen",Manufacturing,Japan,2021-06-27,REvil,Drive-by Download,4894925,Paid,No,42,351159,5316635,11.55
RA-104194,Jacobs-Acosta,Education,Australia,2021-12-07,Akira,Zero-Day Exploit,4848688,Paid,Yes,19,529030,6590288,8.23
RA-104195,Pratt-Rocha,Energy,India,2025-04-07,DarkSide,Zero-Day Exploit,1175396,Unknown,Yes,16,4679450,2322558,8.25
RA-104196,"Rodriguez, Harris and Blake",Transportation,Japan,2024-07-19,Maze,Phishing Email,3253425,Not Paid,No,54,1386893,5028269,12.74
RA-104197,Watts Ltd,Government,France,2021-02-04,DarkSide,Malicious Attachment,1787180,Negotiated,Yes,37,3945972,2950851,11.28
RA-104198,"Gonzalez, Richards and Jimenez",Technology,Germany,2021-02-13,Clop,Drive-by Download,4434582,Not Paid,No,7,4282764,4856783,9.77
RA-104199,"Lamb, Meyer and Richardson",Technology,Germany,2024-12-16,Hive,RDP Exploit,76500,Paid,No,12,3228275,1663790,5.1
RA-104200,Mcclure and Sons,Finance,France,2021-09-08,Maze,Phishing Email,2926340,Not Paid,Yes,60,2591486,4109152,14.52
RA-104201,Reynolds Inc,Technology,United States,2025-08-17,Maze,Zero-Day Exploit,889490,Unknown,No,5,3941940,1967684,5.58
RA-104202,"Morales, Marshall and Walker",Education,France,2025-09-21,Hive,Credential Theft,3799331,Not Paid,Yes,32,599683,5052765,9.2
RA-104203,"Smith, Curry and Harrison",Energy,Australia,2025-11-27,DarkSide,Malicious Attachment,1914824,Paid,No,4,1309439,3037711,3.82
RA-104204,French-Benson,Technology,United States,2023-10-29,Ryuk,Zero-Day Exploit,1562761,Unknown,No,16,108642,2011514,4.07
RA-104205,Morgan-Smith,Hospitality,Brazil,2021-08-15,Clop,Zero-Day Exploit,4993147,Negotiated,No,56,1424046,5561594,14.82
RA-104206,"Vincent, Hayes and Dickerson",Technology,Canada,2025-03-18,Akira,Zero-Day Exploit,3908510,Unknown,No,5,1588423,5855080,6.25
RA-104207,Doyle-Williamson,Government,Brazil,2024-11-30,Maze,RDP Exploit,3054161,Negotiated,No,7,2593647,3727605,6.7
RA-104208,"Jones, Lewis and Newman",Transportation,France,2025-01-12,Clop,Malicious Attachment,2525343,Not Paid,No,52,2492951,3957050,12.82
RA-104209,Strong-Rodriguez,Transportation,Australia,2024-09-02,BlackCat,Phishing Email,4815405,Paid,No,4,943834,6537461,6.36
RA-104210,Reynolds-Martinez,Government,France,2025-02-15,Maze,Phishing Email,3635426,Negotiated,No,31,2094365,5296611,10.38
RA-104211,"Thompson, Adams and Stephens",Healthcare,Australia,2023-05-27,LockBit,Drive-by Download,2411265,Unknown,Yes,48,3527172,3458192,13.14
RA-104212,Orr Group,Government,South Africa,2024-05-31,Akira,RDP Exploit,4573403,Negotiated,No,13,4227999,6125297,10.75
RA-104213,"Hammond, Lambert and Knight",Transportation,India,2022-10-25,LockBit,RDP Exploit,512782,Negotiated,No,12,4067466,1193950,6.38
RA-104214,Ford Group,Government,France,2023-02-11,Akira,RDP Exploit,1705794,Not Paid,No,45,2022131,3506993,10.48
RA-104215,Mclaughlin Inc,Manufacturing,Brazil,2024-07-01,LockBit,Malicious Attachment,3021254,Paid,No,9,2339652,4644607,6.71
RA-104216,"Martin, Taylor and Murphy",Transportation,United Kingdom,2025-11-04,Ryuk,RDP Exploit,2834002,Paid,Yes,47,3947014,4633354,13.83
RA-104217,Johnson-Stewart,Finance,India,2025-07-05,BlackCat,Drive-by Download,1399085,Unknown,Yes,18,1219332,2382136,5.32
RA-104218,Lane-Perez,Energy,Canada,2025-01-04,DarkSide,Zero-Day Exploit,4293666,Not Paid,Yes,59,3169598,5520025,16.31
RA-104219,"Garrett, Myers and Mcknight",Transportation,Australia,2024-07-19,REvil,Zero-Day Exploit,3942553,Unknown,Yes,2,1754306,5388116,6.0
RA-104220,"Stephens, Graham and Allen",Government,South Africa,2023-04-27,Akira,RDP Exploit,4422520,Not Paid,No,7,4788297,6252458,10.26
RA-104221,Ward Inc,Transportation,United States,2021-07-04,Ryuk,RDP Exploit,1478886,Negotiated,Yes,60,1870090,1781434,12.35
RA-104222,Olson PLC,Transportation,Australia,2024-11-04,REvil,Malicious Attachment,4868425,Negotiated,No,17,795282,6789844,8.21
RA-104223,Mccall Group,Transportation,France,2021-05-12,Conti,Phishing Email,4527770,Negotiated,Yes,40,1377397,5205288,11.91
RA-104224,Donaldson-Murray,Healthcare,Germany,2021-04-15,Clop,Credential Theft,1953190,Not Paid,No,23,3375147,2434331,8.78
RA-104225,Cervantes Inc,Hospitality,United States,2023-08-31,REvil,Zero-Day Exploit,1605412,Unknown,No,21,2539873,3442196,7.3
RA-104226,Davis PLC,Technology,United Kingdom,2023-06-27,BlackCat,RDP Exploit,846056,Not Paid,No,28,4225823,2081240,9.27
RA-104227,Martinez Ltd,Transportation,India,2021-05-03,Hive,Malicious Attachment,4404900,Unknown,No,27,1448133,6198389,9.9
RA-104228,"Smith, Ho and Todd",Healthcare,France,2024-07-04,Hive,RDP Exploit,1769351,Not Paid,Yes,20,3676440,2590112,8.45
RA-104229,Hansen PLC,Energy,United Kingdom,2024-03-26,Hive,Credential Theft,1431050,Negotiated,No,55,3032586,2582686,12.71
RA-104230,Scott Group,Technology,Germany,2023-08-15,Conti,Phishing Email,1795702,Negotiated,No,26,1756147,1969351,7.45
RA-104231,Schneider-Weber,Technology,United Kingdom,2021-03-27,Hive,Phishing Email,870098,Not Paid,Yes,31,1322961,2440840,6.84
RA-104232,"Watson, Patterson and Heath",Retail,Brazil,2024-12-06,REvil,Credential Theft,3404279,Paid,Yes,20,411993,4495500,6.82
RA-104233,"Williams, Hopkins and Beck",Healthcare,Germany,2023-06-07,BlackCat,Phishing Email,2014426,Paid,No,17,1867149,3824721,6.43
RA-104234,"Hicks, Herrera and Hill",Education,United Kingdom,2023-04-24,Hive,Malicious Attachment,1975219,Negotiated,No,50,3148725,2890208,12.62
RA-104235,"Anthony, Simmons and Acosta",Manufacturing,Brazil,2022-09-19,Akira,Zero-Day Exploit,612088,Not Paid,Yes,19,22418,1740754,3.48
RA-104236,"Watson, Giles and Oneal",Finance,United States,2026-01-08,Hive,Malicious Attachment,4827922,Unknown,Yes,23,637236,6439742,8.92
RA-104237,Williams-Harris,Healthcare,United States,2021-03-16,Clop,Zero-Day Exploit,3214898,Paid,No,47,3477782,4792429,13.74
RA-104238,Benson-Mason,Retail,Japan,2023-05-08,Maze,RDP Exploit,4963823,Paid,No,2,871708,5901178,6.14
RA-104239,Reed-Thomas,Finance,United States,2025-12-31,Ryuk,Zero-Day Exploit,1129892,Unknown,No,58,2619556,1721759,12.45
RA-104240,Small LLC,Education,South Africa,2022-10-17,Ryuk,Malicious Attachment,3953000,Paid,Yes,56,1852714,5742160,14.21
RA-104241,George Ltd,Transportation,Japan,2026-02-10,Conti,Malicious Attachment,2301847,Negotiated,No,10,1773949,3935434,5.58
RA-104242,Newman Inc,Finance,United States,2025-10-01,DarkSide,RDP Exploit,122321,Negotiated,Yes,30,639853,1810572,5.26
RA-104243,Kim-Beltran,Healthcare,India,2021-12-12,Ryuk,Zero-Day Exploit,2050837,Paid,No,43,214298,2786570,8.72
RA-104244,Reid PLC,Government,South Africa,2024-01-13,DarkSide,Phishing Email,2855600,Negotiated,No,15,1865519,4243550,6.97
RA-104245,"Velazquez, Miller and Lutz",Finance,United Kingdom,2024-03-23,Akira,Credential Theft,2662422,Not Paid,No,23,2143118,4214966,8.26
RA-104246,Reyes PLC,Education,France,2025-03-24,Hive,Phishing Email,4861918,Negotiated,Yes,12,1313874,4884053,7.98
RA-104247,Henry-Flynn,Finance,Brazil,2021-04-08,Ryuk,Credential Theft,4274894,Paid,Yes,38,2971471,4575751,12.95
RA-104248,Shepard LLC,Manufacturing,United States,2025-07-28,Maze,Phishing Email,1329751,Unknown,Yes,27,3608134,1688391,8.99
RA-104249,"Bailey, Herrera and Hawkins",Hospitality,Canada,2024-12-30,Conti,Phishing Email,1144768,Not Paid,Yes,18,531563,1640644,4.38
RA-104250,Hatfield-Martinez,Retail,Japan,2023-01-19,Ryuk,RDP Exploit,389428,Not Paid,Yes,48,1412628,1419365,9.0
RA-104251,Lopez PLC,Government,Brazil,2023-11-02,Ryuk,Malicious Attachment,2368192,Negotiated,Yes,19,396653,3969264,5.61
RA-104252,"Thompson, Chapman and Harris",Transportation,Australia,2024-05-05,Hive,Phishing Email,4904215,Not Paid,Yes,38,2231613,5237931,12.84
RA-104253,Dillon-Arnold,Finance,Canada,2021-02-23,Hive,Zero-Day Exploit,4390034,Not Paid,Yes,27,2136344,6122070,10.58
RA-104254,Maxwell Group,Healthcare,Australia,2024-04-24,LockBit,Malicious Attachment,397652,Unknown,Yes,33,2678778,2110829,8.03
RA-104255,Woods Inc,Transportation,United Kingdom,2022-11-17,Conti,Zero-Day Exploit,4908572,Unknown,Yes,2,2642117,5165864,7.85
RA-104256,"Lowe, Le and Kline",Retail,Canada,2021-08-03,REvil,Zero-Day Exploit,502896,Not Paid,Yes,40,436188,1526454,6.94
RA-104257,Garcia-Banks,Retail,United States,2024-11-17,LockBit,RDP Exploit,606651,Negotiated,No,31,1047620,1632564,6.3
RA-104258,Smith-Davis,Retail,France,2023-03-19,Ryuk,Malicious Attachment,4433122,Unknown,Yes,44,4229006,5885555,15.26
RA-104259,Torres Ltd,Technology,India,2023-09-08,Ryuk,Phishing Email,2469333,Unknown,Yes,50,2333278,3735265,12.3
RA-104260,Adams-Madden,Retail,Brazil,2022-03-25,REvil,Phishing Email,3308081,Not Paid,Yes,25,487066,4927618,7.55
RA-104261,"Kim, Greer and Wright",Technology,France,2024-02-18,Akira,RDP Exploit,891036,Not Paid,No,35,13287,1305703,6.15
RA-104262,Jacobs-Bray,Hospitality,Canada,2025-09-17,LockBit,Malicious Attachment,1118661,Not Paid,Yes,51,4475241,2551328,13.24
RA-104263,Medina-Hamilton,Education,India,2025-05-04,Akira,Drive-by Download,3066973,Negotiated,No,8,3373610,3115171,7.64
RA-104264,Holmes PLC,Transportation,Canada,2023-06-23,Hive,Phishing Email,3137872,Not Paid,Yes,9,3611889,4026024,8.1
RA-104265,Castaneda-Love,Finance,Brazil,2023-05-26,Maze,RDP Exploit,1651671,Negotiated,Yes,26,3941742,2758984,9.49
RA-104266,"Gonzalez, Ramirez and Lawrence",Retail,United Kingdom,2022-05-24,Akira,Credential Theft,2842891,Not Paid,Yes,16,4089418,3661287,9.33
RA-104267,Duncan PLC,Hospitality,Australia,2021-01-24,Clop,Drive-by Download,1759836,Unknown,Yes,40,3002350,2273843,10.76
RA-104268,Wilkinson Ltd,Hospitality,France,2023-12-05,DarkSide,RDP Exploit,4512190,Negotiated,Yes,23,1578886,4901439,9.54
RA-104269,Black-Holmes,Retail,Brazil,2021-07-10,Maze,Malicious Attachment,710374,Unknown,Yes,17,4100747,2473105,7.36
RA-104270,Fitzgerald-Hernandez,Retail,Japan,2024-10-08,Akira,Phishing Email,3775913,Unknown,No,55,3885809,3863383,15.91
RA-104271,"Mclaughlin, Howe and Young",Technology,Australia,2023-12-30,Akira,Zero-Day Exploit,574185,Unknown,Yes,39,2600821,1348793,9.03
RA-104272,Alvarez-Duncan,Government,Canada,2024-06-02,LockBit,Malicious Attachment,3234161,Unknown,Yes,7,262823,4635251,4.55
RA-104273,"Moore, Burke and Leblanc",Healthcare,France,2026-02-04,LockBit,Malicious Attachment,3372739,Paid,No,35,4870166,3585263,13.49
RA-104274,Johnson PLC,Government,United States,2025-12-15,DarkSide,Drive-by Download,2637105,Not Paid,Yes,28,2331409,4514424,9.17
RA-104275,"Martin, Riley and Contreras",Energy,South Africa,2026-01-13,Ryuk,Credential Theft,4223294,Paid,No,43,4246831,5190256,14.92
RA-104276,Gonzalez Ltd,Technology,Germany,2022-10-18,REvil,Phishing Email,4252157,Paid,Yes,30,1518758,4747855,10.27
RA-104277,Jones-Swanson,Transportation,India,2022-06-25,DarkSide,Phishing Email,4518311,Not Paid,No,55,2783554,5450331,15.55
RA-104278,Smith and Sons,Finance,France,2022-11-03,Clop,Credential Theft,4006877,Paid,Yes,45,1340708,5168667,12.1
RA-104279,Ellis-Burke,Transportation,France,2025-10-06,Maze,Drive-by Download,4119981,Not Paid,No,49,4716279,5438169,16.19
RA-104280,Hebert-Murray,Transportation,Canada,2024-03-28,BlackCat,Drive-by Download,4891363,Negotiated,No,5,3391904,4955538,9.03
RA-104281,Dillon Group,Government,United States,2025-11-29,REvil,RDP Exploit,3091251,Unknown,No,13,3902474,4597070,8.94
RA-104282,Cole PLC,Hospitality,India,2022-02-21,DarkSide,Phishing Email,1045008,Unknown,Yes,34,2691710,1827619,8.84
RA-104283,Jones PLC,Finance,Canada,2023-06-11,REvil,Phishing Email,2147880,Paid,Yes,17,4592331,3646829,9.29
RA-104284,Shaw Ltd,Technology,United States,2025-03-09,Clop,RDP Exploit,2284424,Paid,Yes,3,3729362,3069513,6.46
RA-104285,"Joseph, Hernandez and Gibbs",Hospitality,Brazil,2025-01-28,Clop,Credential Theft,3551776,Unknown,Yes,20,338582,4494029,6.89
RA-104286,Hughes-Snyder,Retail,United Kingdom,2021-12-28,DarkSide,RDP Exploit,4717855,Negotiated,No,33,2769932,6298953,12.44
RA-104287,Snow-Bailey,Manufacturing,South Africa,2024-04-20,Akira,Zero-Day Exploit,4077026,Not Paid,No,37,1251696,5966345,10.88
RA-104288,Rangel Inc,Manufacturing,France,2023-04-16,DarkSide,Credential Theft,2703639,Not Paid,No,18,3736012,4250356,9.14
RA-104289,Olson-Carlson,Manufacturing,Germany,2026-02-07,Akira,Drive-by Download,566422,Not Paid,No,59,502059,2336997,9.92
RA-104290,Luna-Hall,Energy,Brazil,2024-08-19,BlackCat,Credential Theft,4955040,Negotiated,Yes,4,3608579,6418789,9.16
RA-104291,Rodriguez PLC,Retail,Germany,2025-01-03,LockBit,Malicious Attachment,3371366,Paid,Yes,1,896157,4378486,4.42
RA-104292,Bauer-Gallegos,Retail,South Africa,2022-12-19,Conti,Phishing Email,3167678,Unknown,No,51,493957,3275701,11.31
RA-104293,Parker and Sons,Energy,United States,2025-10-01,DarkSide,Phishing Email,4150673,Not Paid,No,30,2953918,4470337,11.6
RA-104294,Hale-Haynes,Government,Australia,2024-03-24,LockBit,Zero-Day Exploit,3936850,Negotiated,Yes,7,3683357,4848571,8.67
RA-104295,Garcia Group,Hospitality,United States,2024-11-27,REvil,RDP Exploit,3851337,Paid,No,11,4777159,5372754,10.28
RA-104296,Brown-Arnold,Education,Brazil,2026-02-04,LockBit,RDP Exploit,3420860,Negotiated,No,30,3335740,3715010,11.26
RA-104297,"Hubbard, Carroll and Miller",Finance,Australia,2022-05-20,Hive,Malicious Attachment,607827,Unknown,No,26,1947385,1822753,6.46
RA-104298,Caldwell-Clark,Healthcare,Canada,2025-12-20,Ryuk,Zero-Day Exploit,4052438,Not Paid,Yes,9,2814171,4940183,8.22
RA-104299,Conner Ltd,Finance,Australia,2024-10-28,Maze,Phishing Email,1717655,Not Paid,No,28,179972,2547182,6.1
RA-104300,Spencer-Ortega,Hospitality,Brazil,2026-02-08,Conti,Phishing Email,547464,Not Paid,Yes,16,2159045,619354,5.11
RA-104301,Gomez-Mendez,Energy,India,2025-06-12,Ryuk,Malicious Attachment,469920,Negotiated,Yes,53,3623640,1284970,12.04
RA-104302,"Payne, Rivera and Choi",Education,South Africa,2022-10-27,Ryuk,Credential Theft,1970549,Negotiated,Yes,48,1499647,2562962,10.67
RA-104303,Carter Ltd,Transportation,India,2022-11-17,BlackCat,Zero-Day Exploit,1881226,Paid,No,45,1398183,3873134,10.03
RA-104304,Hull Inc,Manufacturing,Brazil,2024-02-09,Conti,RDP Exploit,573596,Paid,Yes,16,4356252,650751,7.33
RA-104305,Jones LLC,Transportation,India,2023-02-14,REvil,Malicious Attachment,3726033,Negotiated,No,55,4680290,5324013,16.66
RA-104306,"Lewis, Parker and Smith",Healthcare,Brazil,2021-10-01,LockBit,Drive-by Download,3433943,Negotiated,No,8,2645052,3693803,7.28
RA-104307,Adkins-Hughes,Manufacturing,United States,2023-10-17,Hive,Zero-Day Exploit,75454,Unknown,No,24,1312409,1391758,4.99
RA-104308,Larson and Sons,Hospitality,Japan,2022-08-16,Hive,Credential Theft,781867,Unknown,Yes,9,1601919,1512601,3.73
RA-104309,"Palmer, Bennett and Hill",Technology,Germany,2022-10-14,Maze,Zero-Day Exploit,4713663,Paid,Yes,26,1262326,6557110,9.88
RA-104310,"Sanchez, Brewer and Smith",Manufacturing,South Africa,2023-02-24,DarkSide,Credential Theft,1574393,Unknown,No,22,2901203,1716321,7.78
RA-104311,Cole PLC,Transportation,Canada,2021-06-04,Akira,Malicious Attachment,4912589,Not Paid,Yes,13,3981517,6762828,10.84
RA-104312,Powell-Sanchez,Retail,Australia,2025-09-07,Hive,Drive-by Download,1453362,Paid,Yes,30,1660084,2023549,7.61
RA-104313,Bates PLC,Government,Canada,2024-07-02,Ryuk,Phishing Email,4136498,Unknown,No,28,1338113,4381375,9.67
RA-104314,Dalton-Page,Technology,Australia,2024-10-31,Conti,RDP Exploit,3165047,Not Paid,Yes,5,2683142,3486887,6.6
RA-104315,Cook LLC,Transportation,South Africa,2025-10-01,LockBit,Phishing Email,2200382,Negotiated,Yes,58,3772055,2292435,14.67
RA-104316,Walker-Daniels,Hospitality,France,2021-12-10,Hive,Malicious Attachment,4894374,Paid,No,47,3713975,5056001,15.66
RA-104317,Wallace LLC,Finance,United Kingdom,2022-05-20,Ryuk,Credential Theft,3758375,Paid,No,50,2533801,4929784,13.79
RA-104318,Berry LLC,Healthcare,Australia,2025-03-25,Hive,Credential Theft,2099963,Paid,No,1,119260,3202989,2.37
RA-104319,Richard-Kent,Retail,United States,2025-10-13,Conti,RDP Exploit,4265305,Negotiated,Yes,3,4584524,4528511,9.3
RA-104320,"Cook, Montgomery and Leonard",Healthcare,Australia,2022-11-28,Ryuk,Drive-by Download,284603,Not Paid,No,36,942190,1751868,6.63
RA-104321,Howard Inc,Hospitality,Japan,2024-08-06,LockBit,Drive-by Download,4352087,Not Paid,Yes,47,3624959,6061532,15.03
RA-104322,Zimmerman Ltd,Technology,Japan,2025-05-13,REvil,Zero-Day Exploit,1983987,Paid,Yes,5,815584,2855774,3.55
RA-104323,Lopez-Brooks,Technology,Brazil,2024-07-27,Ryuk,Malicious Attachment,634869,Not Paid,Yes,11,2437931,2544296,4.72
RA-104324,Young-Robles,Government,India,2021-11-02,Clop,Phishing Email,2913467,Unknown,No,37,4393091,4735301,12.86
RA-104325,"Dickerson, Jones and Foster",Retail,Japan,2024-06-27,Maze,Credential Theft,4276884,Paid,Yes,53,4697716,5929837,16.92
RA-104326,Perry and Sons,Healthcare,Germany,2023-03-08,Conti,Phishing Email,42747,Negotiated,No,56,4854796,364458,13.3
RA-104327,Stephens-Daniels,Finance,India,2023-01-27,Ryuk,Malicious Attachment,3505172,Unknown,Yes,44,2969260,4554177,13.07
RA-104328,"Little, Rice and Stewart",Manufacturing,United States,2022-03-09,REvil,RDP Exploit,195417,Unknown,No,19,4821028,1513246,7.87
RA-104329,Hogan and Sons,Healthcare,France,2024-08-22,Ryuk,RDP Exploit,847442,Negotiated,Yes,26,2270644,1595030,7.02
RA-104330,Walls PLC,Government,United States,2025-06-15,DarkSide,RDP Exploit,1097058,Negotiated,No,50,1066108,2883387,9.66
RA-104331,Copeland-Gutierrez,Finance,Germany,2023-03-01,Akira,Malicious Attachment,2141353,Negotiated,No,7,1563310,3017939,4.75
RA-104332,Lopez-Nguyen,Transportation,United States,2022-05-30,Maze,Credential Theft,2694344,Not Paid,Yes,35,3329209,2953003,11.27
RA-104333,"Mitchell, Jennings and Obrien",Retail,Canada,2022-10-02,Clop,Drive-by Download,308137,Unknown,No,34,1839283,1091971,7.25
RA-104334,"Lucas, Hurley and Johnson",Hospitality,United Kingdom,2024-03-02,LockBit,Zero-Day Exploit,4582878,Unknown,No,60,4277838,4854989,17.86
RA-104335,Woods-Martinez,Hospitality,India,2023-02-20,Clop,Zero-Day Exploit,1650379,Unknown,Yes,12,3107709,3053525,6.56
RA-104336,Adams PLC,Finance,United Kingdom,2021-10-12,DarkSide,Malicious Attachment,2018204,Not Paid,No,27,4520490,2523040,10.59
RA-104337,Krause PLC,Energy,France,2021-09-09,LockBit,RDP Exploit,4471290,Not Paid,Yes,14,2889031,5192674,9.46
RA-104338,"Hickman, Ellis and Wright",Healthcare,India,2021-06-30,Clop,Credential Theft,3816366,Negotiated,No,32,676773,5248117,9.29
RA-104339,"Swanson, Chapman and Marshall",Hospitality,Canada,2025-11-12,REvil,Zero-Day Exploit,153731,Not Paid,No,9,3242923,1548984,4.75
RA-104340,Spencer LLC,Retail,Germany,2024-09-27,Akira,Phishing Email,1796362,Paid,Yes,18,801064,3652308,5.3
RA-104341,"Johnson, Acosta and Baker",Transportation,India,2022-01-17,Ryuk,Zero-Day Exploit,2004285,Paid,No,48,1037739,3748594,10.24
RA-104342,"Jennings, Campbell and Bailey",Energy,United Kingdom,2023-05-15,LockBit,Drive-by Download,4084819,Paid,Yes,48,2156035,5081936,13.44
RA-104343,Snow-Marquez,Government,France,2024-09-17,REvil,RDP Exploit,521041,Unknown,Yes,19,12991,1687209,3.38
RA-104344,Rios-Robinson,Transportation,Brazil,2023-03-19,DarkSide,Drive-by Download,154683,Unknown,No,51,712568,1511916,8.52
RA-104345,"Davis, Johnson and Griffith",Education,Australia,2024-08-12,Conti,Credential Theft,1864660,Not Paid,Yes,13,2369892,2173435,6.18
RA-104346,"Walter, Scott and Eaton",Energy,Brazil,2021-10-02,DarkSide,RDP Exploit,2216888,Unknown,No,9,3020698,4083019,6.59
RA-104347,Powers-Thompson,Education,South Africa,2022-06-01,Hive,Credential Theft,3042615,Negotiated,Yes,29,2844483,3153071,10.24
RA-104348,Carr PLC,Retail,India,2021-07-10,LockBit,RDP Exploit,842246,Unknown,Yes,60,2365470,1956043,12.21
RA-104349,Hopkins-Powell,Transportation,Brazil,2023-12-24,Hive,Credential Theft,1936837,Negotiated,Yes,38,3323969,3438969,10.96
RA-104350,"Ayers, Erickson and Sheppard",Manufacturing,Japan,2025-07-20,Hive,RDP Exploit,137661,Negotiated,No,49,2393890,1116799,9.88
RA-104351,Palmer-Allen,Government,Japan,2023-07-05,Clop,Credential Theft,3987944,Negotiated,Yes,4,3215610,5206382,7.8
RA-104352,"Duncan, Lynch and Bush",Technology,South Africa,2021-09-25,Ryuk,Drive-by Download,462770,Unknown,No,10,2661239,1123907,4.62
RA-104353,Webster-Ho,Finance,France,2023-04-23,Akira,Credential Theft,3738815,Unknown,Yes,42,3793897,4850531,13.83
RA-104354,"Waller, Duke and Hampton",Government,Japan,2025-01-09,Maze,Credential Theft,3480106,Negotiated,No,48,658007,5321147,11.34
RA-104355,"Payne, Hull and Taylor",Transportation,Australia,2025-05-28,DarkSide,RDP Exploit,4918839,Not Paid,No,9,542366,5169520,6.81
RA-104356,Lopez LLC,Government,Brazil,2024-07-14,DarkSide,Credential Theft,438347,Unknown,Yes,6,2355491,1414350,3.69
RA-104357,Mitchell Group,Manufacturing,Canada,2023-04-02,Akira,Credential Theft,1655056,Unknown,No,33,4894122,2460029,11.5
RA-104358,Lee-Jordan,Education,United Kingdom,2024-03-13,LockBit,Phishing Email,725536,Paid,Yes,46,4015649,1897264,11.64
RA-104359,Lang Ltd,Transportation,India,2025-06-04,Ryuk,Credential Theft,257985,Paid,No,7,2143578,641080,3.45
RA-104360,"Bell, Parsons and Carlson",Manufacturing,Japan,2022-01-09,Maze,Phishing Email,2687146,Negotiated,Yes,6,2699650,3721484,6.29
RA-104361,Greene and Sons,Healthcare,France,2024-03-03,LockBit,Phishing Email,3339794,Negotiated,No,29,823483,4676172,8.51
RA-104362,Arias Inc,Education,United Kingdom,2023-11-21,DarkSide,Drive-by Download,4062967,Negotiated,No,58,1538509,4645273,14.3
RA-104363,"Brown, Peterson and Singleton",Retail,France,2023-05-18,Conti,Phishing Email,2937413,Negotiated,Yes,46,1078108,4245878,10.92
RA-104364,"Murphy, Smith and Miller",Manufacturing,South Africa,2023-07-25,Clop,Drive-by Download,1047683,Not Paid,No,38,3898693,1383346,10.65
RA-104365,Smith-Spencer,Technology,Brazil,2022-02-26,Maze,Drive-by Download,1976453,Unknown,No,21,1946372,3967311,7.07
RA-104366,Ware-Gallegos,Education,India,2023-10-17,Maze,Credential Theft,3731869,Unknown,No,14,2103046,5636017,7.93
RA-104367,Harper-Ritter,Retail,Japan,2021-04-09,DarkSide,Credential Theft,1739906,Paid,No,43,583938,1768937,8.77
RA-104368,"Moore, Price and Dawson",Education,France,2021-01-03,LockBit,Zero-Day Exploit,3950266,Paid,Yes,59,4004679,4117578,16.8
RA-104369,Tapia and Sons,Technology,Japan,2023-09-13,DarkSide,Drive-by Download,2221273,Negotiated,No,26,3297129,4092263,9.42
RA-104370,"Harris, Grimes and Berry",Education,Canada,2021-11-07,Conti,Malicious Attachment,760833,Unknown,No,30,1004274,2345162,6.27
RA-104371,Barton-Stewart,Education,Australia,2023-10-22,Conti,Zero-Day Exploit,2060040,Negotiated,Yes,51,423035,2527269,10.13
RA-104372,Fowler Ltd,Technology,Brazil,2025-12-15,Conti,Malicious Attachment,3045090,Paid,No,21,4462998,3989348,10.66
RA-104373,Benton-Chambers,Energy,United Kingdom,2024-02-22,Hive,Drive-by Download,790313,Not Paid,No,48,464721,2186921,8.46
RA-104374,"Chandler, Mathis and Hill",Technology,South Africa,2025-07-21,Clop,Drive-by Download,3874259,Unknown,Yes,54,3238161,4446357,15.21
RA-104375,Sharp-Wallace,Government,South Africa,2022-06-18,Akira,Zero-Day Exploit,1721389,Not Paid,No,43,3396510,3136856,11.57
RA-104376,Gross PLC,Government,Japan,2022-11-15,LockBit,Credential Theft,3313993,Negotiated,Yes,45,2500854,3860164,12.56
RA-104377,Briggs-Rodriguez,Healthcare,United States,2024-07-13,Ryuk,RDP Exploit,2831076,Unknown,Yes,26,3363079,3297651,10.09
RA-104378,Taylor LLC,Finance,India,2024-12-27,REvil,Phishing Email,995864,Unknown,No,51,451548,1758118,9.1
RA-104379,Newman PLC,Transportation,South Africa,2025-11-18,BlackCat,RDP Exploit,470341,Negotiated,Yes,56,2520540,2240429,11.39
RA-104380,Burton-Olson,Technology,Australia,2025-11-25,Clop,Zero-Day Exploit,4001494,Not Paid,No,48,2066542,5278912,13.27
RA-104381,"Ford, Hunt and Mccoy",Energy,United States,2024-04-04,Maze,Malicious Attachment,4569453,Negotiated,Yes,26,3696680,5545843,12.17
RA-104382,Jones-Velasquez,Hospitality,India,2023-08-30,Akira,Credential Theft,753026,Paid,No,12,4931052,2692266,7.48
RA-104383,Pacheco-Woods,Healthcare,United Kingdom,2022-08-22,Akira,RDP Exploit,4611125,Not Paid,Yes,12,4012020,4640975,10.42
RA-104384,Gregory Group,Government,Brazil,2022-03-11,REvil,Zero-Day Exploit,1084536,Paid,Yes,26,4272539,2293956,9.26
RA-104385,"Reyes, Patton and Wright",Transportation,Canada,2021-05-12,BlackCat,Malicious Attachment,2099750,Unknown,No,28,4572083,3880388,10.87
RA-104386,Knapp-Elliott,Retail,United Kingdom,2021-06-21,Maze,Phishing Email,1140881,Negotiated,No,48,565478,2254613,8.91
RA-104387,"Sutton, Johnson and Conley",Manufacturing,Australia,2025-03-22,Hive,Credential Theft,717808,Not Paid,Yes,31,3655295,2125420,9.02
RA-104388,Barton-Lowe,Transportation,Australia,2022-03-27,Hive,Zero-Day Exploit,3097053,Paid,No,24,1087650,4555772,7.78
RA-104389,"Taylor, Hunt and Pearson",Education,France,2022-02-04,Clop,Credential Theft,53167,Not Paid,Yes,51,1269811,1673315,8.97
RA-104390,Thomas Ltd,Hospitality,Brazil,2023-01-01,BlackCat,Malicious Attachment,1210607,Not Paid,No,35,3681253,2326131,10.14
RA-104391,"Casey, Mcdowell and Brooks",Education,India,2025-07-03,Hive,Drive-by Download,3443832,Negotiated,No,20,4063745,5431909,10.51
RA-104392,Williams-Bradley,Healthcare,Brazil,2022-06-29,Clop,Credential Theft,3464127,Not Paid,Yes,18,3019463,4147226,9.18
RA-104393,Johns-Pugh,Manufacturing,United States,2025-04-02,Hive,Credential Theft,87273,Paid,No,60,1031091,1252023,10.12
RA-104394,Santana and Sons,Manufacturing,United States,2022-10-10,Maze,Credential Theft,3386626,Paid,Yes,48,2604754,5113826,13.19
RA-104395,Camacho-Williams,Transportation,France,2022-10-18,Ryuk,Zero-Day Exploit,4449117,Unknown,No,1,913387,4462280,5.51
RA-104396,Diaz Inc,Government,Brazil,2022-06-04,Hive,Drive-by Download,4195514,Unknown,No,28,665982,5439209,9.06
RA-104397,"Diaz, Paul and Reynolds",Manufacturing,Germany,2022-02-02,Conti,RDP Exploit,3227040,Negotiated,No,51,2480420,4052123,13.36
RA-104398,"Lee, Perry and Ward",Government,Germany,2023-06-26,DarkSide,Credential Theft,2324468,Not Paid,Yes,48,4815794,3190994,14.34
RA-104399,"Cline, Morris and Smith",Finance,Japan,2025-06-13,BlackCat,Malicious Attachment,3615492,Paid,Yes,59,1428416,4678259,13.89
RA-104400,Williams Inc,Energy,Germany,2022-03-24,REvil,Malicious Attachment,4072831,Paid,No,19,1734327,5235038,8.66
RA-104401,Miller LLC,Manufacturing,United States,2021-12-04,REvil,Zero-Day Exploit,972239,Not Paid,No,39,2431054,1000427,9.25
RA-104402,"Jones, Ross and Nash",Education,Japan,2021-02-24,BlackCat,Malicious Attachment,4016440,Negotiated,No,56,4728528,4922065,17.14
RA-104403,"Jones, Lucas and Sanchez",Hospitality,France,2023-07-13,Maze,Credential Theft,1986748,Paid,Yes,27,3168050,2030459,9.2
RA-104404,Clark LLC,Technology,Australia,2023-06-19,Conti,Credential Theft,2505131,Unknown,No,32,1944964,3330644,9.25
RA-104405,Schultz and Sons,Hospitality,Australia,2023-12-10,Maze,Zero-Day Exploit,3783233,Paid,Yes,52,2511975,4854318,14.1
RA-104406,"Watson, Hampton and Ramos",Hospitality,India,2021-08-20,BlackCat,Zero-Day Exploit,4494751,Not Paid,No,17,2201642,5058285,9.25
RA-104407,Castillo LLC,Energy,Brazil,2022-01-06,REvil,RDP Exploit,2848297,Unknown,Yes,31,2105425,3859627,9.6
RA-104408,"Hall, Lang and Roberson",Transportation,Brazil,2021-06-12,DarkSide,Malicious Attachment,1192853,Unknown,Yes,15,4258066,1777818,7.7
RA-104409,Chavez-Walker,Hospitality,France,2025-05-28,DarkSide,Malicious Attachment,687693,Negotiated,No,60,4599444,2283043,14.29
RA-104410,Vasquez-Campbell,Education,Japan,2024-04-28,LockBit,Drive-by Download,4516951,Paid,Yes,55,1853493,4792938,14.62
RA-104411,Frederick-Murray,Manufacturing,South Africa,2022-10-25,DarkSide,RDP Exploit,4947521,Unknown,No,1,2681846,5558675,7.78
RA-104412,"Lambert, Lewis and Bradford",Hospitality,South Africa,2024-02-02,Akira,RDP Exploit,3061141,Negotiated,No,19,272033,3747513,6.18
RA-104413,Williams Group,Energy,South Africa,2026-03-11,Clop,RDP Exploit,1556090,Not Paid,Yes,19,3428941,1829670,7.84
RA-104414,Valdez Inc,Government,Germany,2025-12-15,Maze,RDP Exploit,469096,Negotiated,No,50,3409397,1184231,11.38
RA-104415,"Smith, Khan and Gonzalez",Hospitality,India,2022-10-05,Clop,Credential Theft,4915009,Not Paid,Yes,43,4544227,4967238,15.91
RA-104416,Huffman Group,Energy,France,2024-05-02,DarkSide,Drive-by Download,3388455,Negotiated,No,59,881,4500188,12.24
RA-104417,Bender LLC,Energy,India,2023-10-30,Conti,Phishing Email,4635767,Unknown,No,10,3993855,5044950,10.13
RA-104418,Jackson Inc,Government,India,2022-03-26,Ryuk,Zero-Day Exploit,4879153,Paid,No,42,4324187,6409032,15.5
RA-104419,Burns Inc,Manufacturing,Australia,2024-09-08,LockBit,Phishing Email,4781328,Negotiated,No,32,4221623,6490888,13.8
RA-104420,Gonzalez LLC,Technology,United Kingdom,2023-01-16,Akira,Drive-by Download,393974,Paid,Yes,29,1178667,1663526,5.92
RA-104421,Davidson-Meyer,Education,United Kingdom,2021-02-05,Ryuk,Malicious Attachment,3708094,Not Paid,No,40,1940576,5208477,11.65
RA-104422,Horton-Cabrera,Government,United States,2023-11-25,Maze,Credential Theft,1333240,Negotiated,Yes,23,2429852,2152344,7.21
RA-104423,"Moore, Washington and Romero",Finance,Brazil,2025-02-20,DarkSide,Malicious Attachment,2951320,Not Paid,No,28,4193357,3215215,11.34
RA-104424,"Joseph, Robinson and Warner",Finance,Japan,2021-12-04,Hive,Zero-Day Exploit,2336704,Paid,No,52,2648647,3507720,12.79
RA-104425,"Miller, Ferguson and Carey",Government,France,2021-01-15,LockBit,Malicious Attachment,4156053,Not Paid,No,22,2646063,5769984,10.1
RA-104426,Melton-Camacho,Government,Japan,2022-11-25,Maze,Phishing Email,4008201,Unknown,Yes,10,3669098,5112020,9.18
RA-104427,"Watson, Rogers and Brown",Healthcare,India,2022-12-17,Akira,Zero-Day Exploit,693463,Unknown,Yes,52,1592944,2490352,10.09
RA-104428,"Werner, Jenkins and Rodriguez",Technology,France,2021-05-13,Conti,Credential Theft,1082866,Unknown,Yes,35,895644,1758862,7.23
RA-104429,Nelson-Kim,Manufacturing,Germany,2025-08-23,DarkSide,Credential Theft,1541468,Not Paid,Yes,31,4367992,3516226,10.56
RA-104430,"Gray, Moore and Miller",Government,Brazil,2022-08-15,BlackCat,Zero-Day Exploit,4815904,Not Paid,Yes,11,2602077,5003052,9.07
RA-104431,Hart-Rogers,Healthcare,France,2025-11-19,Maze,Credential Theft,3579417,Not Paid,Yes,45,1612525,4777156,11.94
RA-104432,"Rodriguez, Miller and Mccoy",Technology,France,2023-04-16,BlackCat,Zero-Day Exploit,4696474,Unknown,Yes,17,4210005,5134688,11.46
RA-104433,"Johnson, Wagner and Davis",Technology,United States,2022-02-12,Ryuk,Zero-Day Exploit,4499030,Unknown,No,26,3570013,5213614,11.97
RA-104434,Taylor PLC,Government,Australia,2022-12-18,REvil,Phishing Email,4737196,Paid,No,23,3765766,6392751,11.95
RA-104435,Russell-Richardson,Healthcare,Canada,2025-03-06,LockBit,RDP Exploit,3712081,Negotiated,Yes,31,1097653,4464035,9.46
RA-104436,Willis-Vargas,Manufacturing,France,2021-02-22,DarkSide,RDP Exploit,4539709,Not Paid,No,59,2685769,6239854,16.08
RA-104437,"Freeman, Whitehead and Ruiz",Energy,United Kingdom,2023-09-20,LockBit,Credential Theft,4231605,Paid,Yes,19,3018228,5886163,10.1
RA-104438,Mccoy-Mckee,Manufacturing,United States,2022-08-14,DarkSide,Drive-by Download,962487,Negotiated,Yes,2,2401409,1152102,3.66
RA-104439,Jackson-Williams,Finance,India,2021-08-28,BlackCat,Phishing Email,3411339,Negotiated,No,25,115672,4518143,7.28
RA-104440,Moore-Reid,Retail,United States,2024-07-13,REvil,Zero-Day Exploit,3212859,Negotiated,Yes,28,749475,3707212,8.16
RA-104441,Smith-Anderson,Transportation,Canada,2021-03-28,LockBit,Drive-by Download,352550,Not Paid,Yes,56,2616417,1066595,11.37
RA-104442,Solis-Davis,Hospitality,Japan,2024-07-06,LockBit,Drive-by Download,4011044,Unknown,No,2,3407030,5854249,7.72
RA-104443,Walker Group,Technology,Australia,2024-05-28,Hive,Phishing Email,2586598,Not Paid,No,40,2030110,3292922,10.62
RA-104444,Logan and Sons,Energy,United Kingdom,2022-03-09,Clop,Malicious Attachment,4722942,Negotiated,No,14,3384483,5347158,10.21
RA-104445,"Little, Casey and Smith",Healthcare,France,2025-04-29,Conti,RDP Exploit,4283082,Negotiated,Yes,59,816132,5309180,13.95
RA-104446,"Jackson, Hughes and Brown",Retail,Japan,2025-05-22,Ryuk,Zero-Day Exploit,2494629,Not Paid,Yes,56,1543417,3051219,12.44
RA-104447,Warner PLC,Manufacturing,Germany,2025-04-27,Akira,Drive-by Download,345800,Paid,No,47,292579,900744,7.69
RA-104448,Flynn and Sons,Technology,Brazil,2024-12-07,Clop,Malicious Attachment,4619884,Paid,No,56,4561261,6305576,17.58
RA-104449,Castro Inc,Energy,United States,2021-01-21,Akira,Credential Theft,4831414,Unknown,Yes,25,918564,6390664,9.5
RA-104450,"Schroeder, Zuniga and Gross",Transportation,South Africa,2021-05-31,Ryuk,Zero-Day Exploit,4180986,Paid,Yes,53,116799,5428276,12.25
RA-104451,Turner Inc,Technology,Japan,2026-01-04,BlackCat,Drive-by Download,154470,Not Paid,Yes,15,4576703,781153,6.98
RA-104452,Clayton LLC,Manufacturing,Canada,2023-01-18,Ryuk,Zero-Day Exploit,463429,Not Paid,No,7,3196345,1002713,4.71
RA-104453,"Haynes, Cox and Garcia",Manufacturing,Germany,2023-06-19,Ryuk,Phishing Email,1948088,Not Paid,No,8,1298552,3774391,4.45
RA-104454,"Nelson, Cross and Baker",Education,United Kingdom,2023-04-05,Akira,Malicious Attachment,4983671,Unknown,No,33,3795343,5821337,13.73
RA-104455,Ward-Morgan,Healthcare,Japan,2023-09-28,Hive,Credential Theft,2354631,Unknown,Yes,24,311525,3529332,6.27
RA-104456,Liu-Johnson,Manufacturing,Brazil,2023-08-13,BlackCat,Zero-Day Exploit,1947299,Paid,No,42,1849543,2145102,10.1
RA-104457,Reyes-Alvarez,Retail,Brazil,2021-12-20,BlackCat,Zero-Day Exploit,3214938,Negotiated,Yes,53,692042,3780800,11.86
RA-104458,Fox LLC,Education,India,2025-10-04,REvil,Malicious Attachment,2227218,Negotiated,Yes,17,879132,3013120,5.66
RA-104459,"Newton, Mccoy and Powell",Manufacturing,Canada,2024-05-12,BlackCat,Drive-by Download,3478617,Paid,Yes,48,2397618,5016183,13.08
RA-104460,Perkins-Dean,Hospitality,France,2025-02-04,DarkSide,Zero-Day Exploit,3888147,Not Paid,Yes,36,373700,4431432,9.66
RA-104461,"Owens, Schultz and Boyd",Government,Brazil,2024-05-19,Conti,Credential Theft,1593388,Unknown,No,52,4593542,3297833,13.99
RA-104462,Diaz-Diaz,Energy,India,2025-02-16,LockBit,Drive-by Download,1387284,Unknown,No,20,1456523,3110137,5.84
RA-104463,Kelley and Sons,Retail,United States,2024-09-13,Clop,Zero-Day Exploit,1020568,Paid,Yes,20,3662215,1579035,7.68
RA-104464,Evans Group,Manufacturing,Australia,2022-12-23,Ryuk,Phishing Email,1609587,Not Paid,Yes,19,1299683,2302314,5.76
RA-104465,"Wilson, Bridges and Taylor",Finance,Germany,2025-08-01,Hive,Malicious Attachment,3614134,Paid,No,47,1278824,5367122,11.94
RA-104466,Howe Group,Manufacturing,Canada,2022-12-07,Clop,Drive-by Download,612285,Negotiated,Yes,54,74706,1829488,8.79
RA-104467,Cummings-Weber,Technology,France,2025-11-10,Hive,Drive-by Download,4041957,Paid,No,22,55701,4823270,7.4
RA-104468,Mcdaniel-Ryan,Healthcare,Brazil,2024-08-18,Clop,Zero-Day Exploit,4413982,Paid,Yes,60,1442294,5885956,14.86
RA-104469,Jackson-King,Education,Japan,2023-03-13,Conti,Zero-Day Exploit,1583294,Paid,Yes,14,2574169,1661701,6.26
RA-104470,"Moody, Martin and Howard",Government,Germany,2021-11-07,Clop,Zero-Day Exploit,3416727,Not Paid,No,31,1328497,4373175,9.4
RA-104471,Garcia Group,Hospitality,Australia,2023-07-05,Hive,Credential Theft,3608281,Paid,No,29,2444711,4529320,10.4
RA-104472,Moore-Mclean,Energy,Canada,2025-04-11,Akira,Drive-by Download,3232965,Not Paid,No,35,3744347,4585488,12.23
RA-104473,Gentry Inc,Technology,Brazil,2022-07-04,Maze,Drive-by Download,1631404,Unknown,Yes,51,611828,2063464,9.89
RA-104474,Brown-Lopez,Hospitality,United States,2025-11-10,Maze,RDP Exploit,3388010,Unknown,No,27,4233274,3944599,11.67
RA-104475,Robbins-Scott,Education,United States,2026-01-13,Conti,Phishing Email,3688771,Unknown,Yes,42,4206114,4137573,14.19
RA-104476,Williams PLC,Energy,Japan,2026-01-22,LockBit,Malicious Attachment,1736351,Not Paid,No,56,900223,2760666,11.04
RA-104477,Jones-Obrien,Government,Germany,2021-03-26,BlackCat,Drive-by Download,1744562,Negotiated,Yes,36,4479714,2219308,11.62
RA-104478,"Martinez, Ruiz and Boone",Retail,France,2023-11-15,LockBit,RDP Exploit,136903,Not Paid,No,7,3338875,991666,4.53
RA-104479,Reilly and Sons,Hospitality,Germany,2021-10-04,Hive,Credential Theft,4515937,Negotiated,Yes,4,1000307,6353194,6.12
RA-104480,"Mueller, Moore and Dawson",Government,Japan,2021-05-28,DarkSide,Credential Theft,930671,Paid,No,23,2315619,2565740,6.7
RA-104481,Smith-Cunningham,Manufacturing,Japan,2023-09-20,BlackCat,Phishing Email,2069185,Unknown,No,17,726440,3883270,5.35
RA-104482,Gomez Ltd,Technology,Australia,2021-01-26,LockBit,Malicious Attachment,4200210,Unknown,Yes,27,1538150,4704467,9.79
RA-104483,Cherry-Torres,Education,Canada,2021-10-17,DarkSide,Credential Theft,3447667,Not Paid,Yes,59,1464660,5155813,13.76
RA-104484,Lee-Archer,Education,India,2026-03-07,BlackCat,RDP Exploit,2831044,Negotiated,Yes,7,4616034,4301313,8.5
RA-104485,Gibson-Robinson,Retail,United States,2023-05-02,BlackCat,Malicious Attachment,1056701,Unknown,No,5,506314,2176862,2.31
RA-104486,"Williamson, Mullins and Wallace",Hospitality,France,2026-03-06,BlackCat,Phishing Email,153155,Unknown,No,26,1140515,1650238,5.19
RA-104487,Brooks-Palmer,Manufacturing,United States,2022-01-12,Hive,RDP Exploit,3550460,Unknown,Yes,34,3319139,4437907,11.97
RA-104488,Adams-Phillips,Retail,United States,2025-04-12,DarkSide,RDP Exploit,3287741,Unknown,Yes,36,1375487,3536209,10.06
RA-104489,Taylor-Williams,Retail,Germany,2021-04-21,Akira,Phishing Email,4412830,Not Paid,Yes,44,3803300,4596384,14.82
RA-104490,Miller and Sons,Technology,United Kingdom,2024-05-19,Ryuk,Phishing Email,1305685,Unknown,Yes,2,436719,2031420,2.04
RA-104491,"Jones, Sanchez and Dixon",Retail,France,2024-07-19,Maze,Drive-by Download,1492059,Unknown,Yes,42,2387038,2534775,10.18
RA-104492,"Lee, Wood and Gomez",Transportation,South Africa,2021-05-10,Maze,RDP Exploit,1943074,Not Paid,Yes,11,3874346,2432088,7.47
RA-104493,Reeves Ltd,Education,Australia,2021-12-21,REvil,Phishing Email,1139005,Paid,No,37,3804450,2555399,10.49
RA-104494,"Glass, Sanders and Harding",Manufacturing,Canada,2024-04-28,Conti,Drive-by Download,2092265,Paid,No,36,2480943,3128407,9.97
RA-104495,Luna Inc,Transportation,United States,2025-06-01,LockBit,Zero-Day Exploit,2616256,Not Paid,No,24,2250474,3579457,8.47
RA-104496,"Smith, Reid and Zavala",Hospitality,France,2025-03-24,Conti,Zero-Day Exploit,3599547,Negotiated,No,14,3353724,4471667,9.05
RA-104497,Day-Jones,Manufacturing,France,2024-07-31,Conti,Credential Theft,3071076,Unknown,No,42,143277,3668577,9.51
RA-104498,Castro-Maldonado,Energy,United States,2021-03-21,Akira,Credential Theft,119177,Paid,Yes,56,4192738,1697169,12.71
RA-104499,Phillips-Bradford,Finance,Germany,2021-08-25,Maze,Credential Theft,3727870,Paid,No,51,1214858,3937078,12.59
RA-104500,"Brock, Howe and Whitaker",Manufacturing,India,2022-01-31,Akira,Zero-Day Exploit,1762227,Negotiated,Yes,16,922773,3462919,5.08
RA-104501,Torres and Sons,Healthcare,South Africa,2021-08-25,Akira,Drive-by Download,414036,Not Paid,Yes,6,2620553,1274862,3.93
RA-104502,Montes-Burgess,Education,India,2022-11-01,LockBit,Drive-by Download,1561863,Not Paid,Yes,1,3647289,1920789,5.36
RA-104503,Stewart-Rodriguez,Government,Germany,2023-03-06,BlackCat,Zero-Day Exploit,2323003,Paid,No,9,3240864,3168944,6.91
RA-104504,Hampton LLC,Healthcare,South Africa,2021-04-18,DarkSide,Phishing Email,4616507,Unknown,Yes,10,1596463,4847554,7.71
RA-104505,Green-Henry,Retail,United States,2024-05-18,Maze,Phishing Email,4887861,Negotiated,Yes,19,2654555,5873268,10.39
RA-104506,"Davis, Jacobs and Short",Manufacturing,India,2024-02-09,DarkSide,RDP Exploit,622424,Negotiated,Yes,39,97530,644335,6.57
RA-104507,Fields-Powell,Manufacturing,South Africa,2025-07-02,DarkSide,Zero-Day Exploit,3504691,Not Paid,No,15,3060277,4768999,8.81
RA-104508,"Flores, Smith and Sanchez",Healthcare,United Kingdom,2022-01-08,Clop,Credential Theft,2217352,Unknown,No,8,2011756,3595030,5.43
RA-104509,Nguyen-Bennett,Technology,United States,2021-07-20,Clop,Malicious Attachment,460689,Not Paid,Yes,26,3474772,1155479,7.84
RA-104510,"Powell, Clayton and Rogers",Finance,Canada,2023-01-21,Akira,Phishing Email,3744232,Negotiated,No,29,3722919,4357264,11.82
RA-104511,Wall and Sons,Education,Brazil,2021-06-25,Akira,Credential Theft,4185678,Unknown,No,22,1607717,4512681,9.09
RA-104512,Gonzalez Inc,Energy,France,2021-12-01,Akira,Drive-by Download,3308141,Paid,No,8,2650132,4423179,7.16
RA-104513,Burns-Hansen,Energy,South Africa,2025-07-29,Maze,Phishing Email,4650930,Paid,Yes,56,2091165,4867779,15.14
RA-104514,"Dunn, Navarro and Lee",Education,Canada,2022-06-13,Hive,Malicious Attachment,1367997,Negotiated,No,47,2207095,1621286,10.63
RA-104515,"Peterson, Alvarez and Anderson",Government,Brazil,2023-05-03,BlackCat,Drive-by Download,3692635,Unknown,No,14,623902,5622172,6.42
RA-104516,Hunt-Schwartz,Technology,India,2021-07-09,Akira,Malicious Attachment,4814728,Negotiated,No,58,4681,6255810,13.52
RA-104517,Mccoy-Dixon,Healthcare,Germany,2024-09-02,REvil,Phishing Email,453830,Paid,Yes,35,2951915,1461206,8.66
RA-104518,Cardenas-Rhodes,Healthcare,India,2023-10-07,BlackCat,RDP Exploit,3388268,Paid,Yes,57,749498,4366117,12.69
RA-104519,Miller LLC,Government,South Africa,2021-08-01,Hive,Drive-by Download,1059636,Paid,No,29,1788695,2185861,7.2
RA-104520,Duncan PLC,Hospitality,India,2021-11-29,Maze,Zero-Day Exploit,253415,Negotiated,Yes,16,2666846,1249346,5.32
RA-104521,Moore Group,Manufacturing,Canada,2021-03-04,Clop,Zero-Day Exploit,538946,Paid,No,37,535503,1945028,6.62
RA-104522,James Ltd,Finance,India,2024-02-07,REvil,RDP Exploit,1251148,Negotiated,Yes,55,2440412,1418687,11.94
RA-104523,"Roth, Bishop and Sims",Energy,Australia,2022-09-13,REvil,Drive-by Download,589827,Unknown,No,54,1024387,1131410,9.71
RA-104524,Navarro Ltd,Education,Germany,2021-10-23,LockBit,Drive-by Download,2309774,Unknown,No,59,4430705,2625654,15.59
RA-104525,"Bradley, Velazquez and Simmons",Transportation,Canada,2021-09-16,Ryuk,Phishing Email,619775,Not Paid,No,51,664764,1516302,8.93
RA-104526,"Hernandez, Austin and Alvarez",Retail,India,2021-07-20,Ryuk,Malicious Attachment,2839846,Not Paid,Yes,40,1248391,3349106,10.09
RA-104527,"Harris, Gardner and Parks",Manufacturing,Germany,2025-09-28,Conti,Phishing Email,4159429,Unknown,No,19,3562641,4708649,10.57
RA-104528,"Patel, Carpenter and Potter",Manufacturing,Canada,2024-04-03,BlackCat,Phishing Email,2642993,Not Paid,No,1,3608444,2723735,6.4
RA-104529,Le PLC,Retail,India,2024-08-30,Conti,Drive-by Download,879309,Paid,Yes,60,1877181,2235388,11.76
RA-104530,Nguyen-Castro,Energy,France,2023-10-14,Ryuk,Credential Theft,4562714,Negotiated,No,39,381890,5912740,10.79
RA-104531,Reed-George,Transportation,Germany,2025-03-12,LockBit,Malicious Attachment,3156943,Paid,No,4,935227,4335954,4.69
RA-104532,Cruz-Salas,Retail,Brazil,2024-07-22,Conti,RDP Exploit,2339633,Negotiated,Yes,41,2378107,3373994,10.87
RA-104533,Cooley LLC,Hospitality,Brazil,2023-01-31,LockBit,Phishing Email,3937558,Unknown,No,16,3624138,5539414,9.96
RA-104534,"Ellis, Marshall and Thompson",Energy,Australia,2021-11-16,LockBit,Malicious Attachment,3048488,Paid,Yes,54,2025275,3218926,13.17
RA-104535,Dawson-Price,Manufacturing,Japan,2023-08-29,Ryuk,Credential Theft,160535,Unknown,No,6,969616,1257571,2.03
RA-104536,Myers-James,Hospitality,United States,2024-08-12,Maze,Drive-by Download,154732,Negotiated,Yes,48,3007155,519469,10.36
RA-104537,Hoffman Inc,Transportation,South Africa,2024-05-11,Hive,Malicious Attachment,2941857,Unknown,Yes,31,4785946,3273059,12.38
RA-104538,Murphy-Schultz,Government,Japan,2023-03-11,Akira,Drive-by Download,3345515,Not Paid,No,33,416403,4187514,8.71
RA-104539,"Trevino, Bennett and Bell",Hospitality,Australia,2021-06-07,REvil,Phishing Email,3578721,Unknown,Yes,41,795753,3778272,10.52
RA-104540,Newton-Garcia,Transportation,United States,2025-02-23,Ryuk,Credential Theft,4098370,Not Paid,Yes,33,217614,5179013,9.27
RA-104541,"Chen, Sparks and Haynes",Hospitality,Australia,2025-04-10,Akira,RDP Exploit,1034602,Not Paid,Yes,10,987858,2010025,3.52
RA-104542,"Jacobs, Walker and Bullock",Technology,Brazil,2022-03-06,DarkSide,RDP Exploit,2030150,Negotiated,Yes,6,1555154,2730791,4.49
RA-104543,"Martin, Harrington and Miller",Technology,South Africa,2025-08-16,Ryuk,RDP Exploit,1801752,Unknown,Yes,34,2886066,3789103,9.79
RA-104544,"Villa, Owens and Walker",Education,Brazil,2022-06-19,DarkSide,RDP Exploit,776155,Not Paid,Yes,13,2342773,2445332,5.07
RA-104545,Goodman Group,Retail,United Kingdom,2022-10-09,BlackCat,Drive-by Download,4131337,Negotiated,Yes,15,4111144,5951006,10.49
RA-104546,"Villa, Mcdowell and Fields",Hospitality,Germany,2021-01-25,DarkSide,Malicious Attachment,2124219,Paid,No,12,291068,3055470,4.22
RA-104547,French-Underwood,Hospitality,Canada,2024-08-23,Clop,Malicious Attachment,4267964,Paid,No,30,549600,5573193,9.32
RA-104548,Smith Inc,Healthcare,Japan,2024-03-06,Maze,Malicious Attachment,1145360,Unknown,No,43,2768402,1629788,10.36
RA-104549,Bradshaw PLC,Education,Brazil,2024-05-29,Conti,Zero-Day Exploit,1881845,Negotiated,No,26,2477955,3299885,8.26
RA-104550,"Sims, Davis and Davis",Finance,United Kingdom,2021-11-02,Akira,RDP Exploit,1871691,Paid,Yes,34,835143,2767266,7.81
RA-104551,Clark-Thompson,Government,United States,2022-10-19,BlackCat,Phishing Email,874636,Unknown,No,7,617939,1386651,2.54
RA-104552,Robertson-Mason,Retail,India,2022-01-20,Akira,Malicious Attachment,3133579,Negotiated,Yes,49,372145,3517123,10.86
RA-104553,Price Group,Government,United Kingdom,2021-12-16,LockBit,Credential Theft,1776080,Unknown,Yes,9,1057920,2166419,4.18
RA-104554,"Miller, Cardenas and Lewis",Hospitality,Canada,2023-12-09,Conti,Credential Theft,2704069,Paid,Yes,57,3980593,2838292,15.23
RA-104555,Stokes Ltd,Energy,France,2023-09-11,Conti,Zero-Day Exploit,105138,Not Paid,Yes,34,2963444,1293437,8.17
RA-104556,"Williams, Hernandez and Pratt",Education,India,2022-04-07,LockBit,Credential Theft,941222,Paid,Yes,28,4646492,1340880,9.79
RA-104557,"Donovan, Kirk and Morris",Government,South Africa,2023-07-04,DarkSide,Credential Theft,572122,Negotiated,No,24,895243,1891992,5.07
RA-104558,"Carter, Brown and Ramirez",Healthcare,Germany,2025-01-03,DarkSide,Drive-by Download,4572299,Negotiated,No,36,2066653,5715415,12.04
RA-104559,Woodard-Smith,Government,Germany,2025-12-24,DarkSide,Phishing Email,1945367,Negotiated,No,35,1034425,2156102,8.23
RA-104560,"Weaver, Singh and Smith",Retail,United States,2023-03-22,DarkSide,Zero-Day Exploit,1423097,Paid,Yes,20,3072388,2089840,7.5
RA-104561,"Chapman, Hunter and Moore",Transportation,France,2022-10-20,Clop,RDP Exploit,1956507,Negotiated,Yes,59,2987089,2641600,13.79
RA-104562,Edwards and Sons,Transportation,United Kingdom,2024-09-28,Akira,Drive-by Download,1047862,Not Paid,No,50,4288137,1115394,12.84
RA-104563,"Holmes, Campbell and Fletcher",Energy,Brazil,2021-04-29,Akira,Credential Theft,1148211,Not Paid,No,47,4487521,1746110,12.69
RA-104564,Gay Ltd,Energy,South Africa,2023-11-22,Maze,Zero-Day Exploit,4084612,Negotiated,Yes,48,2970562,4554269,14.26
RA-104565,"Martinez, Tyler and Stone",Healthcare,India,2022-10-20,Ryuk,Zero-Day Exploit,1975132,Unknown,Yes,14,279614,2920982,4.35
RA-104566,Lopez LLC,Finance,Japan,2024-08-13,BlackCat,Drive-by Download,3373774,Unknown,Yes,14,1954041,3573798,7.43
RA-104567,"Powers, Barker and Schmidt",Government,United States,2021-08-02,Akira,RDP Exploit,4956649,Unknown,Yes,22,2826720,6526014,11.08
RA-104568,Mcdaniel LLC,Healthcare,Germany,2025-01-27,DarkSide,Zero-Day Exploit,962047,Paid,No,54,1596560,1508149,10.66
RA-104569,Jimenez Inc,Government,United States,2021-01-18,Ryuk,Phishing Email,1807790,Not Paid,Yes,32,4800367,3141144,11.41
RA-104570,"Hutchinson, Holmes and Kim",Education,United States,2026-01-10,DarkSide,RDP Exploit,127202,Paid,No,19,3112849,1222184,6.09
RA-104571,Guerra Group,Retail,India,2022-01-09,Hive,Malicious Attachment,2272451,Unknown,Yes,29,2504676,2548744,9.13
RA-104572,Lynch-Shepherd,Technology,Australia,2021-10-29,Clop,Credential Theft,3026456,Paid,No,57,2695092,3163585,14.27
RA-104573,"Black, Gomez and Gibson",Finance,United Kingdom,2025-01-07,LockBit,Zero-Day Exploit,1840790,Not Paid,Yes,25,3700795,3159982,9.29
RA-104574,Hensley PLC,Hospitality,United States,2024-06-26,Conti,Malicious Attachment,2903965,Negotiated,Yes,31,4603206,4618328,12.16
RA-104575,"Ware, Callahan and Sherman",Technology,France,2026-02-28,REvil,Malicious Attachment,4510601,Negotiated,No,7,4767934,5788309,10.33
RA-104576,Tyler-Henry,Finance,Brazil,2022-10-31,REvil,Malicious Attachment,3752176,Not Paid,Yes,48,4518450,5397515,15.47
RA-104577,Brown-Martin,Finance,Australia,2022-10-07,Maze,Zero-Day Exploit,2188554,Unknown,No,4,3033109,4094765,5.82
RA-104578,"Elliott, Rhodes and Campbell",Finance,India,2021-01-20,DarkSide,Malicious Attachment,4735978,Not Paid,Yes,51,1462145,4847696,13.85
RA-104579,Cuevas-Jackson,Retail,South Africa,2026-03-09,REvil,Phishing Email,206634,Negotiated,Yes,5,1879792,2071069,2.84
RA-104580,Patterson Group,Retail,Canada,2023-03-05,Ryuk,Malicious Attachment,4021088,Negotiated,No,2,4789249,4182420,9.11
RA-104581,"Sampson, Walton and Walsh",Retail,United States,2021-01-12,LockBit,Malicious Attachment,416241,Unknown,No,1,337324,2291573,0.9
RA-104582,"Smith, Smith and Mathis",Transportation,Germany,2025-10-06,REvil,Drive-by Download,3014707,Unknown,No,17,3875318,3832202,9.44
RA-104583,Roth-Allen,Transportation,Japan,2021-12-15,Akira,RDP Exploit,3035649,Negotiated,No,27,158868,3637159,7.24
RA-104584,"Warner, Castro and Davidson",Healthcare,South Africa,2023-05-21,Conti,Credential Theft,1133698,Paid,No,21,3720306,2028804,8.0
RA-104585,"Waters, Mcdonald and Johnson",Transportation,South Africa,2024-05-18,Clop,Drive-by Download,2784998,Paid,No,48,663805,2982015,10.65
RA-104586,Ramos LLC,Transportation,South Africa,2022-12-24,Maze,Credential Theft,1488800,Negotiated,Yes,44,3127923,1624373,11.22
RA-104587,Harris LLC,Healthcare,Brazil,2022-09-24,BlackCat,Zero-Day Exploit,2020485,Negotiated,Yes,7,2837113,4001982,5.91
RA-104588,Long-Ballard,Energy,India,2024-07-18,Conti,Phishing Email,3635905,Paid,Yes,44,2302963,4654692,12.54
RA-104589,Gonzalez-Russell,Hospitality,Brazil,2025-05-11,Ryuk,Zero-Day Exploit,1316221,Paid,Yes,45,2076321,1581317,10.14
RA-104590,Sweeney-Guerrero,Transportation,Canada,2023-01-12,REvil,Malicious Attachment,2582728,Unknown,No,25,835942,3459470,7.17
RA-104591,House-Allen,Education,Canada,2022-08-03,REvil,Phishing Email,3070815,Not Paid,Yes,49,4236986,4353658,14.66
RA-104592,"Dudley, Hinton and Campbell",Government,Brazil,2023-11-08,Clop,Malicious Attachment,569641,Negotiated,No,56,738450,2375172,9.71
RA-104593,"Garcia, Jenkins and Richards",Manufacturing,Japan,2024-12-29,BlackCat,Drive-by Download,1323008,Negotiated,No,50,4851034,2292577,13.67
RA-104594,Gillespie-Jordan,Healthcare,Japan,2023-12-22,REvil,Zero-Day Exploit,4830582,Negotiated,No,20,167999,6705097,8.0
RA-104595,Carter-Martin,Retail,France,2026-01-12,Hive,Zero-Day Exploit,3403872,Paid,No,16,4865823,3738232,10.67
RA-104596,"Hess, Ramsey and Martin",Energy,India,2025-03-20,REvil,Credential Theft,2051022,Unknown,Yes,31,3332870,3457891,10.03
RA-104597,"Horton, Fischer and Hernandez",Retail,United Kingdom,2023-07-17,Maze,Phishing Email,4460448,Paid,No,3,2698119,4991027,7.61
RA-104598,Aguilar-Lopez,Energy,Canada,2021-09-09,DarkSide,Zero-Day Exploit,3557193,Unknown,No,9,4515090,4766029,9.42
RA-104599,"Harrison, Herring and Frey",Hospitality,South Africa,2023-05-21,Akira,Phishing Email,3362773,Not Paid,No,49,481369,4824153,11.19
RA-104600,"Davidson, Small and Lee",Manufacturing,Japan,2021-12-02,Akira,RDP Exploit,3197267,Paid,No,54,2123410,3471884,13.42
RA-104601,Reed PLC,Manufacturing,India,2023-06-11,DarkSide,Malicious Attachment,4865114,Paid,Yes,32,130085,5988591,9.8
RA-104602,"Brock, Douglas and Gray",Government,Japan,2024-07-10,Ryuk,Zero-Day Exploit,3148781,Paid,No,55,3658130,4697375,15.06
RA-104603,"Davis, Harper and Pacheco",Energy,South Africa,2025-10-19,REvil,Phishing Email,2332609,Negotiated,No,51,3735822,3343932,13.72
RA-104604,"Walsh, Bonilla and Young",Manufacturing,United States,2025-09-29,BlackCat,Malicious Attachment,3931458,Negotiated,No,60,464871,4224089,13.4
RA-104605,Watson-Burton,Energy,Australia,2022-06-09,Clop,Malicious Attachment,2372049,Unknown,Yes,3,4515077,3054624,7.34
RA-104606,Vargas-Martin,Transportation,Canada,2023-10-02,Maze,Malicious Attachment,2172084,Negotiated,No,59,2240835,4140389,13.26
RA-104607,Ward-Harrison,Manufacturing,Canada,2023-03-11,Clop,Phishing Email,3444333,Negotiated,Yes,14,2030359,5190933,7.57
RA-104608,"Gibbs, Armstrong and Poole",Energy,United Kingdom,2024-03-03,DarkSide,Drive-by Download,2869384,Unknown,Yes,14,82848,4317664,5.05
RA-104609,Cuevas Inc,Manufacturing,France,2023-12-18,Hive,Zero-Day Exploit,1203818,Paid,No,31,3263884,2412937,9.12
RA-104610,Bryan-Miller,Technology,United States,2025-09-20,Conti,Zero-Day Exploit,1326969,Unknown,Yes,48,3576826,3050146,12.1
RA-104611,Young Group,Retail,Canada,2025-06-02,Hive,RDP Exploit,1577029,Negotiated,Yes,50,3898150,2499665,12.98
RA-104612,Hodges LLC,Hospitality,India,2024-11-18,BlackCat,Zero-Day Exploit,3027908,Negotiated,Yes,3,475171,4048622,3.95
RA-104613,Jackson Inc,Transportation,Canada,2023-09-07,Clop,Malicious Attachment,4163488,Unknown,Yes,56,3917868,5601151,16.48
RA-104614,"Yang, Acosta and Walker",Finance,India,2023-05-11,Conti,Drive-by Download,2420303,Unknown,No,37,542252,3660112,8.51
RA-104615,"Cohen, Simmons and Henderson",Hospitality,United Kingdom,2021-02-14,Maze,Phishing Email,3953821,Paid,No,52,1456361,4683369,13.21
RA-104616,Reed PLC,Energy,France,2024-05-26,LockBit,Zero-Day Exploit,625402,Not Paid,Yes,23,3582805,1921059,7.66
RA-104617,Sanders LLC,Transportation,South Africa,2021-04-20,Conti,RDP Exploit,4016842,Negotiated,Yes,43,386655,4071164,10.85
RA-104618,"Patel, Cook and Gonzalez",Government,United Kingdom,2021-10-17,Ryuk,Credential Theft,1754027,Not Paid,No,50,4029359,2392442,13.28
RA-104619,Nolan-Pacheco,Finance,India,2024-06-30,Akira,Drive-by Download,2365610,Negotiated,Yes,7,4632295,2383538,8.05
RA-104620,"Giles, Mckinney and Fleming",Retail,United States,2021-08-30,Conti,Phishing Email,1469183,Paid,Yes,37,2521105,2361098,9.54
RA-104621,Woodard LLC,Technology,Australia,2024-02-08,Akira,Malicious Attachment,3881774,Paid,Yes,39,792252,4443676,10.52
RA-104622,"Moore, Spencer and Walker",Government,Japan,2024-08-31,LockBit,Malicious Attachment,1222062,Unknown,No,2,1581904,2965147,3.1
RA-104623,Johnson and Sons,Education,Germany,2024-10-24,Akira,Malicious Attachment,3634862,Not Paid,Yes,42,4862677,4177135,14.8
RA-104624,"Bryan, Freeman and Rodriguez",Education,France,2025-01-16,Hive,Malicious Attachment,4045550,Unknown,Yes,23,2407564,5914916,9.9
RA-104625,"Ramirez, Johnson and Jackson",Transportation,Australia,2023-08-29,LockBit,Drive-by Download,4026002,Not Paid,Yes,16,2571133,5352611,9.0
RA-104626,Marks LLC,Education,South Africa,2025-07-30,DarkSide,Credential Theft,1509166,Not Paid,Yes,56,3762834,2515099,13.67
RA-104627,James-Rodgers,Manufacturing,Australia,2023-04-02,Conti,RDP Exploit,1333617,Unknown,No,23,390866,3333373,5.17
RA-104628,Morgan and Sons,Transportation,Germany,2024-06-18,DarkSide,RDP Exploit,1227135,Unknown,No,18,2560576,2653915,6.49
RA-104629,"Mahoney, Harris and Smith",Transportation,France,2025-04-11,Akira,Malicious Attachment,4093743,Paid,Yes,38,2018335,5642636,11.81
RA-104630,Brown-Kaiser,Transportation,Brazil,2025-10-18,DarkSide,Malicious Attachment,4422169,Unknown,No,28,3711583,4779754,12.33
RA-104631,Howard-Craig,Energy,India,2026-02-26,Clop,Credential Theft,705155,Unknown,No,4,2471082,752928,3.78
RA-104632,Galvan LLC,Manufacturing,Brazil,2022-10-05,Conti,Phishing Email,1537103,Paid,Yes,54,2363158,1757514,12.0
RA-104633,Evans Ltd,Healthcare,Brazil,2021-02-07,BlackCat,Credential Theft,2401298,Paid,Yes,2,2213623,2573812,4.91
RA-104634,Lawrence and Sons,Healthcare,United Kingdom,2024-05-03,Ryuk,Malicious Attachment,2352386,Unknown,Yes,16,2084617,3319507,6.84
RA-104635,Smith-Leonard,Healthcare,South Africa,2022-08-20,Akira,RDP Exploit,3324017,Negotiated,Yes,15,2999904,4000597,8.57
RA-104636,"Dougherty, Parker and Gonzalez",Finance,Australia,2026-01-23,Hive,Malicious Attachment,534322,Negotiated,No,43,666659,607971,7.65
RA-104637,"Turner, Wiggins and Miller",Government,Brazil,2023-06-27,LockBit,Drive-by Download,1894517,Paid,Yes,57,768736,3608688,11.21
RA-104638,Graham Inc,Finance,Brazil,2024-09-22,Maze,Zero-Day Exploit,3873602,Paid,No,18,4758347,4283231,11.33
RA-104639,Wells-Adams,Energy,Germany,2022-04-23,DarkSide,RDP Exploit,62141,Not Paid,No,12,869611,1551982,2.73
RA-104640,Collins-Kirby,Retail,Japan,2025-07-20,Clop,Zero-Day Exploit,376523,Not Paid,Yes,6,47850,591428,1.32
RA-104641,Newton-Young,Education,Canada,2025-08-21,LockBit,Phishing Email,4632186,Unknown,Yes,40,1326030,6570180,11.96
RA-104642,"Sharp, Dean and Leach",Hospitality,India,2022-03-04,Ryuk,Phishing Email,4402460,Not Paid,No,25,2807258,4978531,10.96
RA-104643,"Jarvis, Mckay and Stevens",Transportation,United States,2025-10-18,REvil,Zero-Day Exploit,718102,Paid,Yes,18,2093487,1444051,5.51
RA-104644,Peterson Ltd,Healthcare,Canada,2025-08-27,Maze,Phishing Email,4678398,Paid,No,46,259630,6337128,11.84
RA-104645,Davidson-Collins,Finance,Japan,2025-03-09,Maze,Credential Theft,2038594,Unknown,Yes,60,587746,3532814,11.63
RA-104646,"Perez, Kramer and Maxwell",Government,Canada,2025-08-28,DarkSide,Zero-Day Exploit,1272537,Unknown,No,31,3407842,2541720,9.33
RA-104647,Santiago-Jacobson,Manufacturing,India,2021-04-12,Clop,Malicious Attachment,2750881,Unknown,No,17,4214746,4528108,9.52
RA-104648,"Ashley, Marks and Henry",Technology,Canada,2021-01-17,LockBit,Zero-Day Exploit,2298150,Negotiated,No,11,1505539,2957460,5.45
RA-104649,Potts PLC,Retail,South Africa,2025-03-31,Hive,RDP Exploit,924636,Unknown,No,50,4127517,1642444,12.55
RA-104650,"Gonzalez, Morgan and Smith",Finance,India,2021-08-12,LockBit,Malicious Attachment,976475,Paid,Yes,20,4712458,2156843,8.69
RA-104651,Bird and Sons,Energy,United States,2024-03-08,Hive,RDP Exploit,4192728,Unknown,No,43,2771015,4945373,13.41
RA-104652,Massey-Williams,Healthcare,Canada,2025-02-20,REvil,Drive-by Download,4605329,Negotiated,Yes,25,2735617,6476730,11.09
RA-104653,"Hall, Freeman and Crawford",Education,Japan,2026-01-22,REvil,RDP Exploit,2513181,Unknown,No,58,2340463,4088913,13.55
RA-104654,Herring-Davidson,Manufacturing,United States,2025-06-08,BlackCat,Malicious Attachment,162557,Paid,Yes,34,4520035,299613,9.78
RA-104655,"Hayes, Christian and Edwards",Education,India,2023-06-17,Hive,Malicious Attachment,4298271,Unknown,Yes,43,3481799,5924982,14.23
RA-104656,Robinson LLC,Hospitality,France,2022-08-24,BlackCat,Malicious Attachment,1204399,Not Paid,Yes,17,526639,2076287,4.28
RA-104657,"Brown, Moreno and Harrison",Energy,United States,2023-07-01,LockBit,Zero-Day Exploit,3210721,Paid,No,43,4521335,3385549,14.18
RA-104658,Schultz Ltd,Education,Germany,2022-03-27,Akira,Drive-by Download,3578008,Unknown,No,24,4838493,4578718,12.02
RA-104659,Price-Mitchell,Retail,South Africa,2023-04-22,DarkSide,Phishing Email,883895,Negotiated,Yes,44,397481,1550070,7.88
RA-104660,"Dawson, Oliver and Johnson",Energy,Australia,2021-03-01,BlackCat,Drive-by Download,4151606,Paid,Yes,28,116722,4330065,8.47
RA-104661,Franklin LLC,Retail,United Kingdom,2026-01-16,Hive,Malicious Attachment,3769619,Negotiated,No,59,3970026,4940596,16.59
RA-104662,Rowland Inc,Technology,Brazil,2023-07-25,DarkSide,Phishing Email,3669151,Unknown,No,7,4441650,4990147,9.16
RA-104663,Harvey-Williams,Education,United Kingdom,2023-09-27,Hive,RDP Exploit,1105811,Negotiated,Yes,45,774701,2382726,8.63
RA-104664,Simon-Simmons,Education,South Africa,2022-06-15,Maze,RDP Exploit,1727195,Unknown,Yes,1,4965065,3405585,6.84
RA-104665,"Johnson, Lewis and Gonzales",Government,Germany,2025-03-07,Ryuk,Zero-Day Exploit,3054625,Negotiated,Yes,40,4070896,4186048,13.13
RA-104666,"Mccarthy, Navarro and Hogan",Education,United States,2026-01-08,Maze,Credential Theft,4399602,Negotiated,No,44,4833891,4624052,15.83
RA-104667,Carroll-Sims,Transportation,France,2024-11-10,LockBit,Phishing Email,3908422,Not Paid,Yes,41,3280718,5157623,13.34
RA-104668,Bender-Cox,Transportation,Germany,2022-12-02,Ryuk,Phishing Email,3402425,Paid,Yes,52,1082670,3539990,12.29
RA-104669,Campbell Inc,Finance,India,2021-11-01,Clop,Drive-by Download,3005405,Paid,No,32,322934,4676615,8.13
RA-104670,Perez Inc,Manufacturing,Australia,2025-01-11,Akira,Malicious Attachment,2026300,Paid,No,30,522447,2511273,7.05
RA-104671,Jackson-Gonzalez,Finance,India,2021-09-10,Ryuk,RDP Exploit,3288511,Unknown,No,29,3177577,4878247,10.82
RA-104672,"Mullins, Curtis and Kim",Healthcare,United Kingdom,2024-01-15,Maze,RDP Exploit,3331649,Unknown,No,60,1617946,4150647,13.95
RA-104673,Stout-Adams,Education,United Kingdom,2022-01-21,Maze,Malicious Attachment,1215420,Negotiated,Yes,52,508560,2523199,9.52
RA-104674,"Navarro, Stone and Gentry",Hospitality,Canada,2025-07-07,LockBit,Credential Theft,4615209,Unknown,No,59,164684,5437247,13.63
RA-104675,"Reid, Cervantes and Allen",Finance,France,2025-08-06,Conti,Drive-by Download,1718828,Negotiated,Yes,53,4688037,2773246,14.36
RA-104676,Moore-Chase,Technology,Australia,2025-03-26,Hive,Malicious Attachment,474149,Negotiated,Yes,4,37562,1400641,1.11
RA-104677,Miller-Dean,Healthcare,Canada,2025-10-11,Ryuk,Phishing Email,4732528,Not Paid,No,15,229280,6328955,7.21
RA-104678,"Barton, Myers and Carpenter",Energy,United States,2025-09-10,Ryuk,Malicious Attachment,3478628,Not Paid,No,1,4476949,4766255,8.11
RA-104679,Patton LLC,Hospitality,United States,2023-02-03,Maze,Drive-by Download,49583,Not Paid,Yes,19,2371166,1039956,5.27
RA-104680,Barton-Adams,Transportation,Japan,2022-06-23,LockBit,RDP Exploit,3946722,Unknown,No,1,1061160,4981334,5.16
RA-104681,"Baker, Washington and Weaver",Healthcare,Australia,2022-06-23,LockBit,Phishing Email,3094762,Negotiated,No,8,1577768,3113953,5.87
RA-104682,"Bridges, Campbell and Black",Transportation,France,2022-11-04,LockBit,Credential Theft,2511367,Negotiated,Yes,31,1759618,4414892,8.92
RA-104683,"Gonzalez, Carroll and Kline",Transportation,United Kingdom,2023-09-20,Hive,Malicious Attachment,2584135,Paid,No,2,3211334,2929497,6.1
RA-104684,"Brown, Douglas and Lewis",Healthcare,Australia,2021-12-02,Clop,Credential Theft,2894660,Negotiated,Yes,21,1876595,3290083,7.92
RA-104685,Castillo-Gutierrez,Government,Australia,2022-10-17,Clop,Malicious Attachment,3107057,Unknown,Yes,58,470583,3362562,12.28
RA-104686,Adams PLC,Manufacturing,United States,2021-07-08,Maze,Phishing Email,3676811,Not Paid,Yes,36,4279504,4680826,13.36
RA-104687,Becker Group,Transportation,United States,2025-12-02,Maze,Drive-by Download,4455981,Paid,No,41,2241814,4650096,12.85
RA-104688,Porter-Stephens,Retail,United States,2021-07-28,REvil,Drive-by Download,1071825,Negotiated,Yes,2,27290,2114910,1.4
RA-104689,Miller-Rodriguez,Education,Brazil,2022-11-10,Ryuk,Drive-by Download,3593819,Not Paid,No,38,1785539,4057368,11.08
RA-104690,Miranda-Grant,Energy,Germany,2024-02-25,Hive,Zero-Day Exploit,4801144,Not Paid,Yes,58,4898339,5367368,18.4
RA-104691,Thomas Inc,Government,Japan,2024-03-07,LockBit,Zero-Day Exploit,1270452,Paid,No,44,3100802,1654096,10.97
RA-104692,"Griffith, Fitzgerald and Mitchell",Finance,United Kingdom,2023-04-26,REvil,Phishing Email,1671773,Not Paid,No,27,380664,2602292,6.1
RA-104693,Clark Inc,Manufacturing,France,2022-02-25,BlackCat,Credential Theft,2497064,Not Paid,No,40,726121,2794171,9.22
RA-104694,Compton Group,Retail,Germany,2023-03-09,Ryuk,Malicious Attachment,4858669,Not Paid,Yes,19,1591361,5771868,9.3
RA-104695,Johnson-Roth,Hospitality,Canada,2024-09-09,Maze,Zero-Day Exploit,2573872,Paid,No,58,2643495,4037164,13.92
RA-104696,Evans-Clark,Retail,India,2021-03-06,Conti,Drive-by Download,4560429,Paid,No,38,2681221,4798731,12.94
RA-104697,Phillips-Kim,Technology,Germany,2024-06-18,Conti,Drive-by Download,4623695,Paid,Yes,38,4017598,6473752,14.34
RA-104698,Smith Group,Government,Germany,2022-02-11,Conti,Drive-by Download,70723,Not Paid,Yes,18,1305824,1780359,4.08
RA-104699,Hernandez Ltd,Education,Australia,2024-09-16,LockBit,Credential Theft,4786484,Not Paid,No,25,34219,6408179,8.57
RA-104700,"Harris, Lee and Thomas",Retail,Germany,2021-02-03,Hive,Zero-Day Exploit,2173502,Unknown,No,1,203530,3815531,2.53
RA-104701,Costa-Jensen,Energy,United Kingdom,2023-11-21,Ryuk,Phishing Email,2548530,Not Paid,No,30,336521,4260957,7.39
RA-104702,Hall PLC,Technology,India,2022-10-07,Conti,Zero-Day Exploit,4003278,Paid,No,47,4246744,5284099,15.3
RA-104703,Mcdonald-Daniels,Transportation,France,2022-02-25,Clop,RDP Exploit,4077931,Not Paid,Yes,13,4445355,4209322,10.47
RA-104704,Williams-Franklin,Hospitality,France,2024-03-01,Clop,Malicious Attachment,3867065,Unknown,No,2,783324,5153613,4.95
RA-104705,Thomas-Hernandez,Technology,United Kingdom,2021-04-14,BlackCat,Phishing Email,3920068,Unknown,Yes,24,832884,5028216,8.35
RA-104706,Roberts LLC,Finance,India,2023-04-07,Hive,Credential Theft,3867066,Unknown,Yes,34,1458601,4937147,10.43
RA-104707,Martinez LLC,Transportation,France,2021-01-29,BlackCat,RDP Exploit,3179262,Unknown,Yes,50,3346713,4979221,14.03
RA-104708,Cole Inc,Retail,India,2022-10-01,Maze,Credential Theft,1375954,Paid,No,24,1441751,2527430,6.42
RA-104709,"Gutierrez, Valdez and Frazier",Education,United Kingdom,2024-01-24,REvil,Phishing Email,634804,Unknown,No,44,3771507,1896348,11.01
RA-104710,Vazquez-Winters,Healthcare,France,2021-01-18,Conti,Malicious Attachment,1824856,Paid,No,8,346445,3004248,3.37
RA-104711,Jensen-Meyer,Transportation,Japan,2025-12-18,LockBit,Malicious Attachment,2173274,Not Paid,Yes,17,4451997,3139688,9.18
RA-104712,"Jones, Conley and Martinez",Technology,Brazil,2022-06-07,Clop,Zero-Day Exploit,3498664,Paid,Yes,58,2670356,4639419,14.87
RA-104713,"Aguirre, Patterson and Mccoy",Healthcare,India,2021-07-24,Ryuk,Drive-by Download,1821564,Unknown,No,5,4230930,3273865,6.8
RA-104714,"Thompson, Palmer and Jackson",Retail,Germany,2021-04-25,LockBit,Credential Theft,2690834,Unknown,Yes,60,4848391,3700200,16.54
RA-104715,"Chandler, Landry and Olson",Manufacturing,Germany,2025-09-21,DarkSide,Phishing Email,1780426,Not Paid,No,29,4396049,2153187,10.53
RA-104716,Jackson-Smith,Retail,South Africa,2025-02-14,Maze,Malicious Attachment,4416439,Unknown,Yes,34,4164973,4474934,13.68
RA-104717,Harris-Hatfield,Education,South Africa,2022-04-27,DarkSide,Drive-by Download,3692706,Negotiated,No,13,652957,4297679,6.3
RA-104718,Peterson and Sons,Retail,Canada,2021-10-09,Conti,RDP Exploit,2270767,Paid,No,31,4984614,3543858,11.91
RA-104719,Brown-Tucker,Healthcare,Australia,2024-01-21,Akira,Zero-Day Exploit,1339207,Unknown,No,29,1896192,2864214,7.59
RA-104720,"Johnson, Vang and Murray",Healthcare,Brazil,2021-10-04,Hive,Malicious Attachment,273654,Unknown,No,34,2591406,2013622,7.97
RA-104721,Rivera PLC,Energy,Brazil,2026-01-11,REvil,Zero-Day Exploit,118688,Unknown,Yes,49,964202,825053,8.43
RA-104722,Fleming PLC,Technology,Australia,2021-08-28,Clop,Malicious Attachment,4080009,Negotiated,No,33,2656029,5856858,11.69
RA-104723,"Burch, Grimes and Moore",Technology,India,2021-11-03,DarkSide,RDP Exploit,2211722,Not Paid,Yes,22,4716314,3874798,10.23
RA-104724,Barr-Conrad,Hospitality,Canada,2023-08-07,LockBit,Zero-Day Exploit,1364098,Paid,Yes,9,3523512,2364329,6.24
RA-104725,Marsh-Olson,Education,Brazil,2022-10-06,Conti,Credential Theft,2184228,Unknown,Yes,7,1909889,3277960,5.14
RA-104726,White LLC,Transportation,Japan,2022-04-30,Hive,Zero-Day Exploit,1137114,Not Paid,Yes,52,1702053,2896801,10.64
RA-104727,"Jones, Smith and Mitchell",Technology,United Kingdom,2023-01-04,Akira,Zero-Day Exploit,2126347,Unknown,Yes,28,4202734,3687485,10.53
RA-104728,Richardson Group,Energy,Canada,2021-05-04,Hive,Phishing Email,1906323,Negotiated,Yes,24,3367657,2698404,8.87
RA-104729,"Gonzales, Norris and Levine",Hospitality,United Kingdom,2023-10-02,Ryuk,RDP Exploit,669395,Unknown,Yes,46,2562035,2425133,10.13
RA-104730,"Myers, Callahan and Anthony",Healthcare,South Africa,2024-07-07,Clop,Zero-Day Exploit,3072147,Unknown,No,1,3345382,3148112,6.57
RA-104731,Hill LLC,Technology,South Africa,2025-10-18,REvil,Credential Theft,3279585,Paid,Yes,41,305240,4517407,9.73
RA-104732,"Lam, Wagner and Fisher",Technology,Australia,2021-01-14,Akira,Malicious Attachment,398901,Negotiated,No,39,892477,1310025,7.14
RA-104733,"Williamson, Heath and Hernandez",Energy,France,2022-09-29,REvil,Zero-Day Exploit,2090560,Not Paid,No,3,458778,2302067,3.0
RA-104734,"Russell, Mullen and Davis",Healthcare,Australia,2025-01-29,Clop,Drive-by Download,2505776,Not Paid,No,56,1310995,4202713,12.22
RA-104735,Harper-Brown,Energy,Germany,2024-09-24,LockBit,Zero-Day Exploit,4618089,Not Paid,Yes,37,4248483,6586693,14.42
RA-104736,Rogers-Armstrong,Technology,Japan,2021-08-12,BlackCat,Phishing Email,3458306,Unknown,Yes,26,3133382,5189981,10.49
RA-104737,Morrison Inc,Finance,South Africa,2024-07-08,DarkSide,Phishing Email,4469536,Not Paid,No,44,3389234,6054512,14.46
RA-104738,"Martinez, Bryant and Young",Technology,Canada,2021-01-02,Clop,RDP Exploit,1236642,Unknown,No,23,281328,1293716,4.97
RA-104739,"Matthews, Barnett and Goodman",Hospitality,Canada,2026-02-03,Ryuk,Malicious Attachment,2162844,Not Paid,No,16,2601503,3917776,7.16
RA-104740,"Howard, Thompson and Morgan",Retail,Brazil,2024-10-11,DarkSide,Drive-by Download,2992452,Negotiated,Yes,4,2683454,3406077,6.28
RA-104741,"Hunt, Hurley and Valencia",Manufacturing,Japan,2021-06-17,Maze,RDP Exploit,3454815,Unknown,No,1,1316795,4530893,4.92
RA-104742,Rogers-Knapp,Education,United States,2023-01-06,REvil,Drive-by Download,4710505,Paid,No,32,2654486,5902837,12.16
RA-104743,Martinez Inc,Education,Germany,2025-12-11,LockBit,Phishing Email,2715758,Unknown,No,11,4441175,4272942,8.81
RA-104744,"Mahoney, Haynes and Clements",Education,Japan,2025-02-01,DarkSide,Zero-Day Exploit,1942700,Negotiated,No,2,2064517,3267988,4.31
RA-104745,Trujillo-Young,Education,Japan,2024-08-10,REvil,Malicious Attachment,2414764,Unknown,No,15,1911874,4051537,6.58
RA-104746,"Long, Jones and Mccormick",Healthcare,Canada,2026-02-25,DarkSide,Zero-Day Exploit,4189961,Not Paid,No,45,2368785,6041585,13.31
RA-104747,Alexander-Mooney,Hospitality,Brazil,2024-07-27,Clop,Drive-by Download,3304612,Not Paid,No,47,2298139,5230383,12.65
RA-104748,Evans-Allen,Energy,South Africa,2021-07-30,LockBit,Phishing Email,4727118,Unknown,No,51,85433,5597101,12.46
RA-104749,Lutz-Perkins,Hospitality,Japan,2022-08-21,Conti,Phishing Email,1462448,Unknown,No,40,4260355,1818569,11.72
RA-104750,Lewis Ltd,Technology,Australia,2021-09-26,Hive,Malicious Attachment,1020875,Unknown,Yes,9,4217581,1296473,6.59
RA-104751,"Brennan, Sims and Robertson",Finance,United States,2026-02-27,Maze,Drive-by Download,1514399,Negotiated,No,19,4326256,2766205,8.69
RA-104752,Kennedy Ltd,Transportation,Canada,2024-02-29,Conti,Malicious Attachment,4811473,Negotiated,No,37,743278,5579930,11.1
RA-104753,Ward-Thomas,Government,Canada,2022-12-19,Conti,Malicious Attachment,986269,Negotiated,Yes,42,1236471,2612298,8.52
RA-104754,Freeman PLC,Healthcare,India,2025-01-07,Conti,Phishing Email,3925819,Not Paid,No,45,225135,5013990,10.9
RA-104755,Phillips-Dunlap,Energy,France,2024-06-03,REvil,Malicious Attachment,2458327,Paid,No,16,2706920,4424879,7.57
RA-104756,Padilla-Armstrong,Finance,South Africa,2022-03-05,BlackCat,RDP Exploit,1041094,Unknown,No,10,4387737,1394058,6.93
RA-104757,"Anderson, Grant and Mitchell",Manufacturing,Canada,2024-07-29,REvil,Zero-Day Exploit,1281650,Not Paid,No,7,4285551,1456755,6.62
RA-104758,Harrington Ltd,Manufacturing,United States,2024-07-25,DarkSide,Phishing Email,3827937,Negotiated,Yes,4,4090326,3960074,8.52
RA-104759,Rodriguez and Sons,Government,United Kingdom,2024-07-31,DarkSide,Zero-Day Exploit,3378735,Not Paid,No,60,1091839,4195781,13.47
RA-104760,Watson-Morton,Energy,United Kingdom,2025-01-01,LockBit,Zero-Day Exploit,1700821,Paid,No,9,3585496,2412759,6.64
RA-104761,Roberts-Ruiz,Hospitality,Germany,2025-02-21,DarkSide,Credential Theft,4124550,Unknown,No,3,4037230,5211278,8.61
RA-104762,Ruiz-Valenzuela,Hospitality,Japan,2024-09-20,Ryuk,RDP Exploit,2763271,Unknown,Yes,11,1600741,4074169,6.01
RA-104763,Benson Group,Retail,South Africa,2025-07-19,Akira,Credential Theft,4360187,Not Paid,No,20,3036345,4951330,10.4
RA-104764,Luna Inc,Technology,United Kingdom,2023-07-16,Akira,Phishing Email,4775600,Paid,No,10,4423479,5132843,10.7
RA-104765,"Rodriguez, Mitchell and Berry",Hospitality,Australia,2025-07-04,Clop,Zero-Day Exploit,2956971,Negotiated,No,7,2648211,4232135,6.66
RA-104766,Stephens-Maxwell,Manufacturing,Australia,2025-10-12,Conti,RDP Exploit,4563331,Not Paid,Yes,54,4145171,4780652,16.81
RA-104767,"Gross, Huynh and Bush",Government,Canada,2024-08-19,DarkSide,Malicious Attachment,3746073,Unknown,Yes,37,1910355,3905459,11.21
RA-104768,Thomas-Sanders,Energy,India,2024-06-16,Maze,Drive-by Download,3553559,Paid,Yes,48,795071,5365789,11.55
RA-104769,Hale-Blevins,Healthcare,United Kingdom,2021-08-19,DarkSide,Credential Theft,176078,Unknown,No,52,171235,1834220,8.15
RA-104770,"Hernandez, Arnold and Bennett",Energy,United States,2024-09-19,LockBit,Malicious Attachment,4728215,Paid,Yes,23,4377308,6143988,12.56
RA-104771,Robinson LLC,Technology,Germany,2022-10-29,BlackCat,Credential Theft,1911770,Paid,No,33,448111,3755912,7.31
RA-104772,Monroe Ltd,Technology,Japan,2026-01-18,Conti,RDP Exploit,1814974,Unknown,Yes,57,4160360,3575435,14.53
RA-104773,"Kent, Black and Myers",Education,United Kingdom,2024-12-22,Ryuk,Credential Theft,4182018,Unknown,No,19,3228036,5816698,10.26
RA-104774,Chase-Mejia,Retail,Germany,2022-02-03,Hive,Zero-Day Exploit,750311,Not Paid,Yes,5,2918608,1103234,4.42
RA-104775,"Morales, Jackson and Pitts",Finance,Canada,2023-06-30,REvil,Malicious Attachment,2732737,Negotiated,Yes,29,1617551,4279745,8.7
RA-104776,"Todd, Williams and Hernandez",Hospitality,India,2024-04-30,Clop,Drive-by Download,4740246,Negotiated,Yes,25,2266416,5412052,10.76
RA-104777,Crawford-Smith,Education,Brazil,2024-02-07,DarkSide,Drive-by Download,2336644,Paid,No,1,4821027,4334439,7.31
RA-104778,Houston Group,Manufacturing,United States,2023-07-12,DarkSide,Phishing Email,1921951,Negotiated,Yes,43,3473225,3039126,11.85
RA-104779,Ellis-Bishop,Finance,United States,2026-01-09,Conti,Phishing Email,4548582,Unknown,No,10,2932545,4744543,8.98
RA-104780,Barrett LLC,Finance,Canada,2021-09-25,REvil,Drive-by Download,163891,Negotiated,No,31,2979131,1388251,7.79
RA-104781,Kane-Conley,Technology,Brazil,2023-05-30,Ryuk,Phishing Email,652366,Paid,No,40,3424179,2352712,10.08
RA-104782,Oliver-Williams,Finance,United States,2021-04-22,Clop,Zero-Day Exploit,2272585,Negotiated,No,16,2282730,2285667,6.96
RA-104783,Little-Allen,Manufacturing,India,2023-07-18,Ryuk,Malicious Attachment,3180005,Unknown,Yes,45,2551058,4157710,12.48
RA-104784,Mcdonald-Vasquez,Retail,South Africa,2025-01-25,LockBit,Malicious Attachment,1173262,Paid,No,38,3998171,2189253,10.87
RA-104785,Holloway and Sons,Education,Germany,2023-12-01,Conti,Phishing Email,2726481,Negotiated,No,40,176360,4397997,8.9
RA-104786,Miller-Ross,Energy,United States,2025-04-08,Ryuk,Phishing Email,1563762,Unknown,No,8,2605758,3048004,5.37
RA-104787,White-Williams,Government,Canada,2022-03-28,Clop,Credential Theft,3887718,Paid,No,15,106573,4572954,6.24
RA-104788,Perez-Olsen,Hospitality,Germany,2024-12-23,LockBit,Credential Theft,4435738,Unknown,Yes,5,3505371,4758072,8.69
RA-104789,Davis and Sons,Healthcare,India,2022-12-22,Ryuk,Phishing Email,476165,Unknown,Yes,31,935875,2286814,6.06
RA-104790,Chavez-Garcia,Manufacturing,Japan,2022-03-28,LockBit,Malicious Attachment,3641169,Paid,Yes,55,3855839,3772131,15.75
RA-104791,Campbell and Sons,Hospitality,India,2023-08-01,Conti,Phishing Email,4821067,Negotiated,No,41,3936716,5760241,14.91
RA-104792,"Young, Rivera and Page",Healthcare,France,2023-06-27,DarkSide,Malicious Attachment,275779,Unknown,Yes,37,3248524,1697371,9.07
RA-104793,Morgan Group,Healthcare,France,2025-11-03,DarkSide,Credential Theft,1252547,Negotiated,No,10,4288958,1721797,7.04
RA-104794,"Smith, Stewart and Mcguire",Transportation,United Kingdom,2023-07-16,REvil,RDP Exploit,4729340,Unknown,No,35,4265208,6640036,14.24
RA-104795,Werner-Ochoa,Technology,United Kingdom,2024-06-27,DarkSide,Malicious Attachment,3387856,Not Paid,Yes,34,3285989,4525896,11.77
RA-104796,Booker Group,Manufacturing,Canada,2021-01-26,DarkSide,Malicious Attachment,304932,Negotiated,Yes,37,3693390,450832,9.55
RA-104797,Lewis PLC,Energy,United Kingdom,2021-08-25,BlackCat,Phishing Email,1635738,Negotiated,No,55,1812717,2452395,11.7
RA-104798,"Johnson, Dean and Dennis",Transportation,United Kingdom,2023-07-03,Hive,RDP Exploit,4382869,Negotiated,No,5,2323940,4430121,7.46
RA-104799,Williams-Alvarez,Finance,India,2022-09-24,Maze,Phishing Email,1003416,Negotiated,Yes,42,2013163,1955834,9.32
RA-104800,Rogers-Miller,Hospitality,India,2024-09-21,Conti,Zero-Day Exploit,1822105,Paid,Yes,43,887889,2615811,9.16
RA-104801,Smith and Sons,Finance,Germany,2021-08-30,Ryuk,Credential Theft,531256,Paid,Yes,24,891037,1616376,5.02
RA-104802,Wallace-Hurst,Technology,Canada,2022-07-19,REvil,Credential Theft,3696809,Negotiated,Yes,39,404086,4344057,9.95
RA-104803,Anderson-Castro,Manufacturing,South Africa,2025-04-26,Akira,RDP Exploit,2916825,Negotiated,Yes,44,4583056,3062951,14.1
RA-104804,Saunders-Smith,Finance,Japan,2023-10-10,Clop,Zero-Day Exploit,4700310,Paid,Yes,37,781275,6525129,11.03
RA-104805,Sullivan-Peterson,Healthcare,India,2024-07-01,Hive,Phishing Email,4203773,Negotiated,No,55,3573244,5635970,16.03
RA-104806,Todd-Huber,Technology,South Africa,2025-10-28,BlackCat,Zero-Day Exploit,682130,Unknown,Yes,28,3579023,2518931,8.46
RA-104807,"Patton, Hill and Murphy",Energy,United States,2025-09-07,Hive,Phishing Email,2339600,Negotiated,No,11,16530,3207813,4.01
RA-104808,Webb-Gregory,Hospitality,Brazil,2024-02-10,DarkSide,Drive-by Download,1293297,Negotiated,No,18,97820,1837955,4.09
RA-104809,Rice-Clark,Healthcare,Germany,2021-12-28,BlackCat,Malicious Attachment,2394676,Paid,No,1,280965,2888012,2.83
RA-104810,Jackson PLC,Hospitality,India,2021-07-09,Clop,RDP Exploit,3757419,Negotiated,No,23,4945005,4938439,12.15
RA-104811,"Wagner, Hartman and Buchanan",Finance,Japan,2024-07-21,REvil,Credential Theft,3932934,Negotiated,Yes,27,2214427,5296159,10.2
RA-104812,Fleming-Alvarez,Finance,United States,2022-01-06,Clop,Zero-Day Exploit,3049198,Not Paid,Yes,5,4803323,3138677,8.6
RA-104813,Jackson-Marshall,Energy,Brazil,2022-06-22,LockBit,Credential Theft,1128176,Negotiated,No,10,3716812,3066180,6.34
RA-104814,Mullen LLC,Government,Japan,2025-10-08,Maze,Drive-by Download,1392682,Negotiated,No,28,4246028,1764028,9.84
RA-104815,Hansen-Harrell,Education,South Africa,2022-02-11,Conti,Credential Theft,2339194,Paid,Yes,17,4514919,4001413,9.4
RA-104816,"Rose, Rios and Randolph",Technology,Japan,2021-09-05,REvil,Phishing Email,2633566,Negotiated,Yes,42,2842756,3644511,11.78
RA-104817,Peters PLC,Government,United Kingdom,2022-03-08,Conti,Zero-Day Exploit,4582383,Negotiated,Yes,49,3040992,5364998,14.97
RA-104818,Sullivan PLC,Finance,Brazil,2023-10-30,Maze,RDP Exploit,1814491,Negotiated,Yes,40,4152222,2332449,11.97
RA-104819,"Lambert, Gardner and Hurst",Retail,United Kingdom,2024-10-27,BlackCat,Drive-by Download,1853556,Not Paid,No,10,2338508,2355815,5.69
RA-104820,Perez-Park,Technology,Australia,2025-06-22,Ryuk,RDP Exploit,4052950,Paid,No,51,4832818,5920707,16.54
RA-104821,Hernandez-Fritz,Technology,Canada,2022-02-09,Maze,Malicious Attachment,1873066,Paid,No,24,159525,1908894,5.63
RA-104822,Elliott-Williams,Energy,France,2025-05-21,Clop,Credential Theft,4354695,Unknown,Yes,11,2454656,4452077,8.46
RA-104823,"Lee, Allen and Terrell",Education,Japan,2023-01-19,Conti,Drive-by Download,2918354,Unknown,Yes,34,3696837,4498067,11.72
RA-104824,"Craig, Bowman and Ryan",Manufacturing,France,2025-04-19,DarkSide,Drive-by Download,3593423,Not Paid,No,57,1319013,4924705,13.46
RA-104825,Mitchell Group,Transportation,United Kingdom,2021-02-09,Clop,Zero-Day Exploit,4397078,Not Paid,Yes,4,3080315,5145401,8.08
RA-104826,Richardson Inc,Healthcare,South Africa,2024-12-18,BlackCat,Malicious Attachment,698695,Not Paid,Yes,27,3860414,1491510,8.61
RA-104827,"Howard, Bailey and Riley",Government,Canada,2024-07-26,BlackCat,Malicious Attachment,3773472,Unknown,No,48,205246,5409686,11.18
RA-104828,Nichols PLC,Transportation,France,2026-03-10,Ryuk,RDP Exploit,2835886,Unknown,Yes,49,3185502,4630948,13.37
RA-104829,"Boyle, Martinez and Moran",Energy,United States,2022-04-30,Hive,Phishing Email,3692471,Negotiated,Yes,38,4931349,4828908,14.32
RA-104830,"Parks, Brooks and Lawrence",Finance,United Kingdom,2023-11-03,Clop,Drive-by Download,1551113,Not Paid,No,35,4893379,2716133,11.69
RA-104831,Green-Davis,Government,Brazil,2025-06-29,Ryuk,Malicious Attachment,2774037,Negotiated,No,29,3051600,4556209,10.18
RA-104832,"Ware, Meadows and White",Technology,United Kingdom,2021-08-22,Clop,RDP Exploit,1334866,Paid,Yes,41,2748979,3288425,10.23
RA-104833,Pitts PLC,Retail,Canada,2025-05-27,Clop,Credential Theft,2359074,Unknown,Yes,50,3421370,4112061,13.28
RA-104834,Sullivan Inc,Transportation,India,2022-03-06,LockBit,Drive-by Download,4348678,Unknown,Yes,4,3754572,4516324,8.7
RA-104835,Marshall PLC,Technology,France,2024-05-24,Conti,Credential Theft,2211146,Not Paid,Yes,22,622857,2298611,6.13
RA-104836,"Long, Elliott and Harris",Technology,United States,2021-05-25,REvil,Drive-by Download,3202182,Not Paid,No,10,4884070,4294934,9.59
RA-104837,"Walker, Collins and Burns",Finance,United States,2023-11-05,Conti,Zero-Day Exploit,3136107,Not Paid,Yes,45,4155522,4813327,14.04
RA-104838,Huang and Sons,Technology,United Kingdom,2023-01-08,Maze,Drive-by Download,3164182,Paid,No,39,2793967,4540143,11.81
RA-104839,"Bailey, Jackson and Brooks",Manufacturing,United Kingdom,2024-06-10,Hive,Credential Theft,2522274,Paid,No,5,1175942,2981604,4.45
RA-104840,Gonzalez Ltd,Healthcare,Brazil,2025-04-11,BlackCat,Malicious Attachment,265484,Not Paid,Yes,34,575472,467923,5.94
RA-104841,Barnes and Sons,Technology,France,2024-12-12,LockBit,Credential Theft,3362573,Negotiated,No,2,2051003,5008261,5.71
RA-104842,Stewart and Sons,Finance,Germany,2022-06-19,Clop,Zero-Day Exploit,2286660,Unknown,No,14,4093524,2578372,8.48
RA-104843,"Trevino, Ramos and Hinton",Government,South Africa,2025-10-15,Akira,Phishing Email,3500347,Paid,No,14,4689907,5148932,10.29
RA-104844,Nelson Ltd,Government,United States,2022-04-23,Akira,Zero-Day Exploit,4303967,Unknown,No,58,2491843,5778677,15.5
RA-104845,Davis-Walsh,Finance,France,2025-04-29,BlackCat,Credential Theft,3157441,Paid,Yes,33,2193065,3537748,10.3
RA-104846,"Gonzales, Rios and Leonard",Energy,United Kingdom,2025-07-19,Akira,Phishing Email,4414131,Not Paid,Yes,55,3963919,5009810,16.63
RA-104847,Perez-Underwood,Energy,Canada,2021-09-09,Ryuk,Phishing Email,1342891,Not Paid,Yes,25,2993197,2651274,8.09
RA-104848,"Robertson, Donovan and Diaz",Energy,France,2021-09-26,BlackCat,Zero-Day Exploit,1787675,Paid,No,7,1115207,1949018,3.95
RA-104849,Morgan-Sweeney,Manufacturing,France,2021-12-30,Hive,Credential Theft,2055996,Paid,Yes,56,1179170,3101842,11.64
RA-104850,Stone and Sons,Technology,Germany,2023-12-28,LockBit,Malicious Attachment,2668092,Paid,No,40,1398961,2728792,10.07
RA-104851,Weaver and Sons,Technology,South Africa,2022-12-06,Hive,Credential Theft,1097936,Paid,Yes,56,3804566,1459134,13.3
RA-104852,Hebert Ltd,Healthcare,United States,2024-03-23,BlackCat,Zero-Day Exploit,2891725,Not Paid,No,15,812652,4860855,5.95
RA-104853,"Cohen, Scott and Leach",Government,France,2021-05-12,LockBit,Phishing Email,1896652,Not Paid,No,26,1425300,2234019,7.22
RA-104854,Williams-Dunlap,Transportation,South Africa,2021-03-07,Akira,Malicious Attachment,1486654,Paid,Yes,2,4745411,2865410,6.53
RA-104855,Frazier Group,Government,India,2025-11-08,LockBit,Zero-Day Exploit,2330730,Unknown,Yes,25,3250817,2513462,9.33
RA-104856,"Foster, Morales and Smith",Retail,Australia,2026-01-06,LockBit,Drive-by Download,4123197,Paid,No,11,304830,5460208,6.08
RA-104857,Blackburn and Sons,Government,Germany,2025-02-15,Maze,Phishing Email,1722125,Paid,No,45,2943081,2211723,11.42
RA-104858,Villanueva-Wright,Finance,United States,2024-12-25,REvil,Credential Theft,1577810,Negotiated,No,27,1107788,2270346,6.74
RA-104859,Heath-Lane,Manufacturing,South Africa,2021-09-02,Maze,Phishing Email,4076407,Not Paid,Yes,16,297858,5928725,6.77
RA-104860,Vincent-Miller,Energy,Germany,2024-09-08,LockBit,Credential Theft,1058402,Not Paid,No,2,4963489,1898467,6.32
RA-104861,Lucas-Williams,Government,Australia,2021-01-01,Akira,Drive-by Download,4012731,Unknown,No,20,783289,5360137,7.8
RA-104862,"Graham, Barnes and Madden",Government,India,2022-11-23,Conti,Drive-by Download,2008699,Negotiated,No,16,4726786,2123321,9.14
RA-104863,Mathis Ltd,Manufacturing,France,2022-07-24,LockBit,Drive-by Download,1687860,Paid,Yes,15,848852,2931077,4.79
RA-104864,Smith Inc,Education,India,2025-06-17,DarkSide,Malicious Attachment,4640717,Paid,Yes,20,855500,5472482,8.5
RA-104865,Cruz PLC,Finance,Canada,2024-12-31,Ryuk,Malicious Attachment,2606140,Paid,Yes,28,4358108,3121906,11.16
RA-104866,"Day, Wright and Pierce",Manufacturing,France,2022-04-07,REvil,Zero-Day Exploit,4849801,Negotiated,Yes,17,3105297,6678550,10.51
RA-104867,Duncan-Edwards,Hospitality,United States,2021-05-01,Clop,RDP Exploit,824403,Not Paid,Yes,33,885524,2434062,6.66
RA-104868,Hernandez Inc,Transportation,France,2021-07-14,Akira,Phishing Email,3153263,Unknown,Yes,23,882251,4421652,7.49
RA-104869,White Inc,Manufacturing,United States,2025-09-23,DarkSide,Malicious Attachment,4986448,Paid,Yes,8,4082029,6602105,10.27
RA-104870,"Turner, Gomez and Williams",Healthcare,Canada,2023-03-10,Ryuk,Phishing Email,3876148,Unknown,Yes,31,2972347,5568931,11.5
RA-104871,Key-Martinez,Retail,Germany,2024-09-17,Akira,Drive-by Download,1224427,Unknown,No,44,4321931,2549959,12.15
RA-104872,Griffith Inc,Energy,United Kingdom,2023-05-21,LockBit,RDP Exploit,4517494,Paid,No,57,4681769,6271537,17.75
RA-104873,Thornton Group,Healthcare,Germany,2025-09-28,Ryuk,Drive-by Download,4666631,Negotiated,Yes,32,673980,6542606,10.14
RA-104874,"Kline, Barnes and Fowler",Retail,Canada,2022-08-06,Clop,Drive-by Download,4097687,Unknown,Yes,25,2477710,4293048,10.33
RA-104875,"Obrien, Logan and Foster",Retail,Australia,2024-11-06,Conti,Phishing Email,4887533,Negotiated,No,60,3672962,6863952,17.56
RA-104876,Gross-Benton,Healthcare,United States,2024-04-03,Clop,Drive-by Download,3093709,Paid,No,23,128660,4277973,6.67
RA-104877,Curtis Group,Government,Australia,2025-01-12,Ryuk,Malicious Attachment,4893345,Not Paid,No,23,2558710,5889994,10.9
RA-104878,Thomas Ltd,Technology,South Africa,2024-11-09,LockBit,Credential Theft,1171000,Paid,Yes,38,2132536,1606991,9.0
RA-104879,"Jenkins, Mayer and Phillips",Retail,India,2022-06-19,REvil,Zero-Day Exploit,2717889,Paid,Yes,4,4374899,2972055,7.69
RA-104880,Pitts-Kidd,Retail,South Africa,2025-09-09,DarkSide,Phishing Email,1666871,Unknown,Yes,27,50688,2598968,5.77
RA-104881,Santos-Schmidt,Manufacturing,Germany,2021-12-09,BlackCat,RDP Exploit,1460092,Negotiated,Yes,24,1424483,2173950,6.48
RA-104882,Leach-Herrera,Healthcare,Japan,2023-07-11,Maze,Malicious Attachment,3538798,Paid,No,12,1566332,4693821,6.91
RA-104883,"Hernandez, Nielsen and Thomas",Technology,Germany,2023-01-28,DarkSide,Credential Theft,2235559,Paid,No,44,265014,2447335,9.1
RA-104884,Blair and Sons,Transportation,South Africa,2025-04-29,DarkSide,RDP Exploit,4613405,Not Paid,Yes,18,4651310,4968854,11.96
RA-104885,May PLC,Transportation,United Kingdom,2025-03-27,Akira,Zero-Day Exploit,3411641,Negotiated,No,40,866834,3476796,10.28
RA-104886,House-Cooley,Technology,Canada,2021-08-12,Ryuk,Malicious Attachment,1151034,Unknown,No,52,511023,2799834,9.46
RA-104887,Fletcher Ltd,Manufacturing,India,2023-02-10,Clop,Malicious Attachment,2183634,Paid,No,30,4655808,3906159,11.34
RA-104888,Freeman Inc,Retail,Germany,2026-03-03,Akira,Credential Theft,2966107,Not Paid,No,4,652384,4336678,4.22
RA-104889,"Myers, Walker and Lopez",Education,France,2023-08-18,Ryuk,Phishing Email,135976,Paid,Yes,57,4866524,1360125,13.55
RA-104890,Washington Group,Finance,Canada,2023-12-03,Conti,Credential Theft,2893628,Not Paid,No,41,2809837,4507341,11.85
RA-104891,"Pena, Griffith and Romero",Education,France,2024-10-31,Ryuk,Malicious Attachment,2803129,Paid,Yes,10,94108,3329269,4.4
RA-104892,Cameron-Roberts,Manufacturing,United Kingdom,2025-10-30,Hive,RDP Exploit,4726092,Paid,No,51,4438483,4810170,16.81
RA-104893,Williams-Perry,Healthcare,France,2022-02-03,Conti,Phishing Email,131776,Not Paid,No,28,4102013,601710,8.43
RA-104894,Cunningham-Luna,Energy,Brazil,2021-02-08,Ryuk,Credential Theft,882477,Not Paid,Yes,48,3613626,2229089,11.7
RA-104895,Johnston-Peters,Healthcare,Brazil,2024-04-06,BlackCat,Credential Theft,1036959,Unknown,Yes,48,145876,1735625,8.38
RA-104896,Hall Group,Retail,Australia,2024-05-17,REvil,Phishing Email,2974529,Unknown,Yes,32,2459953,4895660,10.23
RA-104897,Perkins-Bush,Technology,Brazil,2025-12-27,Conti,Credential Theft,2600480,Negotiated,Yes,16,4276903,3563840,9.28
RA-104898,"Smith, Robertson and Acosta",Energy,India,2021-08-27,Akira,Malicious Attachment,2667779,Unknown,Yes,48,3126185,3544220,12.99
RA-104899,"Miller, Foster and Nichols",Education,Brazil,2024-02-28,Conti,RDP Exploit,3168622,Negotiated,Yes,12,3430514,3653796,8.4
RA-104900,"Duncan, Lin and Cox",Healthcare,Australia,2023-09-29,Ryuk,Zero-Day Exploit,364790,Negotiated,Yes,13,661512,1572211,2.98
RA-104901,"Powell, Pham and Erickson",Government,United States,2026-03-08,DarkSide,Zero-Day Exploit,2232674,Not Paid,Yes,5,1959456,2888997,4.94
RA-104902,Randall-Riggs,Transportation,South Africa,2024-03-28,Ryuk,Phishing Email,4258149,Negotiated,Yes,29,3226780,5968225,11.83
RA-104903,"Schwartz, Chen and Conley",Retail,United Kingdom,2024-04-09,Conti,Zero-Day Exploit,871328,Not Paid,No,31,62459,1217171,5.58
RA-104904,"Hall, Campbell and Ramsey",Healthcare,South Africa,2022-05-28,Conti,Phishing Email,1808725,Negotiated,Yes,30,2092082,2938840,8.4
RA-104905,"White, Woodard and Mills",Energy,South Africa,2022-08-12,Ryuk,Drive-by Download,634740,Not Paid,No,13,2889624,2447216,5.47
RA-104906,"Vasquez, Gutierrez and Burns",Technology,United Kingdom,2021-09-12,LockBit,Zero-Day Exploit,553443,Not Paid,No,7,2407212,1530788,4.01
RA-104907,"Lewis, Zhang and Shields",Manufacturing,Canada,2023-08-03,BlackCat,Malicious Attachment,4523755,Negotiated,No,31,1920721,6070937,11.09
RA-104908,"Beck, Austin and Fuller",Government,South Africa,2025-06-14,BlackCat,Zero-Day Exploit,3507739,Negotiated,Yes,56,2561300,4465786,14.47
RA-104909,Hicks-Armstrong,Healthcare,United States,2023-04-09,Hive,Drive-by Download,3380773,Negotiated,Yes,15,3971423,4726843,9.6
RA-104910,Taylor-Johnson,Transportation,Australia,2024-01-29,DarkSide,Credential Theft,1635278,Paid,No,3,1045114,2270676,3.13
RA-104911,Ryan Group,Healthcare,Canada,2023-02-04,BlackCat,Credential Theft,3642042,Paid,Yes,1,4354477,4762515,8.15
RA-104912,Wolf PLC,Transportation,United Kingdom,2022-07-31,Ryuk,Phishing Email,2390156,Unknown,Yes,26,1548496,3565641,7.84
RA-104913,"Poole, Turner and Love",Government,India,2022-06-22,Conti,Phishing Email,3171978,Negotiated,Yes,3,4572794,4141449,8.19
RA-104914,Chavez-Patterson,Energy,United Kingdom,2024-11-13,Clop,Credential Theft,790918,Not Paid,Yes,34,716355,1199345,6.61
RA-104915,"Jennings, Dawson and Garcia",Transportation,Germany,2022-09-18,REvil,Credential Theft,2851782,Paid,Yes,1,1922843,2868671,4.92
RA-104916,Hunter-Green,Hospitality,United Kingdom,2023-04-03,DarkSide,RDP Exploit,2406057,Unknown,Yes,32,3459722,2950981,10.67
RA-104917,"Reed, Green and Sellers",Education,United Kingdom,2022-02-21,DarkSide,Drive-by Download,1966810,Paid,Yes,60,3985223,3337810,14.95
RA-104918,Bauer Group,Hospitality,United Kingdom,2023-01-16,Maze,Drive-by Download,2902050,Not Paid,Yes,58,1741095,4294413,13.34
RA-104919,Mahoney and Sons,Finance,India,2021-12-25,LockBit,Drive-by Download,746323,Not Paid,Yes,13,3334783,1776969,6.03
RA-104920,"Hernandez, Moreno and Hoover",Transportation,Brazil,2023-10-29,Ryuk,Phishing Email,2613089,Not Paid,No,5,3972616,4215301,7.34
RA-104921,Johnson and Sons,Retail,France,2022-09-27,Hive,Phishing Email,125554,Paid,No,31,1341137,1003014,6.12
RA-104922,"Evans, Evans and Lewis",Technology,Brazil,2024-11-24,Hive,Phishing Email,259024,Not Paid,Yes,16,4929750,453733,7.59
RA-104923,"Blankenship, Downs and Wiley",Hospitality,Germany,2023-06-29,LockBit,Credential Theft,1862185,Not Paid,Yes,39,4530340,2562012,12.24
RA-104924,Wu-Fields,Retail,India,2025-06-01,Akira,Malicious Attachment,3763418,Not Paid,No,42,4336108,3975595,14.4
RA-104925,Carroll LLC,Education,Germany,2022-05-17,Clop,Phishing Email,3542844,Unknown,Yes,38,4333509,5081921,13.58
RA-104926,"Clark, Woods and Torres",Finance,South Africa,2024-07-19,Maze,Zero-Day Exploit,2525878,Not Paid,Yes,53,4292378,3404778,14.77
RA-104927,Bright-Tucker,Finance,Japan,2021-04-17,REvil,Zero-Day Exploit,3266514,Unknown,Yes,32,4635146,3338083,12.7
RA-104928,Black-Brown,Education,France,2021-06-23,LockBit,Malicious Attachment,2328229,Negotiated,No,46,649882,4118210,9.88
RA-104929,Sanchez Group,Technology,United Kingdom,2021-08-04,REvil,Credential Theft,1334271,Unknown,No,3,4713165,1766943,6.5
RA-104930,Fisher-Clark,Energy,France,2023-10-29,Hive,Zero-Day Exploit,2770945,Paid,No,26,1558866,3229875,8.23
RA-104931,Hughes LLC,Energy,Brazil,2026-03-13,Ryuk,Phishing Email,1861946,Unknown,Yes,52,1090065,3544974,10.75
RA-104932,Gill PLC,Government,India,2024-06-05,Hive,Credential Theft,2788548,Paid,No,41,555991,4278922,9.49
RA-104933,Torres-Carter,Technology,Japan,2023-01-07,Hive,Malicious Attachment,3985542,Not Paid,No,19,624657,5459433,7.46
RA-104934,Hunter LLC,Manufacturing,India,2023-04-09,BlackCat,Credential Theft,2049164,Negotiated,No,44,2068647,3056626,10.72
RA-104935,"Walls, Roach and Allison",Energy,France,2022-03-30,Maze,Credential Theft,2879388,Not Paid,No,31,3799188,3899501,11.33
RA-104936,Stephens-Oliver,Transportation,France,2022-11-26,Conti,Zero-Day Exploit,4242098,Negotiated,No,15,3472971,4406680,9.97
RA-104937,"Bailey, Rice and Stout",Hospitality,India,2024-01-14,LockBit,Malicious Attachment,4749353,Not Paid,No,58,1394258,5158040,14.84
RA-104938,Gonzales LLC,Technology,Brazil,2022-07-01,LockBit,RDP Exploit,2726216,Paid,No,1,1530308,3473170,4.41
RA-104939,"Rhodes, Craig and Flynn",Hospitality,France,2025-07-22,Hive,Phishing Email,4342213,Unknown,Yes,12,2792386,6007878,8.93
RA-104940,Brown LLC,Technology,Germany,2025-01-21,Clop,Credential Theft,33250,Negotiated,Yes,15,3675639,1554811,5.96
RA-104941,"Smith, Hernandez and Oconnell",Government,Brazil,2022-04-02,REvil,Phishing Email,4265810,Not Paid,No,53,259723,4913386,12.48
RA-104942,"James, Zimmerman and James",Technology,Australia,2024-06-05,Maze,Phishing Email,4609699,Paid,No,1,4299324,6153033,9.06
RA-104943,Whitaker-Gonzalez,Healthcare,Brazil,2025-05-10,Hive,RDP Exploit,857897,Not Paid,Yes,40,4979469,1837867,11.84
RA-104944,Gardner-Jenkins,Education,Brazil,2022-04-27,Maze,Credential Theft,1077945,Negotiated,Yes,40,2550156,1155638,9.63
RA-104945,"Hodges, Adams and Brooks",Energy,Australia,2023-01-06,Maze,Malicious Attachment,364085,Unknown,No,5,3385188,1157329,4.5
RA-104946,Salinas-Jones,Finance,United States,2023-12-04,DarkSide,Drive-by Download,3176117,Paid,No,14,1245484,4350548,6.52
RA-104947,"York, Aguirre and Lee",Energy,Germany,2023-03-19,Hive,Drive-by Download,502601,Negotiated,Yes,56,2830281,1172251,11.73
RA-104948,Steele Ltd,Healthcare,India,2021-04-15,Ryuk,Phishing Email,4805333,Unknown,Yes,26,55712,6448618,8.76
RA-104949,Fisher-Rosales,Technology,India,2024-09-13,LockBit,Drive-by Download,2881223,Not Paid,No,13,665202,3815029,5.5
RA-104950,Proctor Group,Hospitality,South Africa,2022-08-21,Hive,Phishing Email,3146745,Negotiated,Yes,25,3884214,4629743,10.78
RA-104951,Irwin Ltd,Energy,Australia,2022-04-17,Maze,Malicious Attachment,3251947,Unknown,Yes,56,3787974,3950107,15.44
RA-104952,Parker-Pacheco,Education,India,2023-02-27,LockBit,Malicious Attachment,4674052,Not Paid,Yes,13,2250946,6308971,8.87
RA-104953,Ayers Inc,Retail,Japan,2025-11-19,Akira,Zero-Day Exploit,4408103,Unknown,No,35,1320477,6122817,10.98
RA-104954,Zavala-Mejia,Energy,Australia,2025-01-26,Hive,Credential Theft,425932,Paid,No,35,967432,1513644,6.64
RA-104955,Silva LLC,Technology,Germany,2021-08-10,REvil,Credential Theft,2430365,Unknown,No,41,164944,2845037,8.75
RA-104956,Frey-Adams,Hospitality,Germany,2022-11-15,DarkSide,Credential Theft,888304,Paid,Yes,9,3274526,1151933,5.51
RA-104957,Green-Dominguez,Retail,Canada,2021-11-20,Conti,Phishing Email,1752245,Not Paid,Yes,57,184816,3021921,10.49
RA-104958,Murphy-Hoffman,Energy,Japan,2025-06-09,Akira,Credential Theft,1660051,Paid,Yes,18,2714167,2362863,7.07
RA-104959,Maynard Ltd,Transportation,Brazil,2023-09-01,Clop,RDP Exploit,1561412,Paid,No,22,3364563,2383768,8.23
RA-104960,Cooper-Johnson,Transportation,Germany,2024-08-05,DarkSide,Drive-by Download,1764429,Paid,No,27,2923177,2711321,8.74
RA-104961,Mathews-Knapp,Technology,Brazil,2021-08-12,DarkSide,Zero-Day Exploit,446291,Unknown,No,19,830937,951519,4.13
RA-104962,"Harris, Gardner and Garrison",Government,United Kingdom,2024-05-26,Clop,Malicious Attachment,3035561,Unknown,No,52,4865581,4422189,15.7
RA-104963,Smith Inc,Energy,Australia,2022-03-23,Maze,Zero-Day Exploit,3930151,Paid,Yes,6,4943954,4824469,9.77
RA-104964,Andrews PLC,Healthcare,United Kingdom,2021-03-03,Hive,Drive-by Download,2569723,Negotiated,No,22,2214458,3984848,8.08
RA-104965,Hull-Mack,Technology,Japan,2022-02-21,DarkSide,Zero-Day Exploit,4701091,Negotiated,Yes,60,4431985,5001016,18.13
RA-104966,"Miller, Mcpherson and White",Transportation,France,2022-04-28,Ryuk,Credential Theft,3265256,Unknown,Yes,25,4084549,3840514,11.1
RA-104967,"Yang, Martinez and Cobb",Hospitality,South Africa,2023-11-30,REvil,Phishing Email,4022549,Not Paid,No,34,3555832,4518973,12.68
RA-104968,Taylor-Griffin,Healthcare,Canada,2024-04-11,REvil,Malicious Attachment,325199,Unknown,No,48,2393389,1614262,9.92
RA-104969,Smith Group,Manufacturing,Canada,2022-01-17,REvil,Malicious Attachment,3847330,Not Paid,No,4,3797885,4146123,8.25
RA-104970,Taylor-Kane,Manufacturing,Canada,2024-02-23,DarkSide,Drive-by Download,3460811,Not Paid,No,5,511070,4732393,4.72
RA-104971,Munoz-Miller,Hospitality,Germany,2022-07-22,Akira,Phishing Email,464805,Negotiated,No,30,2664370,664318,7.63
RA-104972,Cameron Ltd,Education,France,2025-06-22,LockBit,RDP Exploit,66162,Negotiated,No,16,3765192,1221497,6.23
RA-104973,Richards-Thornton,Manufacturing,France,2023-12-08,DarkSide,Zero-Day Exploit,970944,Unknown,Yes,44,156154,2154990,7.73
RA-104974,"Hudson, Pierce and Pham",Government,Japan,2025-12-30,Akira,RDP Exploit,3945061,Not Paid,No,23,246750,4178013,7.64
RA-104975,"Howard, Chen and Simmons",Retail,India,2023-03-18,Conti,Phishing Email,3795393,Unknown,No,54,4011059,5255810,15.91
RA-104976,"Brown, Rosales and Lawrence",Technology,Brazil,2021-05-18,Hive,Zero-Day Exploit,4356789,Paid,No,26,1520922,5218927,9.78
RA-104977,Jones-Graham,Transportation,India,2026-01-22,Conti,Credential Theft,1954784,Paid,Yes,51,1899808,3570371,11.5
RA-104978,Jones-Smith,Retail,Japan,2021-01-22,Hive,Zero-Day Exploit,1664963,Negotiated,Yes,10,3440055,1947227,6.61
RA-104979,Robinson PLC,Retail,Japan,2024-06-03,DarkSide,Zero-Day Exploit,2126182,Paid,No,26,3326241,2904300,9.35
RA-104980,"Lyons, Smith and Fitzpatrick",Government,Canada,2022-04-06,Akira,Drive-by Download,3311347,Negotiated,No,20,2256838,5005068,8.57
RA-104981,Cooper LLC,Education,United States,2021-07-31,Hive,Drive-by Download,1111927,Paid,Yes,7,3901452,1919454,6.06
RA-104982,Jones-Erickson,Government,Canada,2024-12-05,Hive,RDP Exploit,1486708,Paid,Yes,56,4454763,2788014,14.34
RA-104983,Lee-Rice,Government,India,2025-06-06,Maze,Phishing Email,4947745,Negotiated,No,11,157632,5702968,6.76
RA-104984,"Oconnell, Williamson and Hogan",Healthcare,United States,2023-03-29,BlackCat,Credential Theft,4405969,Not Paid,Yes,28,3512964,5671467,12.12
RA-104985,"Johnson, Medina and Wilson",Retail,United States,2022-01-21,REvil,Phishing Email,755562,Negotiated,No,51,2652049,1044552,11.06
RA-104986,"Strickland, Leonard and Clarke",Education,Brazil,2022-11-01,Ryuk,Credential Theft,4316990,Unknown,Yes,45,2238943,5784910,13.31
RA-104987,Parks LLC,Hospitality,Germany,2024-08-27,Conti,RDP Exploit,1469266,Not Paid,No,31,3767131,3186709,9.89
RA-104988,"Turner, Ortiz and Pearson",Finance,France,2023-06-12,REvil,Malicious Attachment,2611449,Negotiated,No,58,1297718,2663231,12.61
RA-104989,"Smith, Curtis and Kaiser",Education,Japan,2023-03-18,Maze,Phishing Email,3177620,Unknown,No,6,3474402,5009641,7.55
RA-104990,Dixon-Long,Retail,South Africa,2021-05-14,DarkSide,RDP Exploit,121516,Not Paid,No,14,652844,1252726,2.87
RA-104991,Hernandez LLC,Technology,Australia,2023-01-25,Maze,Malicious Attachment,1184048,Unknown,Yes,14,2144495,2524769,5.43
RA-104992,Anderson Group,Technology,Brazil,2021-09-19,Clop,Zero-Day Exploit,521361,Negotiated,No,15,4543731,1119500,7.32
RA-104993,Montoya Ltd,Education,France,2024-10-14,Akira,Phishing Email,439527,Negotiated,Yes,5,4303562,1744837,5.49
RA-104994,"Smith, Watson and Hooper",Retail,United Kingdom,2025-08-22,Maze,Drive-by Download,2806343,Unknown,Yes,14,2849294,4654469,7.76
RA-104995,Carroll Group,Healthcare,Brazil,2025-08-26,Hive,Phishing Email,4475702,Not Paid,No,43,3547107,6176223,14.47
RA-104996,Sexton Inc,Finance,Germany,2024-12-28,REvil,Phishing Email,3818630,Unknown,No,51,2794282,5604526,14.26
RA-104997,Boyle PLC,Manufacturing,France,2024-06-20,Clop,Drive-by Download,744958,Negotiated,Yes,33,2661737,793663,8.36
RA-104998,Murphy and Sons,Retail,India,2025-04-02,Maze,Phishing Email,2905507,Not Paid,Yes,43,2644759,4527886,12.0
RA-104999,"White, Hall and Huber",Finance,Japan,2023-04-03,Maze,Credential Theft,198639,Unknown,Yes,43,3613552,436493,10.26
